# This file uses centimeters as units for non-parametric coordinates.

mtllib lighthouseLow.mtl
g default
v -1.141409 6.419635 0.309296
v -1.144057 6.419635 0.304098
v -1.148182 6.419635 0.299973
v -1.153380 6.419635 0.297325
v -1.159141 6.419635 0.296412
v -1.164903 6.419635 0.297325
v -1.170101 6.419635 0.299973
v -1.174226 6.419635 0.304098
v -1.176874 6.419635 0.309296
v -1.177787 6.419635 0.315057
v -1.176874 6.419635 0.320819
v -1.174226 6.419635 0.326017
v -1.170101 6.419635 0.330142
v -1.164903 6.419635 0.332790
v -1.159141 6.419635 0.333703
v -1.153380 6.419635 0.332790
v -1.148182 6.419635 0.330142
v -1.144057 6.419635 0.326017
v -1.141409 6.419635 0.320819
v -1.140496 6.419635 0.315057
v -1.141409 6.612832 0.309296
v -1.144057 6.612832 0.304098
v -1.148182 6.612832 0.299973
v -1.153380 6.612832 0.297325
v -1.159141 6.612832 0.296412
v -1.164903 6.612832 0.297325
v -1.170101 6.612832 0.299973
v -1.174226 6.612832 0.304098
v -1.176874 6.612832 0.309296
v -1.177787 6.612832 0.315057
v -1.176874 6.612832 0.320819
v -1.174226 6.612832 0.326017
v -1.170101 6.612832 0.330142
v -1.164903 6.612832 0.332790
v -1.159141 6.612832 0.333703
v -1.153380 6.612832 0.332790
v -1.148182 6.612832 0.330142
v -1.144057 6.612832 0.326017
v -1.141409 6.612832 0.320819
v -1.140496 6.612832 0.315057
v -1.159141 6.419635 0.315057
v -1.159141 6.612832 0.315057
vt 0.832951 0.497201
vt 0.829588 0.490601
vt 0.824350 0.485363
vt 0.817750 0.482000
vt 0.810434 0.480841
vt 0.803117 0.482000
vt 0.796517 0.485363
vt 0.791279 0.490601
vt 0.787916 0.497201
vt 0.786757 0.504517
vt 0.787916 0.511834
vt 0.791279 0.518434
vt 0.796517 0.523672
vt 0.803117 0.527035
vt 0.810434 0.528194
vt 0.817750 0.527035
vt 0.824350 0.523672
vt 0.829588 0.518434
vt 0.832951 0.511834
vt 0.834110 0.504517
vt 0.791492 0.528194
vt 0.793386 0.528194
vt 0.795281 0.528194
vt 0.797175 0.528194
vt 0.799069 0.528194
vt 0.800963 0.528194
vt 0.802857 0.528194
vt 0.804751 0.528194
vt 0.806645 0.528194
vt 0.808539 0.528194
vt 0.810434 0.528194
vt 0.812328 0.528194
vt 0.814222 0.528194
vt 0.816116 0.528194
vt 0.818010 0.528194
vt 0.819904 0.528194
vt 0.821798 0.528194
vt 0.823692 0.528194
vt 0.825586 0.528194
vt 0.827481 0.528194
vt 0.829375 0.528194
vt 0.791492 0.585017
vt 0.793386 0.585017
vt 0.795281 0.585017
vt 0.797175 0.585017
vt 0.799069 0.585017
vt 0.800963 0.585017
vt 0.802857 0.585017
vt 0.804751 0.585017
vt 0.806645 0.585017
vt 0.808539 0.585017
vt 0.810434 0.585017
vt 0.812328 0.585017
vt 0.814222 0.585017
vt 0.816116 0.585017
vt 0.818010 0.585017
vt 0.819904 0.585017
vt 0.821798 0.585017
vt 0.823692 0.585017
vt 0.825586 0.585017
vt 0.827481 0.585017
vt 0.829375 0.585017
vt 0.832951 0.601377
vt 0.829588 0.594777
vt 0.824350 0.589539
vt 0.817750 0.586176
vt 0.810434 0.585017
vt 0.803117 0.586176
vt 0.796517 0.589539
vt 0.791279 0.594777
vt 0.787916 0.601377
vt 0.786757 0.608694
vt 0.787916 0.616010
vt 0.791279 0.622611
vt 0.796517 0.627849
vt 0.803117 0.631212
vt 0.810434 0.632370
vt 0.817750 0.631212
vt 0.824350 0.627849
vt 0.829588 0.622611
vt 0.832951 0.616010
vt 0.834110 0.608694
vt 0.810434 0.504517
vt 0.810434 0.608694
vn 0.951057 0.000000 -0.309016
vn 0.809017 0.000000 -0.587785
vn 0.809017 0.000000 -0.587785
vn 0.951057 0.000000 -0.309016
vn 0.587785 0.000000 -0.809017
vn 0.587785 0.000000 -0.809017
vn 0.309017 0.000000 -0.951057
vn 0.309017 0.000000 -0.951057
vn -0.000000 0.000000 -1.000000
vn -0.000000 0.000000 -1.000000
vn -0.309017 0.000000 -0.951056
vn -0.309017 0.000000 -0.951056
vn -0.587785 0.000000 -0.809017
vn -0.587785 0.000000 -0.809017
vn -0.809017 0.000000 -0.587785
vn -0.809017 0.000000 -0.587785
vn -0.951057 0.000000 -0.309017
vn -0.951057 0.000000 -0.309017
vn -1.000000 0.000000 0.000000
vn -1.000000 0.000000 0.000000
vn -0.951056 0.000000 0.309017
vn -0.951056 0.000000 0.309017
vn -0.809017 0.000000 0.587785
vn -0.809017 0.000000 0.587785
vn -0.587785 0.000000 0.809017
vn -0.587785 0.000000 0.809017
vn -0.309017 0.000000 0.951057
vn -0.309017 0.000000 0.951057
vn 0.000000 0.000000 1.000000
vn 0.000000 0.000000 1.000000
vn 0.309017 0.000000 0.951056
vn 0.309017 0.000000 0.951056
vn 0.587785 0.000000 0.809017
vn 0.587785 0.000000 0.809017
vn 0.809017 0.000000 0.587785
vn 0.809017 0.000000 0.587785
vn 0.951057 0.000000 0.309017
vn 0.951057 0.000000 0.309017
vn 1.000000 0.000000 0.000001
vn 1.000000 0.000000 0.000001
vn 0.000000 -1.000000 0.000000
vn 0.000000 -1.000000 0.000000
vn 0.000000 -1.000000 0.000000
vn 0.000000 -1.000000 0.000000
vn 0.000000 -1.000000 0.000000
vn 0.000000 -1.000000 0.000000
vn 0.000000 -1.000000 0.000000
vn 0.000000 -1.000000 0.000000
vn 0.000000 -1.000000 0.000000
vn 0.000000 -1.000000 0.000000
vn 0.000000 -1.000000 0.000000
vn 0.000000 -1.000000 0.000000
vn 0.000000 -1.000000 0.000000
vn 0.000000 -1.000000 0.000000
vn 0.000000 -1.000000 0.000000
vn 0.000000 -1.000000 0.000000
vn 0.000000 -1.000000 0.000000
vn 0.000000 -1.000000 0.000000
vn 0.000000 -1.000000 0.000000
vn 0.000000 -1.000000 0.000000
vn 0.000000 -1.000000 0.000000
vn 0.000000 1.000000 0.000000
vn 0.000000 1.000000 0.000000
vn 0.000000 1.000000 0.000000
vn 0.000000 1.000000 0.000000
vn 0.000000 1.000000 0.000000
vn 0.000000 1.000000 0.000000
vn 0.000000 1.000000 0.000000
vn 0.000000 1.000000 0.000000
vn 0.000000 1.000000 0.000000
vn 0.000000 1.000000 0.000000
vn 0.000000 1.000000 0.000000
vn 0.000000 1.000000 0.000000
vn 0.000000 1.000000 0.000000
vn 0.000000 1.000000 0.000000
vn 0.000000 1.000000 0.000000
vn 0.000000 1.000000 0.000000
vn 0.000000 1.000000 0.000000
vn 0.000000 1.000000 0.000000
vn 0.000000 1.000000 0.000000
vn 0.000000 1.000000 0.000000
vn 0.000000 1.000000 0.000000
s 1
g pCylinder9 lighthouse1
usemtl initialShadingGroup
f 1/21/1 2/22/2 22/43/3 21/42/4
f 2/22/2 3/23/5 23/44/6 22/43/3
f 3/23/5 4/24/7 24/45/8 23/44/6
f 4/24/7 5/25/9 25/46/10 24/45/8
f 5/25/9 6/26/11 26/47/12 25/46/10
f 6/26/11 7/27/13 27/48/14 26/47/12
f 7/27/13 8/28/15 28/49/16 27/48/14
f 8/28/15 9/29/17 29/50/18 28/49/16
f 9/29/17 10/30/19 30/51/20 29/50/18
f 10/30/19 11/31/21 31/52/22 30/51/20
f 11/31/21 12/32/23 32/53/24 31/52/22
f 12/32/23 13/33/25 33/54/26 32/53/24
f 13/33/25 14/34/27 34/55/28 33/54/26
f 14/34/27 15/35/29 35/56/30 34/55/28
f 15/35/29 16/36/31 36/57/32 35/56/30
f 16/36/31 17/37/33 37/58/34 36/57/32
f 17/37/33 18/38/35 38/59/36 37/58/34
f 18/38/35 19/39/37 39/60/38 38/59/36
f 19/39/37 20/40/39 40/61/40 39/60/38
f 20/40/39 1/41/1 21/62/4 40/61/40
s 2
f 2/2/41 1/1/42 41/83/43
f 3/3/44 2/2/41 41/83/43
f 4/4/45 3/3/44 41/83/43
f 5/5/46 4/4/45 41/83/43
f 6/6/47 5/5/46 41/83/43
f 7/7/48 6/6/47 41/83/43
f 8/8/49 7/7/48 41/83/43
f 9/9/50 8/8/49 41/83/43
f 10/10/51 9/9/50 41/83/43
f 11/11/52 10/10/51 41/83/43
f 12/12/53 11/11/52 41/83/43
f 13/13/54 12/12/53 41/83/43
f 14/14/55 13/13/54 41/83/43
f 15/15/56 14/14/55 41/83/43
f 16/16/57 15/15/56 41/83/43
f 17/17/58 16/16/57 41/83/43
f 18/18/59 17/17/58 41/83/43
f 19/19/60 18/18/59 41/83/43
f 20/20/61 19/19/60 41/83/43
f 1/1/42 20/20/61 41/83/43
s 3
f 21/81/62 22/80/63 42/84/64
f 22/80/63 23/79/65 42/84/64
f 23/79/65 24/78/66 42/84/64
f 24/78/66 25/77/67 42/84/64
f 25/77/67 26/76/68 42/84/64
f 26/76/68 27/75/69 42/84/64
f 27/75/69 28/74/70 42/84/64
f 28/74/70 29/73/71 42/84/64
f 29/73/71 30/72/72 42/84/64
f 30/72/72 31/71/73 42/84/64
f 31/71/73 32/70/74 42/84/64
f 32/70/74 33/69/75 42/84/64
f 33/69/75 34/68/76 42/84/64
f 34/68/76 35/67/77 42/84/64
f 35/67/77 36/66/78 42/84/64
f 36/66/78 37/65/79 42/84/64
f 37/65/79 38/64/80 42/84/64
f 38/64/80 39/63/81 42/84/64
f 39/63/81 40/82/82 42/84/64
f 40/82/82 21/81/62 42/84/64
g default
v -0.940304 6.419635 -0.749724
v -0.942953 6.419635 -0.754922
v -0.947078 6.419635 -0.759047
v -0.952275 6.419635 -0.761695
v -0.958037 6.419635 -0.762608
v -0.963799 6.419635 -0.761695
v -0.968997 6.419635 -0.759047
v -0.973122 6.419635 -0.754922
v -0.975770 6.419635 -0.749724
v -0.976682 6.419635 -0.743962
v -0.975770 6.419635 -0.738200
v -0.973122 6.419635 -0.733003
v -0.968997 6.419635 -0.728878
v -0.963799 6.419635 -0.726229
v -0.958037 6.419635 -0.725317
v -0.952275 6.419635 -0.726229
v -0.947078 6.419635 -0.728878
v -0.942953 6.419635 -0.733003
v -0.940304 6.419635 -0.738200
v -0.939392 6.419635 -0.743962
v -0.940304 6.612832 -0.749724
v -0.942953 6.612832 -0.754922
v -0.947078 6.612832 -0.759047
v -0.952275 6.612832 -0.761695
v -0.958037 6.612832 -0.762608
v -0.963799 6.612832 -0.761695
v -0.968997 6.612832 -0.759047
v -0.973122 6.612832 -0.754922
v -0.975770 6.612832 -0.749724
v -0.976682 6.612832 -0.743962
v -0.975770 6.612832 -0.738200
v -0.973122 6.612832 -0.733003
v -0.968997 6.612832 -0.728878
v -0.963799 6.612832 -0.726229
v -0.958037 6.612832 -0.725317
v -0.952275 6.612832 -0.726229
v -0.947078 6.612832 -0.728878
v -0.942953 6.612832 -0.733003
v -0.940304 6.612832 -0.738200
v -0.939392 6.612832 -0.743962
v -0.958037 6.419635 -0.743962
v -0.958037 6.612832 -0.743962
vt 0.971400 0.358672
vt 0.964532 0.345193
vt 0.953835 0.334496
vt 0.940356 0.327628
vt 0.925414 0.325261
vt 0.910472 0.327628
vt 0.896993 0.334496
vt 0.886296 0.345193
vt 0.879428 0.358672
vt 0.877061 0.373614
vt 0.879428 0.388556
vt 0.886296 0.402035
vt 0.896993 0.412732
vt 0.910472 0.419600
vt 0.925414 0.421967
vt 0.940356 0.419600
vt 0.953835 0.412732
vt 0.964532 0.402035
vt 0.971400 0.388556
vt 0.973767 0.373614
vt 0.886732 0.421967
vt 0.890600 0.421967
vt 0.894468 0.421967
vt 0.898336 0.421967
vt 0.902205 0.421967
vt 0.906073 0.421967
vt 0.909941 0.421967
vt 0.913809 0.421967
vt 0.917678 0.421967
vt 0.921546 0.421967
vt 0.925414 0.421967
vt 0.929282 0.421967
vt 0.933150 0.421967
vt 0.937019 0.421967
vt 0.940887 0.421967
vt 0.944755 0.421967
vt 0.948623 0.421967
vt 0.952492 0.421967
vt 0.956360 0.421967
vt 0.960228 0.421967
vt 0.964096 0.421967
vt 0.886732 0.538014
vt 0.890600 0.538014
vt 0.894468 0.538014
vt 0.898336 0.538014
vt 0.902205 0.538014
vt 0.906073 0.538014
vt 0.909941 0.538014
vt 0.913809 0.538014
vt 0.917678 0.538014
vt 0.921546 0.538014
vt 0.925414 0.538014
vt 0.929282 0.538014
vt 0.933150 0.538014
vt 0.937019 0.538014
vt 0.940887 0.538014
vt 0.944755 0.538014
vt 0.948623 0.538014
vt 0.952492 0.538014
vt 0.956360 0.538014
vt 0.960228 0.538014
vt 0.964096 0.538014
vt 0.971400 0.571425
vt 0.964532 0.557945
vt 0.953835 0.547248
vt 0.940356 0.540380
vt 0.925414 0.538014
vt 0.910472 0.540380
vt 0.896993 0.547248
vt 0.886296 0.557945
vt 0.879428 0.571425
vt 0.877061 0.586366
vt 0.879428 0.601308
vt 0.886296 0.614788
vt 0.896993 0.625485
vt 0.910472 0.632353
vt 0.925414 0.634719
vt 0.940356 0.632353
vt 0.953835 0.625485
vt 0.964532 0.614788
vt 0.971400 0.601308
vt 0.973767 0.586366
vt 0.925414 0.373614
vt 0.925414 0.586366
vn 0.951057 0.000000 -0.309016
vn 0.809017 0.000000 -0.587785
vn 0.809017 0.000000 -0.587785
vn 0.951057 0.000000 -0.309016
vn 0.587785 0.000000 -0.809017
vn 0.587785 0.000000 -0.809017
vn 0.309017 0.000000 -0.951057
vn 0.309017 0.000000 -0.951057
vn -0.000000 0.000000 -1.000000
vn -0.000000 0.000000 -1.000000
vn -0.309017 0.000000 -0.951056
vn -0.309017 0.000000 -0.951056
vn -0.587785 0.000000 -0.809017
vn -0.587785 0.000000 -0.809017
vn -0.809017 0.000000 -0.587785
vn -0.809017 0.000000 -0.587785
vn -0.951057 0.000000 -0.309017
vn -0.951057 0.000000 -0.309017
vn -1.000000 0.000000 0.000000
vn -1.000000 0.000000 0.000000
vn -0.951056 0.000000 0.309017
vn -0.951056 0.000000 0.309017
vn -0.809017 0.000000 0.587785
vn -0.809017 0.000000 0.587785
vn -0.587785 0.000000 0.809017
vn -0.587785 0.000000 0.809017
vn -0.309017 0.000000 0.951057
vn -0.309017 0.000000 0.951057
vn 0.000000 0.000000 1.000000
vn 0.000000 0.000000 1.000000
vn 0.309017 0.000000 0.951056
vn 0.309017 0.000000 0.951056
vn 0.587785 0.000000 0.809017
vn 0.587785 0.000000 0.809017
vn 0.809017 0.000000 0.587785
vn 0.809017 0.000000 0.587785
vn 0.951057 0.000000 0.309017
vn 0.951057 0.000000 0.309017
vn 1.000000 0.000000 0.000001
vn 1.000000 0.000000 0.000001
vn 0.000000 -1.000000 0.000000
vn 0.000000 -1.000000 0.000000
vn 0.000000 -1.000000 0.000000
vn 0.000000 -1.000000 0.000000
vn 0.000000 -1.000000 0.000000
vn 0.000000 -1.000000 0.000000
vn 0.000000 -1.000000 0.000000
vn 0.000000 -1.000000 0.000000
vn 0.000000 -1.000000 0.000000
vn 0.000000 -1.000000 0.000000
vn 0.000000 -1.000000 0.000000
vn 0.000000 -1.000000 0.000000
vn 0.000000 -1.000000 0.000000
vn 0.000000 -1.000000 0.000000
vn 0.000000 -1.000000 0.000000
vn 0.000000 -1.000000 0.000000
vn 0.000000 -1.000000 0.000000
vn 0.000000 -1.000000 0.000000
vn 0.000000 -1.000000 0.000000
vn 0.000000 -1.000000 0.000000
vn 0.000000 -1.000000 0.000000
vn 0.000000 1.000000 0.000000
vn 0.000000 1.000000 0.000000
vn 0.000000 1.000000 0.000000
vn 0.000000 1.000000 0.000000
vn 0.000000 1.000000 0.000000
vn 0.000000 1.000000 0.000000
vn 0.000000 1.000000 0.000000
vn 0.000000 1.000000 0.000000
vn 0.000000 1.000000 0.000000
vn 0.000000 1.000000 0.000000
vn 0.000000 1.000000 0.000000
vn 0.000000 1.000000 0.000000
vn 0.000000 1.000000 0.000000
vn 0.000000 1.000000 0.000000
vn 0.000000 1.000000 0.000000
vn 0.000000 1.000000 0.000000
vn 0.000000 1.000000 0.000000
vn 0.000000 1.000000 0.000000
vn 0.000000 1.000000 0.000000
vn 0.000000 1.000000 0.000000
vn 0.000000 1.000000 0.000000
s 1
g lighthouse1 pCylinder7
usemtl initialShadingGroup
f 43/105/83 44/106/84 64/127/85 63/126/86
f 44/106/84 45/107/87 65/128/88 64/127/85
f 45/107/87 46/108/89 66/129/90 65/128/88
f 46/108/89 47/109/91 67/130/92 66/129/90
f 47/109/91 48/110/93 68/131/94 67/130/92
f 48/110/93 49/111/95 69/132/96 68/131/94
f 49/111/95 50/112/97 70/133/98 69/132/96
f 50/112/97 51/113/99 71/134/100 70/133/98
f 51/113/99 52/114/101 72/135/102 71/134/100
f 52/114/101 53/115/103 73/136/104 72/135/102
f 53/115/103 54/116/105 74/137/106 73/136/104
f 54/116/105 55/117/107 75/138/108 74/137/106
f 55/117/107 56/118/109 76/139/110 75/138/108
f 56/118/109 57/119/111 77/140/112 76/139/110
f 57/119/111 58/120/113 78/141/114 77/140/112
f 58/120/113 59/121/115 79/142/116 78/141/114
f 59/121/115 60/122/117 80/143/118 79/142/116
f 60/122/117 61/123/119 81/144/120 80/143/118
f 61/123/119 62/124/121 82/145/122 81/144/120
f 62/124/121 43/125/83 63/146/86 82/145/122
s 2
f 44/86/123 43/85/124 83/167/125
f 45/87/126 44/86/123 83/167/125
f 46/88/127 45/87/126 83/167/125
f 47/89/128 46/88/127 83/167/125
f 48/90/129 47/89/128 83/167/125
f 49/91/130 48/90/129 83/167/125
f 50/92/131 49/91/130 83/167/125
f 51/93/132 50/92/131 83/167/125
f 52/94/133 51/93/132 83/167/125
f 53/95/134 52/94/133 83/167/125
f 54/96/135 53/95/134 83/167/125
f 55/97/136 54/96/135 83/167/125
f 56/98/137 55/97/136 83/167/125
f 57/99/138 56/98/137 83/167/125
f 58/100/139 57/99/138 83/167/125
f 59/101/140 58/100/139 83/167/125
f 60/102/141 59/101/140 83/167/125
f 61/103/142 60/102/141 83/167/125
f 62/104/143 61/103/142 83/167/125
f 43/85/124 62/104/143 83/167/125
s 3
f 63/165/144 64/164/145 84/168/146
f 64/164/145 65/163/147 84/168/146
f 65/163/147 66/162/148 84/168/146
f 66/162/148 67/161/149 84/168/146
f 67/161/149 68/160/150 84/168/146
f 68/160/150 69/159/151 84/168/146
f 69/159/151 70/158/152 84/168/146
f 70/158/152 71/157/153 84/168/146
f 71/157/153 72/156/154 84/168/146
f 72/156/154 73/155/155 84/168/146
f 73/155/155 74/154/156 84/168/146
f 74/154/156 75/153/157 84/168/146
f 75/153/157 76/152/158 84/168/146
f 76/152/158 77/151/159 84/168/146
f 77/151/159 78/150/160 84/168/146
f 78/150/160 79/149/161 84/168/146
f 79/149/161 80/148/162 84/168/146
f 80/148/162 81/147/163 84/168/146
f 81/147/163 82/166/164 84/168/146
f 82/166/164 63/165/144 84/168/146
g default
v -0.534745 6.419635 -1.081396
v -0.537393 6.419635 -1.086593
v -0.541518 6.419635 -1.090718
v -0.546716 6.419635 -1.093367
v -0.552478 6.419635 -1.094279
v -0.558240 6.419635 -1.093367
v -0.563437 6.419635 -1.090718
v -0.567562 6.419635 -1.086593
v -0.570211 6.419635 -1.081396
v -0.571123 6.419635 -1.075634
v -0.570211 6.419635 -1.069872
v -0.567562 6.419635 -1.064674
v -0.563437 6.419635 -1.060549
v -0.558240 6.419635 -1.057901
v -0.552478 6.419635 -1.056988
v -0.546716 6.419635 -1.057901
v -0.541518 6.419635 -1.060549
v -0.537393 6.419635 -1.064674
v -0.534745 6.419635 -1.069872
v -0.533832 6.419635 -1.075634
v -0.534745 6.612832 -1.081396
v -0.537393 6.612832 -1.086593
v -0.541518 6.612832 -1.090718
v -0.546716 6.612832 -1.093367
v -0.552478 6.612832 -1.094279
v -0.558240 6.612832 -1.093367
v -0.563437 6.612832 -1.090718
v -0.567562 6.612832 -1.086593
v -0.570211 6.612832 -1.081396
v -0.571123 6.612832 -1.075634
v -0.570211 6.612832 -1.069872
v -0.567562 6.612832 -1.064674
v -0.563437 6.612832 -1.060549
v -0.558240 6.612832 -1.057901
v -0.552478 6.612832 -1.056988
v -0.546716 6.612832 -1.057901
v -0.541518 6.612832 -1.060549
v -0.537393 6.612832 -1.064674
v -0.534745 6.612832 -1.069872
v -0.533832 6.612832 -1.075634
v -0.552478 6.419635 -1.075634
v -0.552478 6.612832 -1.075634
vt 0.955939 0.413861
vt 0.950538 0.403262
vt 0.942126 0.394850
vt 0.931527 0.389449
vt 0.919777 0.387588
vt 0.908028 0.389449
vt 0.897429 0.394850
vt 0.889017 0.403262
vt 0.883616 0.413861
vt 0.881755 0.425611
vt 0.883616 0.437360
vt 0.889017 0.447960
vt 0.897429 0.456371
vt 0.908028 0.461772
vt 0.919777 0.463633
vt 0.931527 0.461772
vt 0.942126 0.456371
vt 0.950538 0.447960
vt 0.955939 0.437360
vt 0.957800 0.425611
vt 0.889360 0.463633
vt 0.892401 0.463633
vt 0.895443 0.463633
vt 0.898485 0.463633
vt 0.901527 0.463633
vt 0.904569 0.463633
vt 0.907610 0.463633
vt 0.910652 0.463633
vt 0.913694 0.463633
vt 0.916736 0.463633
vt 0.919777 0.463633
vt 0.922819 0.463633
vt 0.925861 0.463633
vt 0.928903 0.463633
vt 0.931945 0.463633
vt 0.934986 0.463633
vt 0.938028 0.463633
vt 0.941070 0.463633
vt 0.944112 0.463633
vt 0.947153 0.463633
vt 0.950195 0.463633
vt 0.889360 0.554887
vt 0.892401 0.554887
vt 0.895443 0.554887
vt 0.898485 0.554887
vt 0.901527 0.554887
vt 0.904569 0.554887
vt 0.907610 0.554887
vt 0.910652 0.554887
vt 0.913694 0.554887
vt 0.916736 0.554887
vt 0.919777 0.554887
vt 0.922819 0.554887
vt 0.925861 0.554887
vt 0.928903 0.554887
vt 0.931945 0.554887
vt 0.934986 0.554887
vt 0.938028 0.554887
vt 0.941070 0.554887
vt 0.944112 0.554887
vt 0.947153 0.554887
vt 0.950195 0.554887
vt 0.955939 0.581159
vt 0.950538 0.570560
vt 0.942126 0.562148
vt 0.931527 0.556747
vt 0.919777 0.554887
vt 0.908028 0.556747
vt 0.897429 0.562148
vt 0.889017 0.570560
vt 0.883616 0.581159
vt 0.881755 0.592909
vt 0.883616 0.604658
vt 0.889017 0.615258
vt 0.897429 0.623669
vt 0.908028 0.629070
vt 0.919777 0.630931
vt 0.931527 0.629070
vt 0.942126 0.623669
vt 0.950538 0.615258
vt 0.955939 0.604658
vt 0.957800 0.592909
vt 0.919777 0.425611
vt 0.919777 0.592909
vn 0.951057 0.000000 -0.309016
vn 0.809017 0.000000 -0.587785
vn 0.809017 0.000000 -0.587785
vn 0.951057 0.000000 -0.309016
vn 0.587785 0.000000 -0.809017
vn 0.587785 0.000000 -0.809017
vn 0.309017 0.000000 -0.951057
vn 0.309017 0.000000 -0.951057
vn -0.000000 0.000000 -1.000000
vn -0.000000 0.000000 -1.000000
vn -0.309017 0.000000 -0.951056
vn -0.309017 0.000000 -0.951056
vn -0.587785 0.000000 -0.809017
vn -0.587785 0.000000 -0.809017
vn -0.809017 0.000000 -0.587785
vn -0.809017 0.000000 -0.587785
vn -0.951057 0.000000 -0.309017
vn -0.951057 0.000000 -0.309017
vn -1.000000 0.000000 0.000000
vn -1.000000 0.000000 0.000000
vn -0.951056 0.000000 0.309017
vn -0.951056 0.000000 0.309017
vn -0.809017 0.000000 0.587785
vn -0.809017 0.000000 0.587785
vn -0.587785 0.000000 0.809017
vn -0.587785 0.000000 0.809017
vn -0.309017 0.000000 0.951057
vn -0.309017 0.000000 0.951057
vn 0.000000 0.000000 1.000000
vn 0.000000 0.000000 1.000000
vn 0.309017 0.000000 0.951056
vn 0.309017 0.000000 0.951056
vn 0.587785 0.000000 0.809017
vn 0.587785 0.000000 0.809017
vn 0.809017 0.000000 0.587785
vn 0.809017 0.000000 0.587785
vn 0.951057 0.000000 0.309017
vn 0.951057 0.000000 0.309017
vn 1.000000 0.000000 0.000001
vn 1.000000 0.000000 0.000001
vn 0.000000 -1.000000 0.000000
vn 0.000000 -1.000000 0.000000
vn 0.000000 -1.000000 0.000000
vn 0.000000 -1.000000 0.000000
vn 0.000000 -1.000000 0.000000
vn 0.000000 -1.000000 0.000000
vn 0.000000 -1.000000 0.000000
vn 0.000000 -1.000000 0.000000
vn 0.000000 -1.000000 0.000000
vn 0.000000 -1.000000 0.000000
vn 0.000000 -1.000000 0.000000
vn 0.000000 -1.000000 0.000000
vn 0.000000 -1.000000 0.000000
vn 0.000000 -1.000000 0.000000
vn 0.000000 -1.000000 0.000000
vn 0.000000 -1.000000 0.000000
vn 0.000000 -1.000000 0.000000
vn 0.000000 -1.000000 0.000000
vn 0.000000 -1.000000 0.000000
vn 0.000000 -1.000000 0.000000
vn 0.000000 -1.000000 0.000000
vn 0.000000 1.000000 0.000000
vn 0.000000 1.000000 0.000000
vn 0.000000 1.000000 0.000000
vn 0.000000 1.000000 0.000000
vn 0.000000 1.000000 0.000000
vn 0.000000 1.000000 0.000000
vn 0.000000 1.000000 0.000000
vn 0.000000 1.000000 0.000000
vn 0.000000 1.000000 0.000000
vn 0.000000 1.000000 0.000000
vn 0.000000 1.000000 0.000000
vn 0.000000 1.000000 0.000000
vn 0.000000 1.000000 0.000000
vn 0.000000 1.000000 0.000000
vn 0.000000 1.000000 0.000000
vn 0.000000 1.000000 0.000000
vn 0.000000 1.000000 0.000000
vn 0.000000 1.000000 0.000000
vn 0.000000 1.000000 0.000000
vn 0.000000 1.000000 0.000000
vn 0.000000 1.000000 0.000000
s 1
g lighthouse1 pCylinder6
usemtl initialShadingGroup
f 85/189/165 86/190/166 106/211/167 105/210/168
f 86/190/166 87/191/169 107/212/170 106/211/167
f 87/191/169 88/192/171 108/213/172 107/212/170
f 88/192/171 89/193/173 109/214/174 108/213/172
f 89/193/173 90/194/175 110/215/176 109/214/174
f 90/194/175 91/195/177 111/216/178 110/215/176
f 91/195/177 92/196/179 112/217/180 111/216/178
f 92/196/179 93/197/181 113/218/182 112/217/180
f 93/197/181 94/198/183 114/219/184 113/218/182
f 94/198/183 95/199/185 115/220/186 114/219/184
f 95/199/185 96/200/187 116/221/188 115/220/186
f 96/200/187 97/201/189 117/222/190 116/221/188
f 97/201/189 98/202/191 118/223/192 117/222/190
f 98/202/191 99/203/193 119/224/194 118/223/192
f 99/203/193 100/204/195 120/225/196 119/224/194
f 100/204/195 101/205/197 121/226/198 120/225/196
f 101/205/197 102/206/199 122/227/200 121/226/198
f 102/206/199 103/207/201 123/228/202 122/227/200
f 103/207/201 104/208/203 124/229/204 123/228/202
f 104/208/203 85/209/165 105/230/168 124/229/204
s 2
f 86/170/205 85/169/206 125/251/207
f 87/171/208 86/170/205 125/251/207
f 88/172/209 87/171/208 125/251/207
f 89/173/210 88/172/209 125/251/207
f 90/174/211 89/173/210 125/251/207
f 91/175/212 90/174/211 125/251/207
f 92/176/213 91/175/212 125/251/207
f 93/177/214 92/176/213 125/251/207
f 94/178/215 93/177/214 125/251/207
f 95/179/216 94/178/215 125/251/207
f 96/180/217 95/179/216 125/251/207
f 97/181/218 96/180/217 125/251/207
f 98/182/219 97/181/218 125/251/207
f 99/183/220 98/182/219 125/251/207
f 100/184/221 99/183/220 125/251/207
f 101/185/222 100/184/221 125/251/207
f 102/186/223 101/185/222 125/251/207
f 103/187/224 102/186/223 125/251/207
f 104/188/225 103/187/224 125/251/207
f 85/169/206 104/188/225 125/251/207
s 3
f 105/249/226 106/248/227 126/252/228
f 106/248/227 107/247/229 126/252/228
f 107/247/229 108/246/230 126/252/228
f 108/246/230 109/245/231 126/252/228
f 109/245/231 110/244/232 126/252/228
f 110/244/232 111/243/233 126/252/228
f 111/243/233 112/242/234 126/252/228
f 112/242/234 113/241/235 126/252/228
f 113/241/235 114/240/236 126/252/228
f 114/240/236 115/239/237 126/252/228
f 115/239/237 116/238/238 126/252/228
f 116/238/238 117/237/239 126/252/228
f 117/237/239 118/236/240 126/252/228
f 118/236/240 119/235/241 126/252/228
f 119/235/241 120/234/242 126/252/228
f 120/234/242 121/233/243 126/252/228
f 121/233/243 122/232/244 126/252/228
f 122/232/244 123/231/245 126/252/228
f 123/231/245 124/250/246 126/252/228
f 124/250/246 105/249/226 126/252/228
g default
v 0.898840 6.419635 0.818435
v 0.896191 6.419635 0.813237
v 0.892066 6.419635 0.809112
v 0.886869 6.419635 0.806464
v 0.881107 6.419635 0.805551
v 0.875345 6.419635 0.806464
v 0.870147 6.419635 0.809112
v 0.866022 6.419635 0.813237
v 0.863374 6.419635 0.818435
v 0.862461 6.419635 0.824197
v 0.863374 6.419635 0.829959
v 0.866022 6.419635 0.835156
v 0.870147 6.419635 0.839281
v 0.875345 6.419635 0.841930
v 0.881107 6.419635 0.842842
v 0.886869 6.419635 0.841930
v 0.892066 6.419635 0.839281
v 0.896191 6.419635 0.835156
v 0.898840 6.419635 0.829959
v 0.899752 6.419635 0.824197
v 0.898840 6.612832 0.818435
v 0.896191 6.612832 0.813237
v 0.892066 6.612832 0.809112
v 0.886869 6.612832 0.806464
v 0.881107 6.612832 0.805551
v 0.875345 6.612832 0.806464
v 0.870147 6.612832 0.809112
v 0.866022 6.612832 0.813237
v 0.863374 6.612832 0.818435
v 0.862461 6.612832 0.824197
v 0.863374 6.612832 0.829959
v 0.866022 6.612832 0.835156
v 0.870147 6.612832 0.839281
v 0.875345 6.612832 0.841930
v 0.881107 6.612832 0.842842
v 0.886869 6.612832 0.841930
v 0.892066 6.612832 0.839281
v 0.896191 6.612832 0.835156
v 0.898840 6.612832 0.829959
v 0.899752 6.612832 0.824197
v 0.881107 6.419635 0.824197
v 0.881107 6.612832 0.824197
vt 0.884643 0.490965
vt 0.880546 0.482925
vt 0.874166 0.476545
vt 0.866126 0.472448
vt 0.857215 0.471037
vt 0.848303 0.472448
vt 0.840263 0.476545
vt 0.833883 0.482925
vt 0.829787 0.490965
vt 0.828375 0.499876
vt 0.829787 0.508788
vt 0.833883 0.516828
vt 0.840263 0.523208
vt 0.848303 0.527304
vt 0.857215 0.528716
vt 0.866126 0.527304
vt 0.874166 0.523208
vt 0.880546 0.516828
vt 0.884643 0.508788
vt 0.886054 0.499876
vt 0.834143 0.528716
vt 0.836450 0.528716
vt 0.838757 0.528716
vt 0.841064 0.528716
vt 0.843372 0.528716
vt 0.845679 0.528716
vt 0.847986 0.528716
vt 0.850293 0.528716
vt 0.852600 0.528716
vt 0.854907 0.528716
vt 0.857215 0.528716
vt 0.859522 0.528716
vt 0.861829 0.528716
vt 0.864136 0.528716
vt 0.866443 0.528716
vt 0.868750 0.528716
vt 0.871058 0.528716
vt 0.873365 0.528716
vt 0.875672 0.528716
vt 0.877979 0.528716
vt 0.880286 0.528716
vt 0.834143 0.597931
vt 0.836450 0.597931
vt 0.838757 0.597931
vt 0.841064 0.597931
vt 0.843372 0.597931
vt 0.845679 0.597931
vt 0.847986 0.597931
vt 0.850293 0.597931
vt 0.852600 0.597931
vt 0.854907 0.597931
vt 0.857215 0.597931
vt 0.859522 0.597931
vt 0.861829 0.597931
vt 0.864136 0.597931
vt 0.866443 0.597931
vt 0.868750 0.597931
vt 0.871058 0.597931
vt 0.873365 0.597931
vt 0.875672 0.597931
vt 0.877979 0.597931
vt 0.880286 0.597931
vt 0.884643 0.617858
vt 0.880546 0.609819
vt 0.874166 0.603439
vt 0.866126 0.599342
vt 0.857215 0.597931
vt 0.848303 0.599342
vt 0.840263 0.603439
vt 0.833883 0.609819
vt 0.829787 0.617858
vt 0.828375 0.626770
vt 0.829787 0.635682
vt 0.833883 0.643722
vt 0.840263 0.650102
vt 0.848303 0.654198
vt 0.857215 0.655610
vt 0.866126 0.654198
vt 0.874166 0.650102
vt 0.880546 0.643722
vt 0.884643 0.635682
vt 0.886054 0.626770
vt 0.857215 0.499876
vt 0.857215 0.626770
vn 0.951057 0.000000 -0.309016
vn 0.809017 0.000000 -0.587785
vn 0.809017 0.000000 -0.587785
vn 0.951057 0.000000 -0.309016
vn 0.587785 0.000000 -0.809017
vn 0.587785 0.000000 -0.809017
vn 0.309017 0.000000 -0.951057
vn 0.309017 0.000000 -0.951057
vn -0.000000 0.000000 -1.000000
vn -0.000000 0.000000 -1.000000
vn -0.309017 0.000000 -0.951056
vn -0.309017 0.000000 -0.951056
vn -0.587785 0.000000 -0.809017
vn -0.587785 0.000000 -0.809017
vn -0.809017 0.000000 -0.587785
vn -0.809017 0.000000 -0.587785
vn -0.951057 0.000000 -0.309017
vn -0.951057 0.000000 -0.309017
vn -1.000000 0.000000 0.000000
vn -1.000000 0.000000 0.000000
vn -0.951056 0.000000 0.309017
vn -0.951056 0.000000 0.309017
vn -0.809017 0.000000 0.587785
vn -0.809017 0.000000 0.587785
vn -0.587785 0.000000 0.809017
vn -0.587785 0.000000 0.809017
vn -0.309017 0.000000 0.951057
vn -0.309017 0.000000 0.951057
vn 0.000000 0.000000 1.000000
vn 0.000000 0.000000 1.000000
vn 0.309017 0.000000 0.951056
vn 0.309017 0.000000 0.951056
vn 0.587785 0.000000 0.809017
vn 0.587785 0.000000 0.809017
vn 0.809017 0.000000 0.587785
vn 0.809017 0.000000 0.587785
vn 0.951057 0.000000 0.309017
vn 0.951057 0.000000 0.309017
vn 1.000000 0.000000 0.000001
vn 1.000000 0.000000 0.000001
vn 0.000000 -1.000000 0.000000
vn 0.000000 -1.000000 0.000000
vn 0.000000 -1.000000 0.000000
vn 0.000000 -1.000000 0.000000
vn 0.000000 -1.000000 0.000000
vn 0.000000 -1.000000 0.000000
vn 0.000000 -1.000000 0.000000
vn 0.000000 -1.000000 0.000000
vn 0.000000 -1.000000 0.000000
vn 0.000000 -1.000000 0.000000
vn 0.000000 -1.000000 0.000000
vn 0.000000 -1.000000 0.000000
vn 0.000000 -1.000000 0.000000
vn 0.000000 -1.000000 0.000000
vn 0.000000 -1.000000 0.000000
vn 0.000000 -1.000000 0.000000
vn 0.000000 -1.000000 0.000000
vn 0.000000 -1.000000 0.000000
vn 0.000000 -1.000000 0.000000
vn 0.000000 -1.000000 0.000000
vn 0.000000 -1.000000 0.000000
vn 0.000000 1.000000 0.000000
vn 0.000000 1.000000 0.000000
vn 0.000000 1.000000 0.000000
vn 0.000000 1.000000 0.000000
vn 0.000000 1.000000 0.000000
vn 0.000000 1.000000 0.000000
vn 0.000000 1.000000 0.000000
vn 0.000000 1.000000 0.000000
vn 0.000000 1.000000 0.000000
vn 0.000000 1.000000 0.000000
vn 0.000000 1.000000 0.000000
vn 0.000000 1.000000 0.000000
vn 0.000000 1.000000 0.000000
vn 0.000000 1.000000 0.000000
vn 0.000000 1.000000 0.000000
vn 0.000000 1.000000 0.000000
vn 0.000000 1.000000 0.000000
vn 0.000000 1.000000 0.000000
vn 0.000000 1.000000 0.000000
vn 0.000000 1.000000 0.000000
vn 0.000000 1.000000 0.000000
s 1
g lighthouse1 pCylinder13
usemtl initialShadingGroup
f 127/273/247 128/274/248 148/295/249 147/294/250
f 128/274/248 129/275/251 149/296/252 148/295/249
f 129/275/251 130/276/253 150/297/254 149/296/252
f 130/276/253 131/277/255 151/298/256 150/297/254
f 131/277/255 132/278/257 152/299/258 151/298/256
f 132/278/257 133/279/259 153/300/260 152/299/258
f 133/279/259 134/280/261 154/301/262 153/300/260
f 134/280/261 135/281/263 155/302/264 154/301/262
f 135/281/263 136/282/265 156/303/266 155/302/264
f 136/282/265 137/283/267 157/304/268 156/303/266
f 137/283/267 138/284/269 158/305/270 157/304/268
f 138/284/269 139/285/271 159/306/272 158/305/270
f 139/285/271 140/286/273 160/307/274 159/306/272
f 140/286/273 141/287/275 161/308/276 160/307/274
f 141/287/275 142/288/277 162/309/278 161/308/276
f 142/288/277 143/289/279 163/310/280 162/309/278
f 143/289/279 144/290/281 164/311/282 163/310/280
f 144/290/281 145/291/283 165/312/284 164/311/282
f 145/291/283 146/292/285 166/313/286 165/312/284
f 146/292/285 127/293/247 147/314/250 166/313/286
s 2
f 128/254/287 127/253/288 167/335/289
f 129/255/290 128/254/287 167/335/289
f 130/256/291 129/255/290 167/335/289
f 131/257/292 130/256/291 167/335/289
f 132/258/293 131/257/292 167/335/289
f 133/259/294 132/258/293 167/335/289
f 134/260/295 133/259/294 167/335/289
f 135/261/296 134/260/295 167/335/289
f 136/262/297 135/261/296 167/335/289
f 137/263/298 136/262/297 167/335/289
f 138/264/299 137/263/298 167/335/289
f 139/265/300 138/264/299 167/335/289
f 140/266/301 139/265/300 167/335/289
f 141/267/302 140/266/301 167/335/289
f 142/268/303 141/267/302 167/335/289
f 143/269/304 142/268/303 167/335/289
f 144/270/305 143/269/304 167/335/289
f 145/271/306 144/270/305 167/335/289
f 146/272/307 145/271/306 167/335/289
f 127/253/288 146/272/307 167/335/289
s 3
f 147/333/308 148/332/309 168/336/310
f 148/332/309 149/331/311 168/336/310
f 149/331/311 150/330/312 168/336/310
f 150/330/312 151/329/313 168/336/310
f 151/329/313 152/328/314 168/336/310
f 152/328/314 153/327/315 168/336/310
f 153/327/315 154/326/316 168/336/310
f 154/326/316 155/325/317 168/336/310
f 155/325/317 156/324/318 168/336/310
f 156/324/318 157/323/319 168/336/310
f 157/323/319 158/322/320 168/336/310
f 158/322/320 159/321/321 168/336/310
f 159/321/321 160/320/322 168/336/310
f 160/320/322 161/319/323 168/336/310
f 161/319/323 162/318/324 168/336/310
f 162/318/324 163/317/325 168/336/310
f 163/317/325 164/316/326 168/336/310
f 164/316/326 165/315/327 168/336/310
f 165/315/327 166/334/328 168/336/310
f 166/334/328 147/333/308 168/336/310
g default
v -1.150715 6.419635 -0.302846
v -1.153363 6.419635 -0.308044
v -1.157488 6.419635 -0.312169
v -1.162686 6.419635 -0.314817
v -1.168448 6.419635 -0.315730
v -1.174209 6.419635 -0.314817
v -1.179407 6.419635 -0.312169
v -1.183532 6.419635 -0.308044
v -1.186181 6.419635 -0.302846
v -1.187093 6.419635 -0.297084
v -1.186181 6.419635 -0.291323
v -1.183532 6.419635 -0.286125
v -1.179407 6.419635 -0.282000
v -1.174209 6.419635 -0.279351
v -1.168448 6.419635 -0.278439
v -1.162686 6.419635 -0.279351
v -1.157488 6.419635 -0.282000
v -1.153363 6.419635 -0.286125
v -1.150715 6.419635 -0.291323
v -1.149802 6.419635 -0.297084
v -1.150715 6.612832 -0.302846
v -1.153363 6.612832 -0.308044
v -1.157488 6.612832 -0.312169
v -1.162686 6.612832 -0.314817
v -1.168448 6.612832 -0.315730
v -1.174209 6.612832 -0.314817
v -1.179407 6.612832 -0.312169
v -1.183532 6.612832 -0.308044
v -1.186181 6.612832 -0.302846
v -1.187093 6.612832 -0.297084
v -1.186181 6.612832 -0.291323
v -1.183532 6.612832 -0.286125
v -1.179407 6.612832 -0.282000
v -1.174209 6.612832 -0.279351
v -1.168448 6.612832 -0.278439
v -1.162686 6.612832 -0.279351
v -1.157488 6.612832 -0.282000
v -1.153363 6.612832 -0.286125
v -1.150715 6.612832 -0.291323
v -1.149802 6.612832 -0.297084
v -1.168448 6.419635 -0.297084
v -1.168448 6.612832 -0.297084
vt 0.949126 0.430424
vt 0.944051 0.420465
vt 0.936147 0.412561
vt 0.926188 0.407486
vt 0.915148 0.405738
vt 0.904107 0.407486
vt 0.894148 0.412561
vt 0.886244 0.420465
vt 0.881170 0.430424
vt 0.879421 0.441464
vt 0.881170 0.452505
vt 0.886244 0.462464
vt 0.894148 0.470368
vt 0.904107 0.475442
vt 0.915148 0.477191
vt 0.926188 0.475442
vt 0.936147 0.470368
vt 0.944051 0.462464
vt 0.949126 0.452505
vt 0.950874 0.441464
vt 0.886566 0.477191
vt 0.889424 0.477191
vt 0.892283 0.477191
vt 0.895141 0.477191
vt 0.897999 0.477191
vt 0.900857 0.477191
vt 0.903715 0.477191
vt 0.906573 0.477191
vt 0.909431 0.477191
vt 0.912289 0.477191
vt 0.915148 0.477191
vt 0.918006 0.477191
vt 0.920864 0.477191
vt 0.923722 0.477191
vt 0.926580 0.477191
vt 0.929438 0.477191
vt 0.932296 0.477191
vt 0.935154 0.477191
vt 0.938012 0.477191
vt 0.940871 0.477191
vt 0.943729 0.477191
vt 0.886566 0.562935
vt 0.889424 0.562935
vt 0.892283 0.562935
vt 0.895141 0.562935
vt 0.897999 0.562935
vt 0.900857 0.562935
vt 0.903715 0.562935
vt 0.906573 0.562935
vt 0.909431 0.562935
vt 0.912289 0.562935
vt 0.915148 0.562935
vt 0.918006 0.562935
vt 0.920864 0.562935
vt 0.923722 0.562935
vt 0.926580 0.562935
vt 0.929438 0.562935
vt 0.932296 0.562935
vt 0.935154 0.562935
vt 0.938012 0.562935
vt 0.940871 0.562935
vt 0.943729 0.562935
vt 0.949126 0.587621
vt 0.944051 0.577662
vt 0.936147 0.569758
vt 0.926188 0.564683
vt 0.915148 0.562935
vt 0.904107 0.564683
vt 0.894148 0.569758
vt 0.886244 0.577662
vt 0.881170 0.587621
vt 0.879421 0.598661
vt 0.881170 0.609701
vt 0.886244 0.619661
vt 0.894148 0.627565
vt 0.904107 0.632639
vt 0.915148 0.634388
vt 0.926188 0.632639
vt 0.936147 0.627565
vt 0.944051 0.619661
vt 0.949126 0.609701
vt 0.950874 0.598661
vt 0.915148 0.441464
vt 0.915148 0.598661
vn 0.951057 0.000000 -0.309016
vn 0.809017 0.000000 -0.587785
vn 0.809017 0.000000 -0.587785
vn 0.951057 0.000000 -0.309016
vn 0.587785 0.000000 -0.809017
vn 0.587785 0.000000 -0.809017
vn 0.309017 0.000000 -0.951057
vn 0.309017 0.000000 -0.951057
vn -0.000000 0.000000 -1.000000
vn -0.000000 0.000000 -1.000000
vn -0.309017 0.000000 -0.951056
vn -0.309017 0.000000 -0.951056
vn -0.587785 0.000000 -0.809017
vn -0.587785 0.000000 -0.809017
vn -0.809017 0.000000 -0.587785
vn -0.809017 0.000000 -0.587785
vn -0.951057 0.000000 -0.309017
vn -0.951057 0.000000 -0.309017
vn -1.000000 0.000000 0.000000
vn -1.000000 0.000000 0.000000
vn -0.951056 0.000000 0.309017
vn -0.951056 0.000000 0.309017
vn -0.809017 0.000000 0.587785
vn -0.809017 0.000000 0.587785
vn -0.587785 0.000000 0.809017
vn -0.587785 0.000000 0.809017
vn -0.309017 0.000000 0.951057
vn -0.309017 0.000000 0.951057
vn 0.000000 0.000000 1.000000
vn 0.000000 0.000000 1.000000
vn 0.309017 0.000000 0.951056
vn 0.309017 0.000000 0.951056
vn 0.587785 0.000000 0.809017
vn 0.587785 0.000000 0.809017
vn 0.809017 0.000000 0.587785
vn 0.809017 0.000000 0.587785
vn 0.951057 0.000000 0.309017
vn 0.951057 0.000000 0.309017
vn 1.000000 0.000000 0.000001
vn 1.000000 0.000000 0.000001
vn 0.000000 -1.000000 0.000000
vn 0.000000 -1.000000 0.000000
vn 0.000000 -1.000000 0.000000
vn 0.000000 -1.000000 0.000000
vn 0.000000 -1.000000 0.000000
vn 0.000000 -1.000000 0.000000
vn 0.000000 -1.000000 0.000000
vn 0.000000 -1.000000 0.000000
vn 0.000000 -1.000000 0.000000
vn 0.000000 -1.000000 0.000000
vn 0.000000 -1.000000 0.000000
vn 0.000000 -1.000000 0.000000
vn 0.000000 -1.000000 0.000000
vn 0.000000 -1.000000 0.000000
vn 0.000000 -1.000000 0.000000
vn 0.000000 -1.000000 0.000000
vn 0.000000 -1.000000 0.000000
vn 0.000000 -1.000000 0.000000
vn 0.000000 -1.000000 0.000000
vn 0.000000 -1.000000 0.000000
vn 0.000000 -1.000000 0.000000
vn 0.000000 1.000000 0.000000
vn 0.000000 1.000000 0.000000
vn 0.000000 1.000000 0.000000
vn 0.000000 1.000000 0.000000
vn 0.000000 1.000000 0.000000
vn 0.000000 1.000000 0.000000
vn 0.000000 1.000000 0.000000
vn 0.000000 1.000000 0.000000
vn 0.000000 1.000000 0.000000
vn 0.000000 1.000000 0.000000
vn 0.000000 1.000000 0.000000
vn 0.000000 1.000000 0.000000
vn 0.000000 1.000000 0.000000
vn 0.000000 1.000000 0.000000
vn 0.000000 1.000000 0.000000
vn 0.000000 1.000000 0.000000
vn 0.000000 1.000000 0.000000
vn 0.000000 1.000000 0.000000
vn 0.000000 1.000000 0.000000
vn 0.000000 1.000000 0.000000
vn 0.000000 1.000000 0.000000
s 1
g lighthouse1 pCylinder8
usemtl initialShadingGroup
f 169/357/329 170/358/330 190/379/331 189/378/332
f 170/358/330 171/359/333 191/380/334 190/379/331
f 171/359/333 172/360/335 192/381/336 191/380/334
f 172/360/335 173/361/337 193/382/338 192/381/336
f 173/361/337 174/362/339 194/383/340 193/382/338
f 174/362/339 175/363/341 195/384/342 194/383/340
f 175/363/341 176/364/343 196/385/344 195/384/342
f 176/364/343 177/365/345 197/386/346 196/385/344
f 177/365/345 178/366/347 198/387/348 197/386/346
f 178/366/347 179/367/349 199/388/350 198/387/348
f 179/367/349 180/368/351 200/389/352 199/388/350
f 180/368/351 181/369/353 201/390/354 200/389/352
f 181/369/353 182/370/355 202/391/356 201/390/354
f 182/370/355 183/371/357 203/392/358 202/391/356
f 183/371/357 184/372/359 204/393/360 203/392/358
f 184/372/359 185/373/361 205/394/362 204/393/360
f 185/373/361 186/374/363 206/395/364 205/394/362
f 186/374/363 187/375/365 207/396/366 206/395/364
f 187/375/365 188/376/367 208/397/368 207/396/366
f 188/376/367 169/377/329 189/398/332 208/397/368
s 2
f 170/338/369 169/337/370 209/419/371
f 171/339/372 170/338/369 209/419/371
f 172/340/373 171/339/372 209/419/371
f 173/341/374 172/340/373 209/419/371
f 174/342/375 173/341/374 209/419/371
f 175/343/376 174/342/375 209/419/371
f 176/344/377 175/343/376 209/419/371
f 177/345/378 176/344/377 209/419/371
f 178/346/379 177/345/378 209/419/371
f 179/347/380 178/346/379 209/419/371
f 180/348/381 179/347/380 209/419/371
f 181/349/382 180/348/381 209/419/371
f 182/350/383 181/349/382 209/419/371
f 183/351/384 182/350/383 209/419/371
f 184/352/385 183/351/384 209/419/371
f 185/353/386 184/352/385 209/419/371
f 186/354/387 185/353/386 209/419/371
f 187/355/388 186/354/387 209/419/371
f 188/356/389 187/355/388 209/419/371
f 169/337/370 188/356/389 209/419/371
s 3
f 189/417/390 190/416/391 210/420/392
f 190/416/391 191/415/393 210/420/392
f 191/415/393 192/414/394 210/420/392
f 192/414/394 193/413/395 210/420/392
f 193/413/395 194/412/396 210/420/392
f 194/412/396 195/411/397 210/420/392
f 195/411/397 196/410/398 210/420/392
f 196/410/398 197/409/399 210/420/392
f 197/409/399 198/408/400 210/420/392
f 198/408/400 199/407/401 210/420/392
f 199/407/401 200/406/402 210/420/392
f 200/406/402 201/405/403 210/420/392
f 201/405/403 202/404/404 210/420/392
f 202/404/404 203/403/405 210/420/392
f 203/403/405 204/402/406 210/420/392
f 204/402/406 205/401/407 210/420/392
f 205/401/407 206/400/408 210/420/392
f 206/400/408 207/399/409 210/420/392
f 207/399/409 208/418/410 210/420/392
f 208/418/410 189/417/390 210/420/392
g default
v 1.190463 7.225647 -0.386805
v 1.012668 7.225647 -0.735747
v 0.735747 7.225647 -1.012668
v 0.386805 7.225647 -1.190463
v 0.000000 7.225647 -1.251727
v -0.386805 7.225647 -1.190463
v -0.735747 7.225647 -1.012668
v -1.012668 7.225647 -0.735746
v -1.190463 7.225647 -0.386805
v -1.251727 7.225647 0.000000
v -1.190463 7.225647 0.386805
v -1.012668 7.225647 0.735746
v -0.735746 7.225647 1.012668
v -0.386805 7.225647 1.190463
v -0.000000 7.225647 1.251726
v 0.386805 7.225647 1.190463
v 0.735746 7.225647 1.012668
v 1.012668 7.225647 0.735746
v 1.190462 7.225647 0.386805
v 1.251726 7.225647 0.000000
v 0.000000 8.005894 0.000000
vt 0.158686 0.053884
vt 0.148439 0.033773
vt 0.132479 0.017812
vt 0.112367 0.007565
vt 0.090073 0.004034
vt 0.067780 0.007565
vt 0.047668 0.017812
vt 0.031708 0.033773
vt 0.021460 0.053884
vt 0.017929 0.076178
vt 0.021460 0.098471
vt 0.031708 0.118583
vt 0.047668 0.134543
vt 0.067780 0.144791
vt 0.090073 0.148322
vt 0.112367 0.144791
vt 0.132479 0.134543
vt 0.148439 0.118583
vt 0.158686 0.098471
vt 0.162217 0.076178
vt 0.017929 0.148322
vt 0.025144 0.148322
vt 0.032358 0.148322
vt 0.039573 0.148322
vt 0.046787 0.148322
vt 0.054001 0.148322
vt 0.061216 0.148322
vt 0.068430 0.148322
vt 0.075645 0.148322
vt 0.082859 0.148322
vt 0.090073 0.148322
vt 0.097288 0.148322
vt 0.104502 0.148322
vt 0.111717 0.148322
vt 0.118931 0.148322
vt 0.126145 0.148322
vt 0.133360 0.148322
vt 0.140574 0.148322
vt 0.147789 0.148322
vt 0.155003 0.148322
vt 0.162217 0.148322
vt 0.090073 0.292610
vn 0.000000 -1.000000 -0.000000
vn 0.000000 -1.000000 -0.000000
vn 0.000000 -1.000000 -0.000000
vn 0.000000 -1.000000 -0.000000
vn 0.000000 -1.000000 -0.000000
vn 0.000000 -1.000000 -0.000000
vn 0.000000 -1.000000 -0.000000
vn 0.000000 -1.000000 -0.000000
vn 0.000000 -1.000000 -0.000000
vn 0.000000 -1.000000 -0.000000
vn 0.000000 -1.000000 -0.000000
vn 0.000000 -1.000000 -0.000000
vn 0.000000 -1.000000 -0.000000
vn 0.000000 -1.000000 -0.000000
vn 0.000000 -1.000000 -0.000000
vn 0.000000 -1.000000 -0.000000
vn 0.000000 -1.000000 -0.000000
vn 0.000000 -1.000000 -0.000000
vn 0.000000 -1.000000 -0.000000
vn 0.000000 -1.000000 -0.000000
vn 0.503093 0.848632 -0.163464
vn 0.427957 0.848632 -0.310929
vn -0.000000 1.000000 -0.000000
vn 0.310929 0.848632 -0.427957
vn 0.163465 0.848632 -0.503093
vn -0.000000 0.848632 -0.528984
vn -0.163465 0.848632 -0.503093
vn -0.310929 0.848632 -0.427957
vn -0.427957 0.848632 -0.310929
vn -0.503093 0.848632 -0.163465
vn -0.528984 0.848632 0.000000
vn -0.503093 0.848632 0.163465
vn -0.427957 0.848632 0.310929
vn -0.310929 0.848632 0.427957
vn -0.163465 0.848632 0.503093
vn 0.000000 0.848632 0.528984
vn 0.163465 0.848632 0.503093
vn 0.310929 0.848632 0.427957
vn 0.427957 0.848632 0.310929
vn 0.503094 0.848632 0.163465
vn 0.528984 0.848632 0.000000
s off
g lighthouse1 pCone1
usemtl initialShadingGroup
f 211/421/411 230/440/412 229/439/413 228/438/414 227/437/415 226/436/416 225/435/417 224/434/418 223/433/419 222/432/420 221/431/421 220/430/422 219/429/423 218/428/424 217/427/425 216/426/426 215/425/427 214/424/428 213/423/429 212/422/430
s 1
f 211/441/431 212/442/432 231/462/433
f 212/442/432 213/443/434 231/462/433
f 213/443/434 214/444/435 231/462/433
f 214/444/435 215/445/436 231/462/433
f 215/445/436 216/446/437 231/462/433
f 216/446/437 217/447/438 231/462/433
f 217/447/438 218/448/439 231/462/433
f 218/448/439 219/449/440 231/462/433
f 219/449/440 220/450/441 231/462/433
f 220/450/441 221/451/442 231/462/433
f 221/451/442 222/452/443 231/462/433
f 222/452/443 223/453/444 231/462/433
f 223/453/444 224/454/445 231/462/433
f 224/454/445 225/455/446 231/462/433
f 225/455/446 226/456/447 231/462/433
f 226/456/447 227/457/448 231/462/433
f 227/457/448 228/458/449 231/462/433
f 228/458/449 229/459/450 231/462/433
f 229/459/450 230/460/451 231/462/433
f 230/460/451 211/461/431 231/462/433
g default
v 0.017733 6.419635 -1.220276
v 0.015084 6.419635 -1.225474
v 0.010960 6.419635 -1.229599
v 0.005762 6.419635 -1.232247
v 0.000000 6.419635 -1.233160
v -0.005762 6.419635 -1.232247
v -0.010960 6.419635 -1.229599
v -0.015084 6.419635 -1.225474
v -0.017733 6.419635 -1.220276
v -0.018645 6.419635 -1.214515
v -0.017733 6.419635 -1.208753
v -0.015084 6.419635 -1.203555
v -0.010960 6.419635 -1.199430
v -0.005762 6.419635 -1.196782
v -0.000000 6.419635 -1.195869
v 0.005762 6.419635 -1.196782
v 0.010960 6.419635 -1.199430
v 0.015084 6.419635 -1.203555
v 0.017733 6.419635 -1.208753
v 0.018645 6.419635 -1.214515
v 0.017733 6.612832 -1.220276
v 0.015084 6.612832 -1.225474
v 0.010960 6.612832 -1.229599
v 0.005762 6.612832 -1.232247
v 0.000000 6.612832 -1.233160
v -0.005762 6.612832 -1.232247
v -0.010960 6.612832 -1.229599
v -0.015084 6.612832 -1.225474
v -0.017733 6.612832 -1.220276
v -0.018645 6.612832 -1.214515
v -0.017733 6.612832 -1.208753
v -0.015084 6.612832 -1.203555
v -0.010960 6.612832 -1.199430
v -0.005762 6.612832 -1.196782
v -0.000000 6.612832 -1.195869
v 0.005762 6.612832 -1.196782
v 0.010960 6.612832 -1.199430
v 0.015084 6.612832 -1.203555
v 0.017733 6.612832 -1.208753
v 0.018645 6.612832 -1.214515
v 0.000000 6.419635 -1.214515
v 0.000000 6.612832 -1.214515
vt 0.940581 0.463344
vt 0.936321 0.454984
vt 0.929687 0.448350
vt 0.921328 0.444090
vt 0.912061 0.442623
vt 0.902794 0.444090
vt 0.894435 0.448350
vt 0.887801 0.454984
vt 0.883541 0.463344
vt 0.882074 0.472610
vt 0.883541 0.481877
vt 0.887801 0.490236
vt 0.894435 0.496871
vt 0.902794 0.501130
vt 0.912061 0.502598
vt 0.921328 0.501130
vt 0.929687 0.496871
vt 0.936321 0.490236
vt 0.940581 0.481877
vt 0.942048 0.472610
vt 0.888071 0.502598
vt 0.890470 0.502598
vt 0.892869 0.502598
vt 0.895268 0.502598
vt 0.897667 0.502598
vt 0.900066 0.502598
vt 0.902465 0.502598
vt 0.904864 0.502598
vt 0.907263 0.502598
vt 0.909662 0.502598
vt 0.912061 0.502598
vt 0.914460 0.502598
vt 0.916859 0.502598
vt 0.919258 0.502598
vt 0.921657 0.502598
vt 0.924056 0.502598
vt 0.926455 0.502598
vt 0.928854 0.502598
vt 0.931253 0.502598
vt 0.933652 0.502598
vt 0.936051 0.502598
vt 0.888071 0.574567
vt 0.890470 0.574567
vt 0.892869 0.574567
vt 0.895268 0.574567
vt 0.897667 0.574567
vt 0.900066 0.574567
vt 0.902465 0.574567
vt 0.904864 0.574567
vt 0.907263 0.574567
vt 0.909662 0.574567
vt 0.912061 0.574567
vt 0.914460 0.574567
vt 0.916859 0.574567
vt 0.919258 0.574567
vt 0.921657 0.574567
vt 0.924056 0.574567
vt 0.926455 0.574567
vt 0.928854 0.574567
vt 0.931253 0.574567
vt 0.933652 0.574567
vt 0.936051 0.574567
vt 0.940581 0.595288
vt 0.936321 0.586928
vt 0.929687 0.580294
vt 0.921328 0.576035
vt 0.912061 0.574567
vt 0.902794 0.576035
vt 0.894435 0.580294
vt 0.887801 0.586928
vt 0.883541 0.595288
vt 0.882074 0.604555
vt 0.883541 0.613821
vt 0.887801 0.622181
vt 0.894435 0.628815
vt 0.902794 0.633074
vt 0.912061 0.634542
vt 0.921328 0.633074
vt 0.929687 0.628815
vt 0.936321 0.622181
vt 0.940581 0.613821
vt 0.942048 0.604555
vt 0.912061 0.472610
vt 0.912061 0.604555
vn 0.951057 0.000000 -0.309016
vn 0.809017 0.000000 -0.587785
vn 0.809017 0.000000 -0.587785
vn 0.951057 0.000000 -0.309016
vn 0.587785 0.000000 -0.809017
vn 0.587785 0.000000 -0.809017
vn 0.309017 0.000000 -0.951057
vn 0.309017 0.000000 -0.951057
vn -0.000000 0.000000 -1.000000
vn -0.000000 0.000000 -1.000000
vn -0.309017 0.000000 -0.951056
vn -0.309017 0.000000 -0.951056
vn -0.587785 0.000000 -0.809017
vn -0.587785 0.000000 -0.809017
vn -0.809017 0.000000 -0.587785
vn -0.809017 0.000000 -0.587785
vn -0.951057 0.000000 -0.309017
vn -0.951057 0.000000 -0.309017
vn -1.000000 0.000000 0.000000
vn -1.000000 0.000000 0.000000
vn -0.951056 0.000000 0.309017
vn -0.951056 0.000000 0.309017
vn -0.809017 0.000000 0.587785
vn -0.809017 0.000000 0.587785
vn -0.587785 0.000000 0.809017
vn -0.587785 0.000000 0.809017
vn -0.309017 0.000000 0.951057
vn -0.309017 0.000000 0.951057
vn 0.000000 0.000000 1.000000
vn 0.000000 0.000000 1.000000
vn 0.309017 0.000000 0.951056
vn 0.309017 0.000000 0.951056
vn 0.587785 0.000000 0.809017
vn 0.587785 0.000000 0.809017
vn 0.809017 0.000000 0.587785
vn 0.809017 0.000000 0.587785
vn 0.951057 0.000000 0.309017
vn 0.951057 0.000000 0.309017
vn 1.000000 0.000000 0.000001
vn 1.000000 0.000000 0.000001
vn 0.000000 -1.000000 0.000000
vn 0.000000 -1.000000 0.000000
vn 0.000000 -1.000000 0.000000
vn 0.000000 -1.000000 0.000000
vn 0.000000 -1.000000 0.000000
vn 0.000000 -1.000000 0.000000
vn 0.000000 -1.000000 0.000000
vn 0.000000 -1.000000 0.000000
vn 0.000000 -1.000000 0.000000
vn 0.000000 -1.000000 0.000000
vn 0.000000 -1.000000 0.000000
vn 0.000000 -1.000000 0.000000
vn 0.000000 -1.000000 0.000000
vn 0.000000 -1.000000 0.000000
vn 0.000000 -1.000000 0.000000
vn 0.000000 -1.000000 0.000000
vn 0.000000 -1.000000 0.000000
vn 0.000000 -1.000000 0.000000
vn 0.000000 -1.000000 0.000000
vn 0.000000 -1.000000 0.000000
vn 0.000000 -1.000000 0.000000
vn 0.000000 1.000000 0.000000
vn 0.000000 1.000000 0.000000
vn 0.000000 1.000000 0.000000
vn 0.000000 1.000000 0.000000
vn 0.000000 1.000000 0.000000
vn 0.000000 1.000000 0.000000
vn 0.000000 1.000000 0.000000
vn 0.000000 1.000000 0.000000
vn 0.000000 1.000000 0.000000
vn 0.000000 1.000000 0.000000
vn 0.000000 1.000000 0.000000
vn 0.000000 1.000000 0.000000
vn 0.000000 1.000000 0.000000
vn 0.000000 1.000000 0.000000
vn 0.000000 1.000000 0.000000
vn 0.000000 1.000000 0.000000
vn 0.000000 1.000000 0.000000
vn 0.000000 1.000000 0.000000
vn 0.000000 1.000000 0.000000
vn 0.000000 1.000000 0.000000
vn 0.000000 1.000000 0.000000
s 1
g lighthouse1 pCylinder5
usemtl initialShadingGroup
f 232/483/452 233/484/453 253/505/454 252/504/455
f 233/484/453 234/485/456 254/506/457 253/505/454
f 234/485/456 235/486/458 255/507/459 254/506/457
f 235/486/458 236/487/460 256/508/461 255/507/459
f 236/487/460 237/488/462 257/509/463 256/508/461
f 237/488/462 238/489/464 258/510/465 257/509/463
f 238/489/464 239/490/466 259/511/467 258/510/465
f 239/490/466 240/491/468 260/512/469 259/511/467
f 240/491/468 241/492/470 261/513/471 260/512/469
f 241/492/470 242/493/472 262/514/473 261/513/471
f 242/493/472 243/494/474 263/515/475 262/514/473
f 243/494/474 244/495/476 264/516/477 263/515/475
f 244/495/476 245/496/478 265/517/479 264/516/477
f 245/496/478 246/497/480 266/518/481 265/517/479
f 246/497/480 247/498/482 267/519/483 266/518/481
f 247/498/482 248/499/484 268/520/485 267/519/483
f 248/499/484 249/500/486 269/521/487 268/520/485
f 249/500/486 250/501/488 270/522/489 269/521/487
f 250/501/488 251/502/490 271/523/491 270/522/489
f 251/502/490 232/503/452 252/524/455 271/523/491
s 2
f 233/464/492 232/463/493 272/545/494
f 234/465/495 233/464/492 272/545/494
f 235/466/496 234/465/495 272/545/494
f 236/467/497 235/466/496 272/545/494
f 237/468/498 236/467/497 272/545/494
f 238/469/499 237/468/498 272/545/494
f 239/470/500 238/469/499 272/545/494
f 240/471/501 239/470/500 272/545/494
f 241/472/502 240/471/501 272/545/494
f 242/473/503 241/472/502 272/545/494
f 243/474/504 242/473/503 272/545/494
f 244/475/505 243/474/504 272/545/494
f 245/476/506 244/475/505 272/545/494
f 246/477/507 245/476/506 272/545/494
f 247/478/508 246/477/507 272/545/494
f 248/479/509 247/478/508 272/545/494
f 249/480/510 248/479/509 272/545/494
f 250/481/511 249/480/510 272/545/494
f 251/482/512 250/481/511 272/545/494
f 232/463/493 251/482/512 272/545/494
s 3
f 252/543/513 253/542/514 273/546/515
f 253/542/514 254/541/516 273/546/515
f 254/541/516 255/540/517 273/546/515
f 255/540/517 256/539/518 273/546/515
f 256/539/518 257/538/519 273/546/515
f 257/538/519 258/537/520 273/546/515
f 258/537/520 259/536/521 273/546/515
f 259/536/521 260/535/522 273/546/515
f 260/535/522 261/534/523 273/546/515
f 261/534/523 262/533/524 273/546/515
f 262/533/524 263/532/525 273/546/515
f 263/532/525 264/531/526 273/546/515
f 264/531/526 265/530/527 273/546/515
f 265/530/527 266/529/528 273/546/515
f 266/529/528 267/528/529 273/546/515
f 267/528/529 268/527/530 273/546/515
f 268/527/530 269/526/531 273/546/515
f 269/526/531 270/525/532 273/546/515
f 270/525/532 271/544/533 273/546/515
f 271/544/533 252/543/513 273/546/515
g default
v 0.757922 6.419635 -0.949232
v 0.755274 6.419635 -0.954429
v 0.751149 6.419635 -0.958554
v 0.745951 6.419635 -0.961203
v 0.740189 6.419635 -0.962115
v 0.734427 6.419635 -0.961203
v 0.729230 6.419635 -0.958554
v 0.725105 6.419635 -0.954429
v 0.722456 6.419635 -0.949232
v 0.721544 6.419635 -0.943470
v 0.722456 6.419635 -0.937708
v 0.725105 6.419635 -0.932510
v 0.729230 6.419635 -0.928385
v 0.734427 6.419635 -0.925737
v 0.740189 6.419635 -0.924824
v 0.745951 6.419635 -0.925737
v 0.751149 6.419635 -0.928385
v 0.755274 6.419635 -0.932510
v 0.757922 6.419635 -0.937708
v 0.758835 6.419635 -0.943470
v 0.757922 6.612832 -0.949232
v 0.755274 6.612832 -0.954429
v 0.751149 6.612832 -0.958554
v 0.745951 6.612832 -0.961203
v 0.740189 6.612832 -0.962115
v 0.734427 6.612832 -0.961203
v 0.729230 6.612832 -0.958554
v 0.725105 6.612832 -0.954429
v 0.722456 6.612832 -0.949232
v 0.721544 6.612832 -0.943470
v 0.722456 6.612832 -0.937708
v 0.725105 6.612832 -0.932510
v 0.729230 6.612832 -0.928385
v 0.734427 6.612832 -0.925737
v 0.740189 6.612832 -0.924824
v 0.745951 6.612832 -0.925737
v 0.751149 6.612832 -0.928385
v 0.755274 6.612832 -0.932510
v 0.757922 6.612832 -0.937708
v 0.758835 6.612832 -0.943470
v 0.740189 6.419635 -0.943470
v 0.740189 6.612832 -0.943470
vt 0.946302 0.458920
vt 0.941880 0.450241
vt 0.934992 0.443353
vt 0.926312 0.438930
vt 0.916691 0.437406
vt 0.907070 0.438930
vt 0.898390 0.443353
vt 0.891502 0.450241
vt 0.887079 0.458920
vt 0.885556 0.468542
vt 0.887079 0.478163
vt 0.891502 0.486843
vt 0.898390 0.493731
vt 0.907070 0.498153
vt 0.916691 0.499677
vt 0.926312 0.498153
vt 0.934992 0.493731
vt 0.941880 0.486843
vt 0.946302 0.478163
vt 0.947826 0.468542
vt 0.891783 0.499677
vt 0.894274 0.499677
vt 0.896764 0.499677
vt 0.899255 0.499677
vt 0.901746 0.499677
vt 0.904237 0.499677
vt 0.906728 0.499677
vt 0.909218 0.499677
vt 0.911709 0.499677
vt 0.914200 0.499677
vt 0.916691 0.499677
vt 0.919182 0.499677
vt 0.921672 0.499677
vt 0.924163 0.499677
vt 0.926654 0.499677
vt 0.929145 0.499677
vt 0.931636 0.499677
vt 0.934126 0.499677
vt 0.936617 0.499677
vt 0.939108 0.499677
vt 0.941599 0.499677
vt 0.891783 0.574401
vt 0.894274 0.574401
vt 0.896764 0.574401
vt 0.899255 0.574401
vt 0.901746 0.574401
vt 0.904237 0.574401
vt 0.906728 0.574401
vt 0.909218 0.574401
vt 0.911709 0.574401
vt 0.914200 0.574401
vt 0.916691 0.574401
vt 0.919182 0.574401
vt 0.921672 0.574401
vt 0.924163 0.574401
vt 0.926654 0.574401
vt 0.929145 0.574401
vt 0.931636 0.574401
vt 0.934126 0.574401
vt 0.936617 0.574401
vt 0.939108 0.574401
vt 0.941599 0.574401
vt 0.946302 0.595915
vt 0.941880 0.587236
vt 0.934992 0.580348
vt 0.926312 0.575925
vt 0.916691 0.574401
vt 0.907070 0.575925
vt 0.898390 0.580348
vt 0.891502 0.587236
vt 0.887079 0.595915
vt 0.885556 0.605537
vt 0.887079 0.615158
vt 0.891502 0.623837
vt 0.898390 0.630726
vt 0.907070 0.635148
vt 0.916691 0.636672
vt 0.926312 0.635148
vt 0.934992 0.630726
vt 0.941880 0.623837
vt 0.946302 0.615158
vt 0.947826 0.605537
vt 0.916691 0.468542
vt 0.916691 0.605537
vn 0.951057 0.000000 -0.309016
vn 0.809017 0.000000 -0.587785
vn 0.809017 0.000000 -0.587785
vn 0.951057 0.000000 -0.309016
vn 0.587785 0.000000 -0.809017
vn 0.587785 0.000000 -0.809017
vn 0.309017 0.000000 -0.951057
vn 0.309017 0.000000 -0.951057
vn -0.000000 0.000000 -1.000000
vn -0.000000 0.000000 -1.000000
vn -0.309017 0.000000 -0.951056
vn -0.309017 0.000000 -0.951056
vn -0.587785 0.000000 -0.809017
vn -0.587785 0.000000 -0.809017
vn -0.809017 0.000000 -0.587785
vn -0.809017 0.000000 -0.587785
vn -0.951057 0.000000 -0.309017
vn -0.951057 0.000000 -0.309017
vn -1.000000 0.000000 0.000000
vn -1.000000 0.000000 0.000000
vn -0.951056 0.000000 0.309017
vn -0.951056 0.000000 0.309017
vn -0.809017 0.000000 0.587785
vn -0.809017 0.000000 0.587785
vn -0.587785 0.000000 0.809017
vn -0.587785 0.000000 0.809017
vn -0.309017 0.000000 0.951057
vn -0.309017 0.000000 0.951057
vn 0.000000 0.000000 1.000000
vn 0.000000 0.000000 1.000000
vn 0.309017 0.000000 0.951056
vn 0.309017 0.000000 0.951056
vn 0.587785 0.000000 0.809017
vn 0.587785 0.000000 0.809017
vn 0.809017 0.000000 0.587785
vn 0.809017 0.000000 0.587785
vn 0.951057 0.000000 0.309017
vn 0.951057 0.000000 0.309017
vn 1.000000 0.000000 0.000001
vn 1.000000 0.000000 0.000001
vn 0.000000 -1.000000 0.000000
vn 0.000000 -1.000000 0.000000
vn 0.000000 -1.000000 0.000000
vn 0.000000 -1.000000 0.000000
vn 0.000000 -1.000000 0.000000
vn 0.000000 -1.000000 0.000000
vn 0.000000 -1.000000 0.000000
vn 0.000000 -1.000000 0.000000
vn 0.000000 -1.000000 0.000000
vn 0.000000 -1.000000 0.000000
vn 0.000000 -1.000000 0.000000
vn 0.000000 -1.000000 0.000000
vn 0.000000 -1.000000 0.000000
vn 0.000000 -1.000000 0.000000
vn 0.000000 -1.000000 0.000000
vn 0.000000 -1.000000 0.000000
vn 0.000000 -1.000000 0.000000
vn 0.000000 -1.000000 0.000000
vn 0.000000 -1.000000 0.000000
vn 0.000000 -1.000000 0.000000
vn 0.000000 -1.000000 0.000000
vn 0.000000 1.000000 0.000000
vn 0.000000 1.000000 0.000000
vn 0.000000 1.000000 0.000000
vn 0.000000 1.000000 0.000000
vn 0.000000 1.000000 0.000000
vn 0.000000 1.000000 0.000000
vn 0.000000 1.000000 0.000000
vn 0.000000 1.000000 0.000000
vn 0.000000 1.000000 0.000000
vn 0.000000 1.000000 0.000000
vn 0.000000 1.000000 0.000000
vn 0.000000 1.000000 0.000000
vn 0.000000 1.000000 0.000000
vn 0.000000 1.000000 0.000000
vn 0.000000 1.000000 0.000000
vn 0.000000 1.000000 0.000000
vn 0.000000 1.000000 0.000000
vn 0.000000 1.000000 0.000000
vn 0.000000 1.000000 0.000000
vn 0.000000 1.000000 0.000000
vn 0.000000 1.000000 0.000000
s 1
g lighthouse1 pCylinder16
usemtl initialShadingGroup
f 274/567/534 275/568/535 295/589/536 294/588/537
f 275/568/535 276/569/538 296/590/539 295/589/536
f 276/569/538 277/570/540 297/591/541 296/590/539
f 277/570/540 278/571/542 298/592/543 297/591/541
f 278/571/542 279/572/544 299/593/545 298/592/543
f 279/572/544 280/573/546 300/594/547 299/593/545
f 280/573/546 281/574/548 301/595/549 300/594/547
f 281/574/548 282/575/550 302/596/551 301/595/549
f 282/575/550 283/576/552 303/597/553 302/596/551
f 283/576/552 284/577/554 304/598/555 303/597/553
f 284/577/554 285/578/556 305/599/557 304/598/555
f 285/578/556 286/579/558 306/600/559 305/599/557
f 286/579/558 287/580/560 307/601/561 306/600/559
f 287/580/560 288/581/562 308/602/563 307/601/561
f 288/581/562 289/582/564 309/603/565 308/602/563
f 289/582/564 290/583/566 310/604/567 309/603/565
f 290/583/566 291/584/568 311/605/569 310/604/567
f 291/584/568 292/585/570 312/606/571 311/605/569
f 292/585/570 293/586/572 313/607/573 312/606/571
f 293/586/572 274/587/534 294/608/537 313/607/573
s 2
f 275/548/574 274/547/575 314/629/576
f 276/549/577 275/548/574 314/629/576
f 277/550/578 276/549/577 314/629/576
f 278/551/579 277/550/578 314/629/576
f 279/552/580 278/551/579 314/629/576
f 280/553/581 279/552/580 314/629/576
f 281/554/582 280/553/581 314/629/576
f 282/555/583 281/554/582 314/629/576
f 283/556/584 282/555/583 314/629/576
f 284/557/585 283/556/584 314/629/576
f 285/558/586 284/557/585 314/629/576
f 286/559/587 285/558/586 314/629/576
f 287/560/588 286/559/587 314/629/576
f 288/561/589 287/560/588 314/629/576
f 289/562/590 288/561/589 314/629/576
f 290/563/591 289/562/590 314/629/576
f 291/564/592 290/563/591 314/629/576
f 292/565/593 291/564/592 314/629/576
f 293/566/594 292/565/593 314/629/576
f 274/547/575 293/566/594 314/629/576
s 3
f 294/627/595 295/626/596 315/630/597
f 295/626/596 296/625/598 315/630/597
f 296/625/598 297/624/599 315/630/597
f 297/624/599 298/623/600 315/630/597
f 298/623/600 299/622/601 315/630/597
f 299/622/601 300/621/602 315/630/597
f 300/621/602 301/620/603 315/630/597
f 301/620/603 302/619/604 315/630/597
f 302/619/604 303/618/605 315/630/597
f 303/618/605 304/617/606 315/630/597
f 304/617/606 305/616/607 315/630/597
f 305/616/607 306/615/608 315/630/597
f 306/615/608 307/614/609 315/630/597
f 307/614/609 308/613/610 315/630/597
f 308/613/610 309/612/611 315/630/597
f 309/612/611 310/611/612 315/630/597
f 310/611/612 311/610/613 315/630/597
f 311/610/613 312/609/614 315/630/597
f 312/609/614 313/628/615 315/630/597
f 313/628/615 294/627/595 315/630/597
g default
v -0.320552 6.419635 1.158349
v -0.323201 6.419635 1.153151
v -0.327326 6.419635 1.149026
v -0.332523 6.419635 1.146377
v -0.338285 6.419635 1.145465
v -0.344047 6.419635 1.146377
v -0.349245 6.419635 1.149026
v -0.353370 6.419635 1.153151
v -0.356018 6.419635 1.158349
v -0.356930 6.419635 1.164110
v -0.356018 6.419635 1.169872
v -0.353370 6.419635 1.175070
v -0.349245 6.419635 1.179195
v -0.344047 6.419635 1.181843
v -0.338285 6.419635 1.182756
v -0.332523 6.419635 1.181843
v -0.327326 6.419635 1.179195
v -0.323201 6.419635 1.175070
v -0.320552 6.419635 1.169872
v -0.319640 6.419635 1.164110
v -0.320552 6.612832 1.158349
v -0.323201 6.612832 1.153151
v -0.327326 6.612832 1.149026
v -0.332523 6.612832 1.146377
v -0.338285 6.612832 1.145465
v -0.344047 6.612832 1.146377
v -0.349245 6.612832 1.149026
v -0.353370 6.612832 1.153151
v -0.356018 6.612832 1.158349
v -0.356930 6.612832 1.164110
v -0.356018 6.612832 1.169872
v -0.353370 6.612832 1.175070
v -0.349245 6.612832 1.179195
v -0.344047 6.612832 1.181843
v -0.338285 6.612832 1.182756
v -0.332523 6.612832 1.181843
v -0.327326 6.612832 1.179195
v -0.323201 6.612832 1.175070
v -0.320552 6.612832 1.169872
v -0.319640 6.612832 1.164110
v -0.338285 6.419635 1.164110
v -0.338285 6.612832 1.164110
vt 0.944119 0.464680
vt 0.940023 0.456641
vt 0.933642 0.450260
vt 0.925603 0.446164
vt 0.916691 0.444753
vt 0.907779 0.446164
vt 0.899739 0.450261
vt 0.893359 0.456641
vt 0.889263 0.464680
vt 0.887851 0.473592
vt 0.889263 0.482504
vt 0.893359 0.490544
vt 0.899739 0.496924
vt 0.907779 0.501020
vt 0.916691 0.502432
vt 0.925603 0.501020
vt 0.933642 0.496924
vt 0.940023 0.490544
vt 0.944119 0.482504
vt 0.945530 0.473592
vt 0.893619 0.502432
vt 0.895926 0.502432
vt 0.898234 0.502432
vt 0.900541 0.502432
vt 0.902848 0.502432
vt 0.905155 0.502432
vt 0.907462 0.502432
vt 0.909769 0.502432
vt 0.912076 0.502432
vt 0.914384 0.502432
vt 0.916691 0.502432
vt 0.918998 0.502432
vt 0.921305 0.502432
vt 0.923612 0.502432
vt 0.925920 0.502432
vt 0.928227 0.502432
vt 0.930534 0.502432
vt 0.932841 0.502432
vt 0.935148 0.502432
vt 0.937455 0.502432
vt 0.939762 0.502432
vt 0.893619 0.571647
vt 0.895926 0.571647
vt 0.898234 0.571647
vt 0.900541 0.571647
vt 0.902848 0.571647
vt 0.905155 0.571647
vt 0.907462 0.571647
vt 0.909769 0.571647
vt 0.912076 0.571647
vt 0.914384 0.571647
vt 0.916691 0.571647
vt 0.918998 0.571647
vt 0.921305 0.571647
vt 0.923612 0.571647
vt 0.925920 0.571647
vt 0.928227 0.571647
vt 0.930534 0.571647
vt 0.932841 0.571647
vt 0.935148 0.571647
vt 0.937455 0.571647
vt 0.939762 0.571647
vt 0.944119 0.591574
vt 0.940023 0.583535
vt 0.933642 0.577154
vt 0.925603 0.573058
vt 0.916691 0.571647
vt 0.907779 0.573058
vt 0.899739 0.577154
vt 0.893359 0.583535
vt 0.889263 0.591574
vt 0.887851 0.600486
vt 0.889263 0.609398
vt 0.893359 0.617438
vt 0.899739 0.623818
vt 0.907779 0.627914
vt 0.916691 0.629326
vt 0.925603 0.627914
vt 0.933642 0.623818
vt 0.940023 0.617438
vt 0.944119 0.609398
vt 0.945530 0.600486
vt 0.916691 0.473592
vt 0.916691 0.600486
vn 0.951057 0.000000 -0.309016
vn 0.809017 0.000000 -0.587785
vn 0.809017 0.000000 -0.587785
vn 0.951057 0.000000 -0.309016
vn 0.587785 0.000000 -0.809017
vn 0.587785 0.000000 -0.809017
vn 0.309017 0.000000 -0.951057
vn 0.309017 0.000000 -0.951057
vn -0.000000 0.000000 -1.000000
vn -0.000000 0.000000 -1.000000
vn -0.309017 0.000000 -0.951056
vn -0.309017 0.000000 -0.951056
vn -0.587785 0.000000 -0.809017
vn -0.587785 0.000000 -0.809017
vn -0.809017 0.000000 -0.587785
vn -0.809017 0.000000 -0.587785
vn -0.951057 0.000000 -0.309017
vn -0.951057 0.000000 -0.309017
vn -1.000000 0.000000 0.000000
vn -1.000000 0.000000 0.000000
vn -0.951056 0.000000 0.309017
vn -0.951056 0.000000 0.309017
vn -0.809017 0.000000 0.587785
vn -0.809017 0.000000 0.587785
vn -0.587785 0.000000 0.809017
vn -0.587785 0.000000 0.809017
vn -0.309017 0.000000 0.951057
vn -0.309017 0.000000 0.951057
vn 0.000000 0.000000 1.000000
vn 0.000000 0.000000 1.000000
vn 0.309017 0.000000 0.951056
vn 0.309017 0.000000 0.951056
vn 0.587785 0.000000 0.809017
vn 0.587785 0.000000 0.809017
vn 0.809017 0.000000 0.587785
vn 0.809017 0.000000 0.587785
vn 0.951057 0.000000 0.309017
vn 0.951057 0.000000 0.309017
vn 1.000000 0.000000 0.000001
vn 1.000000 0.000000 0.000001
vn 0.000000 -1.000000 0.000000
vn 0.000000 -1.000000 0.000000
vn 0.000000 -1.000000 0.000000
vn 0.000000 -1.000000 0.000000
vn 0.000000 -1.000000 0.000000
vn 0.000000 -1.000000 0.000000
vn 0.000000 -1.000000 0.000000
vn 0.000000 -1.000000 0.000000
vn 0.000000 -1.000000 0.000000
vn 0.000000 -1.000000 0.000000
vn 0.000000 -1.000000 0.000000
vn 0.000000 -1.000000 0.000000
vn 0.000000 -1.000000 0.000000
vn 0.000000 -1.000000 0.000000
vn 0.000000 -1.000000 0.000000
vn 0.000000 -1.000000 0.000000
vn 0.000000 -1.000000 0.000000
vn 0.000000 -1.000000 0.000000
vn 0.000000 -1.000000 0.000000
vn 0.000000 -1.000000 0.000000
vn 0.000000 -1.000000 0.000000
vn 0.000000 1.000000 0.000000
vn 0.000000 1.000000 0.000000
vn 0.000000 1.000000 0.000000
vn 0.000000 1.000000 0.000000
vn 0.000000 1.000000 0.000000
vn 0.000000 1.000000 0.000000
vn 0.000000 1.000000 0.000000
vn 0.000000 1.000000 0.000000
vn 0.000000 1.000000 0.000000
vn 0.000000 1.000000 0.000000
vn 0.000000 1.000000 0.000000
vn 0.000000 1.000000 0.000000
vn 0.000000 1.000000 0.000000
vn 0.000000 1.000000 0.000000
vn 0.000000 1.000000 0.000000
vn 0.000000 1.000000 0.000000
vn 0.000000 1.000000 0.000000
vn 0.000000 1.000000 0.000000
vn 0.000000 1.000000 0.000000
vn 0.000000 1.000000 0.000000
vn 0.000000 1.000000 0.000000
s 1
g lighthouse1 pCylinder11
usemtl initialShadingGroup
f 316/651/616 317/652/617 337/673/618 336/672/619
f 317/652/617 318/653/620 338/674/621 337/673/618
f 318/653/620 319/654/622 339/675/623 338/674/621
f 319/654/622 320/655/624 340/676/625 339/675/623
f 320/655/624 321/656/626 341/677/627 340/676/625
f 321/656/626 322/657/628 342/678/629 341/677/627
f 322/657/628 323/658/630 343/679/631 342/678/629
f 323/658/630 324/659/632 344/680/633 343/679/631
f 324/659/632 325/660/634 345/681/635 344/680/633
f 325/660/634 326/661/636 346/682/637 345/681/635
f 326/661/636 327/662/638 347/683/639 346/682/637
f 327/662/638 328/663/640 348/684/641 347/683/639
f 328/663/640 329/664/642 349/685/643 348/684/641
f 329/664/642 330/665/644 350/686/645 349/685/643
f 330/665/644 331/666/646 351/687/647 350/686/645
f 331/666/646 332/667/648 352/688/649 351/687/647
f 332/667/648 333/668/650 353/689/651 352/688/649
f 333/668/650 334/669/652 354/690/653 353/689/651
f 334/669/652 335/670/654 355/691/655 354/690/653
f 335/670/654 316/671/616 336/692/619 355/691/655
s 2
f 317/632/656 316/631/657 356/713/658
f 318/633/659 317/632/656 356/713/658
f 319/634/660 318/633/659 356/713/658
f 320/635/661 319/634/660 356/713/658
f 321/636/662 320/635/661 356/713/658
f 322/637/663 321/636/662 356/713/658
f 323/638/664 322/637/663 356/713/658
f 324/639/665 323/638/664 356/713/658
f 325/640/666 324/639/665 356/713/658
f 326/641/667 325/640/666 356/713/658
f 327/642/668 326/641/667 356/713/658
f 328/643/669 327/642/668 356/713/658
f 329/644/670 328/643/669 356/713/658
f 330/645/671 329/644/670 356/713/658
f 331/646/672 330/645/671 356/713/658
f 332/647/673 331/646/672 356/713/658
f 333/648/674 332/647/673 356/713/658
f 334/649/675 333/648/674 356/713/658
f 335/650/676 334/649/675 356/713/658
f 316/631/657 335/650/676 356/713/658
s 3
f 336/711/677 337/710/678 357/714/679
f 337/710/678 338/709/680 357/714/679
f 338/709/680 339/708/681 357/714/679
f 339/708/681 340/707/682 357/714/679
f 340/707/682 341/706/683 357/714/679
f 341/706/683 342/705/684 357/714/679
f 342/705/684 343/704/685 357/714/679
f 343/704/685 344/703/686 357/714/679
f 344/703/686 345/702/687 357/714/679
f 345/702/687 346/701/688 357/714/679
f 346/701/688 347/700/689 357/714/679
f 347/700/689 348/699/690 357/714/679
f 348/699/690 349/698/691 357/714/679
f 349/698/691 350/697/692 357/714/679
f 350/697/692 351/696/693 357/714/679
f 351/696/693 352/695/694 357/714/679
f 352/695/694 353/694/695 357/714/679
f 353/694/695 354/693/696 357/714/679
f 354/693/696 355/712/697 357/714/679
f 355/712/697 336/711/677 357/714/679
g default
v 0.336503 6.419635 1.177777
v 0.333854 6.419635 1.172579
v 0.329729 6.419635 1.168454
v 0.324531 6.419635 1.165806
v 0.318770 6.419635 1.164893
v 0.313008 6.419635 1.165806
v 0.307810 6.419635 1.168454
v 0.303685 6.419635 1.172579
v 0.301037 6.419635 1.177777
v 0.300124 6.419635 1.183539
v 0.301037 6.419635 1.189300
v 0.303685 6.419635 1.194498
v 0.307810 6.419635 1.198623
v 0.313008 6.419635 1.201271
v 0.318770 6.419635 1.202184
v 0.324531 6.419635 1.201271
v 0.329729 6.419635 1.198623
v 0.333854 6.419635 1.194498
v 0.336503 6.419635 1.189300
v 0.337415 6.419635 1.183539
v 0.336503 6.612832 1.177777
v 0.333854 6.612832 1.172579
v 0.329729 6.612832 1.168454
v 0.324531 6.612832 1.165806
v 0.318770 6.612832 1.164893
v 0.313008 6.612832 1.165806
v 0.307810 6.612832 1.168454
v 0.303685 6.612832 1.172579
v 0.301037 6.612832 1.177777
v 0.300124 6.612832 1.183539
v 0.301037 6.612832 1.189300
v 0.303685 6.612832 1.194498
v 0.307810 6.612832 1.198623
v 0.313008 6.612832 1.201271
v 0.318770 6.612832 1.202184
v 0.324531 6.612832 1.201271
v 0.329729 6.612832 1.198623
v 0.333854 6.612832 1.194498
v 0.336503 6.612832 1.189300
v 0.337415 6.612832 1.183539
v 0.318770 6.419635 1.183539
v 0.318770 6.612832 1.183539
vt 0.950932 0.458920
vt 0.946510 0.450241
vt 0.939622 0.443353
vt 0.930942 0.438930
vt 0.921321 0.437406
vt 0.911699 0.438930
vt 0.903020 0.443353
vt 0.896132 0.450241
vt 0.891709 0.458920
vt 0.890186 0.468542
vt 0.891709 0.478163
vt 0.896132 0.486843
vt 0.903020 0.493731
vt 0.911699 0.498153
vt 0.921321 0.499677
vt 0.930942 0.498153
vt 0.939622 0.493731
vt 0.946510 0.486843
vt 0.950932 0.478163
vt 0.952456 0.468542
vt 0.896413 0.499677
vt 0.898903 0.499677
vt 0.901394 0.499677
vt 0.903885 0.499677
vt 0.906376 0.499677
vt 0.908867 0.499677
vt 0.911358 0.499677
vt 0.913848 0.499677
vt 0.916339 0.499677
vt 0.918830 0.499677
vt 0.921321 0.499677
vt 0.923812 0.499677
vt 0.926302 0.499677
vt 0.928793 0.499677
vt 0.931284 0.499677
vt 0.933775 0.499677
vt 0.936266 0.499677
vt 0.938756 0.499677
vt 0.941247 0.499677
vt 0.943738 0.499677
vt 0.946229 0.499677
vt 0.896413 0.574401
vt 0.898903 0.574401
vt 0.901394 0.574401
vt 0.903885 0.574401
vt 0.906376 0.574401
vt 0.908867 0.574401
vt 0.911358 0.574401
vt 0.913848 0.574401
vt 0.916339 0.574401
vt 0.918830 0.574401
vt 0.921321 0.574401
vt 0.923812 0.574401
vt 0.926302 0.574401
vt 0.928793 0.574401
vt 0.931284 0.574401
vt 0.933775 0.574401
vt 0.936266 0.574401
vt 0.938756 0.574401
vt 0.941247 0.574401
vt 0.943738 0.574401
vt 0.946229 0.574401
vt 0.950932 0.595915
vt 0.946510 0.587236
vt 0.939622 0.580348
vt 0.930942 0.575925
vt 0.921321 0.574401
vt 0.911699 0.575925
vt 0.903020 0.580348
vt 0.896132 0.587236
vt 0.891709 0.595915
vt 0.890186 0.605537
vt 0.891709 0.615158
vt 0.896132 0.623837
vt 0.903020 0.630726
vt 0.911699 0.635148
vt 0.921321 0.636672
vt 0.930942 0.635148
vt 0.939622 0.630726
vt 0.946510 0.623837
vt 0.950932 0.615158
vt 0.952456 0.605537
vt 0.921321 0.468542
vt 0.921321 0.605537
vn 0.951057 0.000000 -0.309016
vn 0.809017 0.000000 -0.587785
vn 0.809017 0.000000 -0.587785
vn 0.951057 0.000000 -0.309016
vn 0.587785 0.000000 -0.809017
vn 0.587785 0.000000 -0.809017
vn 0.309017 0.000000 -0.951057
vn 0.309017 0.000000 -0.951057
vn -0.000000 0.000000 -1.000000
vn -0.000000 0.000000 -1.000000
vn -0.309017 0.000000 -0.951056
vn -0.309017 0.000000 -0.951056
vn -0.587785 0.000000 -0.809017
vn -0.587785 0.000000 -0.809017
vn -0.809017 0.000000 -0.587785
vn -0.809017 0.000000 -0.587785
vn -0.951057 0.000000 -0.309017
vn -0.951057 0.000000 -0.309017
vn -1.000000 0.000000 0.000000
vn -1.000000 0.000000 0.000000
vn -0.951056 0.000000 0.309017
vn -0.951056 0.000000 0.309017
vn -0.809017 0.000000 0.587785
vn -0.809017 0.000000 0.587785
vn -0.587785 0.000000 0.809017
vn -0.587785 0.000000 0.809017
vn -0.309017 0.000000 0.951057
vn -0.309017 0.000000 0.951057
vn 0.000000 0.000000 1.000000
vn 0.000000 0.000000 1.000000
vn 0.309017 0.000000 0.951056
vn 0.309017 0.000000 0.951056
vn 0.587785 0.000000 0.809017
vn 0.587785 0.000000 0.809017
vn 0.809017 0.000000 0.587785
vn 0.809017 0.000000 0.587785
vn 0.951057 0.000000 0.309017
vn 0.951057 0.000000 0.309017
vn 1.000000 0.000000 0.000001
vn 1.000000 0.000000 0.000001
vn 0.000000 -1.000000 0.000000
vn 0.000000 -1.000000 0.000000
vn 0.000000 -1.000000 0.000000
vn 0.000000 -1.000000 0.000000
vn 0.000000 -1.000000 0.000000
vn 0.000000 -1.000000 0.000000
vn 0.000000 -1.000000 0.000000
vn 0.000000 -1.000000 0.000000
vn 0.000000 -1.000000 0.000000
vn 0.000000 -1.000000 0.000000
vn 0.000000 -1.000000 0.000000
vn 0.000000 -1.000000 0.000000
vn 0.000000 -1.000000 0.000000
vn 0.000000 -1.000000 0.000000
vn 0.000000 -1.000000 0.000000
vn 0.000000 -1.000000 0.000000
vn 0.000000 -1.000000 0.000000
vn 0.000000 -1.000000 0.000000
vn 0.000000 -1.000000 0.000000
vn 0.000000 -1.000000 0.000000
vn 0.000000 -1.000000 0.000000
vn 0.000000 1.000000 0.000000
vn 0.000000 1.000000 0.000000
vn 0.000000 1.000000 0.000000
vn 0.000000 1.000000 0.000000
vn 0.000000 1.000000 0.000000
vn 0.000000 1.000000 0.000000
vn 0.000000 1.000000 0.000000
vn 0.000000 1.000000 0.000000
vn 0.000000 1.000000 0.000000
vn 0.000000 1.000000 0.000000
vn 0.000000 1.000000 0.000000
vn 0.000000 1.000000 0.000000
vn 0.000000 1.000000 0.000000
vn 0.000000 1.000000 0.000000
vn 0.000000 1.000000 0.000000
vn 0.000000 1.000000 0.000000
vn 0.000000 1.000000 0.000000
vn 0.000000 1.000000 0.000000
vn 0.000000 1.000000 0.000000
vn 0.000000 1.000000 0.000000
vn 0.000000 1.000000 0.000000
s 1
g lighthouse1 pCylinder12
usemtl initialShadingGroup
f 358/735/698 359/736/699 379/757/700 378/756/701
f 359/736/699 360/737/702 380/758/703 379/757/700
f 360/737/702 361/738/704 381/759/705 380/758/703
f 361/738/704 362/739/706 382/760/707 381/759/705
f 362/739/706 363/740/708 383/761/709 382/760/707
f 363/740/708 364/741/710 384/762/711 383/761/709
f 364/741/710 365/742/712 385/763/713 384/762/711
f 365/742/712 366/743/714 386/764/715 385/763/713
f 366/743/714 367/744/716 387/765/717 386/764/715
f 367/744/716 368/745/718 388/766/719 387/765/717
f 368/745/718 369/746/720 389/767/721 388/766/719
f 369/746/720 370/747/722 390/768/723 389/767/721
f 370/747/722 371/748/724 391/769/725 390/768/723
f 371/748/724 372/749/726 392/770/727 391/769/725
f 372/749/726 373/750/728 393/771/729 392/770/727
f 373/750/728 374/751/730 394/772/731 393/771/729
f 374/751/730 375/752/732 395/773/733 394/772/731
f 375/752/732 376/753/734 396/774/735 395/773/733
f 376/753/734 377/754/736 397/775/737 396/774/735
f 377/754/736 358/755/698 378/776/701 397/775/737
s 2
f 359/716/738 358/715/739 398/797/740
f 360/717/741 359/716/738 398/797/740
f 361/718/742 360/717/741 398/797/740
f 362/719/743 361/718/742 398/797/740
f 363/720/744 362/719/743 398/797/740
f 364/721/745 363/720/744 398/797/740
f 365/722/746 364/721/745 398/797/740
f 366/723/747 365/722/746 398/797/740
f 367/724/748 366/723/747 398/797/740
f 368/725/749 367/724/748 398/797/740
f 369/726/750 368/725/749 398/797/740
f 370/727/751 369/726/750 398/797/740
f 371/728/752 370/727/751 398/797/740
f 372/729/753 371/728/752 398/797/740
f 373/730/754 372/729/753 398/797/740
f 374/731/755 373/730/754 398/797/740
f 375/732/756 374/731/755 398/797/740
f 376/733/757 375/732/756 398/797/740
f 377/734/758 376/733/757 398/797/740
f 358/715/739 377/734/758 398/797/740
s 3
f 378/795/759 379/794/760 399/798/761
f 379/794/760 380/793/762 399/798/761
f 380/793/762 381/792/763 399/798/761
f 381/792/763 382/791/764 399/798/761
f 382/791/764 383/790/765 399/798/761
f 383/790/765 384/789/766 399/798/761
f 384/789/766 385/788/767 399/798/761
f 385/788/767 386/787/768 399/798/761
f 386/787/768 387/786/769 399/798/761
f 387/786/769 388/785/770 399/798/761
f 388/785/770 389/784/771 399/798/761
f 389/784/771 390/783/772 399/798/761
f 390/783/772 391/782/773 399/798/761
f 391/782/773 392/781/774 399/798/761
f 392/781/774 393/780/775 399/798/761
f 393/780/775 394/779/776 399/798/761
f 394/779/776 395/778/777 399/798/761
f 395/778/777 396/777/778 399/798/761
f 396/777/778 397/796/779 399/798/761
f 397/796/779 378/795/759 399/798/761
g default
v -0.833599 6.419635 0.858380
v -0.836247 6.419635 0.853183
v -0.840372 6.419635 0.849058
v -0.845570 6.419635 0.846409
v -0.851332 6.419635 0.845497
v -0.857093 6.419635 0.846409
v -0.862291 6.419635 0.849058
v -0.866416 6.419635 0.853183
v -0.869065 6.419635 0.858380
v -0.869977 6.419635 0.864142
v -0.869065 6.419635 0.869904
v -0.866416 6.419635 0.875102
v -0.862291 6.419635 0.879227
v -0.857093 6.419635 0.881875
v -0.851332 6.419635 0.882788
v -0.845570 6.419635 0.881875
v -0.840372 6.419635 0.879227
v -0.836247 6.419635 0.875102
v -0.833599 6.419635 0.869904
v -0.832686 6.419635 0.864142
v -0.833599 6.612832 0.858380
v -0.836247 6.612832 0.853183
v -0.840372 6.612832 0.849058
v -0.845570 6.612832 0.846409
v -0.851332 6.612832 0.845497
v -0.857093 6.612832 0.846409
v -0.862291 6.612832 0.849058
v -0.866416 6.612832 0.853183
v -0.869065 6.612832 0.858380
v -0.869977 6.612832 0.864142
v -0.869065 6.612832 0.869904
v -0.866416 6.612832 0.875102
v -0.862291 6.612832 0.879227
v -0.857093 6.612832 0.881875
v -0.851332 6.612832 0.882788
v -0.845570 6.612832 0.881875
v -0.840372 6.612832 0.879227
v -0.836247 6.612832 0.875102
v -0.833599 6.612832 0.869904
v -0.832686 6.612832 0.864142
v -0.851332 6.419635 0.864142
v -0.851332 6.612832 0.864142
vt 0.945662 0.464680
vt 0.941566 0.456641
vt 0.935186 0.450260
vt 0.927146 0.446164
vt 0.918234 0.444753
vt 0.909322 0.446164
vt 0.901283 0.450261
vt 0.894902 0.456641
vt 0.890806 0.464680
vt 0.889395 0.473592
vt 0.890806 0.482504
vt 0.894902 0.490544
vt 0.901283 0.496924
vt 0.909322 0.501020
vt 0.918234 0.502432
vt 0.927146 0.501020
vt 0.935186 0.496924
vt 0.941566 0.490544
vt 0.945662 0.482504
vt 0.947074 0.473592
vt 0.895163 0.502432
vt 0.897470 0.502432
vt 0.899777 0.502432
vt 0.902084 0.502432
vt 0.904391 0.502432
vt 0.906698 0.502432
vt 0.909006 0.502432
vt 0.911313 0.502432
vt 0.913620 0.502432
vt 0.915927 0.502432
vt 0.918234 0.502432
vt 0.920541 0.502432
vt 0.922848 0.502432
vt 0.925156 0.502432
vt 0.927463 0.502432
vt 0.929770 0.502432
vt 0.932077 0.502432
vt 0.934384 0.502432
vt 0.936691 0.502432
vt 0.938999 0.502432
vt 0.941306 0.502432
vt 0.895163 0.571647
vt 0.897470 0.571647
vt 0.899777 0.571647
vt 0.902084 0.571647
vt 0.904391 0.571647
vt 0.906698 0.571647
vt 0.909006 0.571647
vt 0.911313 0.571647
vt 0.913620 0.571647
vt 0.915927 0.571647
vt 0.918234 0.571647
vt 0.920541 0.571647
vt 0.922848 0.571647
vt 0.925156 0.571647
vt 0.927463 0.571647
vt 0.929770 0.571647
vt 0.932077 0.571647
vt 0.934384 0.571647
vt 0.936691 0.571647
vt 0.938999 0.571647
vt 0.941306 0.571647
vt 0.945662 0.591574
vt 0.941566 0.583535
vt 0.935186 0.577154
vt 0.927146 0.573058
vt 0.918234 0.571647
vt 0.909322 0.573058
vt 0.901283 0.577154
vt 0.894902 0.583535
vt 0.890806 0.591574
vt 0.889395 0.600486
vt 0.890806 0.609398
vt 0.894902 0.617438
vt 0.901283 0.623818
vt 0.909322 0.627914
vt 0.918234 0.629326
vt 0.927146 0.627914
vt 0.935186 0.623818
vt 0.941566 0.617438
vt 0.945662 0.609398
vt 0.947074 0.600486
vt 0.918234 0.473592
vt 0.918234 0.600486
vn 0.951057 0.000000 -0.309016
vn 0.809017 0.000000 -0.587785
vn 0.809017 0.000000 -0.587785
vn 0.951057 0.000000 -0.309016
vn 0.587785 0.000000 -0.809017
vn 0.587785 0.000000 -0.809017
vn 0.309017 0.000000 -0.951057
vn 0.309017 0.000000 -0.951057
vn -0.000000 0.000000 -1.000000
vn -0.000000 0.000000 -1.000000
vn -0.309017 0.000000 -0.951056
vn -0.309017 0.000000 -0.951056
vn -0.587785 0.000000 -0.809017
vn -0.587785 0.000000 -0.809017
vn -0.809017 0.000000 -0.587785
vn -0.809017 0.000000 -0.587785
vn -0.951057 0.000000 -0.309017
vn -0.951057 0.000000 -0.309017
vn -1.000000 0.000000 0.000000
vn -1.000000 0.000000 0.000000
vn -0.951056 0.000000 0.309017
vn -0.951056 0.000000 0.309017
vn -0.809017 0.000000 0.587785
vn -0.809017 0.000000 0.587785
vn -0.587785 0.000000 0.809017
vn -0.587785 0.000000 0.809017
vn -0.309017 0.000000 0.951057
vn -0.309017 0.000000 0.951057
vn 0.000000 0.000000 1.000000
vn 0.000000 0.000000 1.000000
vn 0.309017 0.000000 0.951056
vn 0.309017 0.000000 0.951056
vn 0.587785 0.000000 0.809017
vn 0.587785 0.000000 0.809017
vn 0.809017 0.000000 0.587785
vn 0.809017 0.000000 0.587785
vn 0.951057 0.000000 0.309017
vn 0.951057 0.000000 0.309017
vn 1.000000 0.000000 0.000001
vn 1.000000 0.000000 0.000001
vn 0.000000 -1.000000 0.000000
vn 0.000000 -1.000000 0.000000
vn 0.000000 -1.000000 0.000000
vn 0.000000 -1.000000 0.000000
vn 0.000000 -1.000000 0.000000
vn 0.000000 -1.000000 0.000000
vn 0.000000 -1.000000 0.000000
vn 0.000000 -1.000000 0.000000
vn 0.000000 -1.000000 0.000000
vn 0.000000 -1.000000 0.000000
vn 0.000000 -1.000000 0.000000
vn 0.000000 -1.000000 0.000000
vn 0.000000 -1.000000 0.000000
vn 0.000000 -1.000000 0.000000
vn 0.000000 -1.000000 0.000000
vn 0.000000 -1.000000 0.000000
vn 0.000000 -1.000000 0.000000
vn 0.000000 -1.000000 0.000000
vn 0.000000 -1.000000 0.000000
vn 0.000000 -1.000000 0.000000
vn 0.000000 -1.000000 0.000000
vn 0.000000 1.000000 0.000000
vn 0.000000 1.000000 0.000000
vn 0.000000 1.000000 0.000000
vn 0.000000 1.000000 0.000000
vn 0.000000 1.000000 0.000000
vn 0.000000 1.000000 0.000000
vn 0.000000 1.000000 0.000000
vn 0.000000 1.000000 0.000000
vn 0.000000 1.000000 0.000000
vn 0.000000 1.000000 0.000000
vn 0.000000 1.000000 0.000000
vn 0.000000 1.000000 0.000000
vn 0.000000 1.000000 0.000000
vn 0.000000 1.000000 0.000000
vn 0.000000 1.000000 0.000000
vn 0.000000 1.000000 0.000000
vn 0.000000 1.000000 0.000000
vn 0.000000 1.000000 0.000000
vn 0.000000 1.000000 0.000000
vn 0.000000 1.000000 0.000000
vn 0.000000 1.000000 0.000000
s 1
g lighthouse1 pCylinder10
usemtl initialShadingGroup
f 400/819/780 401/820/781 421/841/782 420/840/783
f 401/820/781 402/821/784 422/842/785 421/841/782
f 402/821/784 403/822/786 423/843/787 422/842/785
f 403/822/786 404/823/788 424/844/789 423/843/787
f 404/823/788 405/824/790 425/845/791 424/844/789
f 405/824/790 406/825/792 426/846/793 425/845/791
f 406/825/792 407/826/794 427/847/795 426/846/793
f 407/826/794 408/827/796 428/848/797 427/847/795
f 408/827/796 409/828/798 429/849/799 428/848/797
f 409/828/798 410/829/800 430/850/801 429/849/799
f 410/829/800 411/830/802 431/851/803 430/850/801
f 411/830/802 412/831/804 432/852/805 431/851/803
f 412/831/804 413/832/806 433/853/807 432/852/805
f 413/832/806 414/833/808 434/854/809 433/853/807
f 414/833/808 415/834/810 435/855/811 434/854/809
f 415/834/810 416/835/812 436/856/813 435/855/811
f 416/835/812 417/836/814 437/857/815 436/856/813
f 417/836/814 418/837/816 438/858/817 437/857/815
f 418/837/816 419/838/818 439/859/819 438/858/817
f 419/838/818 400/839/780 420/860/783 439/859/819
s 2
f 401/800/820 400/799/821 440/881/822
f 402/801/823 401/800/820 440/881/822
f 403/802/824 402/801/823 440/881/822
f 404/803/825 403/802/824 440/881/822
f 405/804/826 404/803/825 440/881/822
f 406/805/827 405/804/826 440/881/822
f 407/806/828 406/805/827 440/881/822
f 408/807/829 407/806/828 440/881/822
f 409/808/830 408/807/829 440/881/822
f 410/809/831 409/808/830 440/881/822
f 411/810/832 410/809/831 440/881/822
f 412/811/833 411/810/832 440/881/822
f 413/812/834 412/811/833 440/881/822
f 414/813/835 413/812/834 440/881/822
f 415/814/836 414/813/835 440/881/822
f 416/815/837 415/814/836 440/881/822
f 417/816/838 416/815/837 440/881/822
f 418/817/839 417/816/838 440/881/822
f 419/818/840 418/817/839 440/881/822
f 400/799/821 419/818/840 440/881/822
s 3
f 420/879/841 421/878/842 441/882/843
f 421/878/842 422/877/844 441/882/843
f 422/877/844 423/876/845 441/882/843
f 423/876/845 424/875/846 441/882/843
f 424/875/846 425/874/847 441/882/843
f 425/874/847 426/873/848 441/882/843
f 426/873/848 427/872/849 441/882/843
f 427/872/849 428/871/850 441/882/843
f 428/871/850 429/870/851 441/882/843
f 429/870/851 430/869/852 441/882/843
f 430/869/852 431/868/853 441/882/843
f 431/868/853 432/867/854 441/882/843
f 432/867/854 433/866/855 441/882/843
f 433/866/855 434/865/856 441/882/843
f 434/865/856 435/864/857 441/882/843
f 435/864/857 436/863/858 441/882/843
f 436/863/858 437/862/859 441/882/843
f 437/862/859 438/861/860 441/882/843
f 438/861/860 439/880/861 441/882/843
f 439/880/861 420/879/841 441/882/843
g default
v 1.169247 6.419635 -0.381052
v 1.166599 6.419635 -0.386250
v 1.162474 6.419635 -0.390375
v 1.157276 6.419635 -0.393023
v 1.151514 6.419635 -0.393936
v 1.145753 6.419635 -0.393023
v 1.140555 6.419635 -0.390375
v 1.136430 6.419635 -0.386250
v 1.133781 6.419635 -0.381052
v 1.132869 6.419635 -0.375291
v 1.133781 6.419635 -0.369529
v 1.136430 6.419635 -0.364331
v 1.140555 6.419635 -0.360206
v 1.145753 6.419635 -0.357558
v 1.151514 6.419635 -0.356645
v 1.157276 6.419635 -0.357558
v 1.162474 6.419635 -0.360206
v 1.166599 6.419635 -0.364331
v 1.169247 6.419635 -0.369529
v 1.170160 6.419635 -0.375291
v 1.169247 6.612832 -0.381052
v 1.166599 6.612832 -0.386250
v 1.162474 6.612832 -0.390375
v 1.157276 6.612832 -0.393023
v 1.151514 6.612832 -0.393936
v 1.145753 6.612832 -0.393023
v 1.140555 6.612832 -0.390375
v 1.136430 6.612832 -0.386250
v 1.133781 6.612832 -0.381052
v 1.132869 6.612832 -0.375291
v 1.133781 6.612832 -0.369529
v 1.136430 6.612832 -0.364331
v 1.140555 6.612832 -0.360206
v 1.145753 6.612832 -0.357558
v 1.151514 6.612832 -0.356645
v 1.157276 6.612832 -0.357558
v 1.162474 6.612832 -0.360206
v 1.166599 6.612832 -0.364331
v 1.169247 6.612832 -0.369529
v 1.170160 6.612832 -0.375291
v 1.151514 6.419635 -0.375291
v 1.151514 6.612832 -0.375291
vt 0.944119 0.467767
vt 0.940023 0.459727
vt 0.933642 0.453347
vt 0.925603 0.449251
vt 0.916691 0.447839
vt 0.907779 0.449251
vt 0.899739 0.453347
vt 0.893359 0.459727
vt 0.889263 0.467767
vt 0.887851 0.476679
vt 0.889263 0.485591
vt 0.893359 0.493630
vt 0.899739 0.500010
vt 0.907779 0.504107
vt 0.916691 0.505518
vt 0.925603 0.504107
vt 0.933642 0.500010
vt 0.940023 0.493630
vt 0.944119 0.485591
vt 0.945530 0.476679
vt 0.893619 0.505518
vt 0.895926 0.505518
vt 0.898234 0.505518
vt 0.900541 0.505518
vt 0.902848 0.505518
vt 0.905155 0.505518
vt 0.907462 0.505518
vt 0.909769 0.505518
vt 0.912076 0.505518
vt 0.914384 0.505518
vt 0.916691 0.505518
vt 0.918998 0.505518
vt 0.921305 0.505518
vt 0.923612 0.505518
vt 0.925920 0.505518
vt 0.928227 0.505518
vt 0.930534 0.505518
vt 0.932841 0.505518
vt 0.935148 0.505518
vt 0.937455 0.505518
vt 0.939762 0.505518
vt 0.893619 0.574733
vt 0.895926 0.574733
vt 0.898234 0.574733
vt 0.900541 0.574733
vt 0.902848 0.574733
vt 0.905155 0.574733
vt 0.907462 0.574733
vt 0.909769 0.574733
vt 0.912076 0.574733
vt 0.914384 0.574733
vt 0.916691 0.574733
vt 0.918998 0.574733
vt 0.921305 0.574733
vt 0.923612 0.574733
vt 0.925920 0.574733
vt 0.928227 0.574733
vt 0.930534 0.574733
vt 0.932841 0.574733
vt 0.935148 0.574733
vt 0.937455 0.574733
vt 0.939762 0.574733
vt 0.944119 0.594661
vt 0.940023 0.586621
vt 0.933642 0.580241
vt 0.925603 0.576145
vt 0.916691 0.574733
vt 0.907779 0.576145
vt 0.899739 0.580241
vt 0.893359 0.586621
vt 0.889263 0.594661
vt 0.887851 0.603573
vt 0.889263 0.612485
vt 0.893359 0.620524
vt 0.899739 0.626904
vt 0.907779 0.631001
vt 0.916691 0.632412
vt 0.925603 0.631001
vt 0.933642 0.626904
vt 0.940023 0.620524
vt 0.944119 0.612485
vt 0.945530 0.603573
vt 0.916691 0.476679
vt 0.916691 0.603573
vn 0.951057 0.000000 -0.309016
vn 0.809017 0.000000 -0.587785
vn 0.809017 0.000000 -0.587785
vn 0.951057 0.000000 -0.309016
vn 0.587785 0.000000 -0.809017
vn 0.587785 0.000000 -0.809017
vn 0.309017 0.000000 -0.951057
vn 0.309017 0.000000 -0.951057
vn -0.000000 0.000000 -1.000000
vn -0.000000 0.000000 -1.000000
vn -0.309017 0.000000 -0.951056
vn -0.309017 0.000000 -0.951056
vn -0.587785 0.000000 -0.809017
vn -0.587785 0.000000 -0.809017
vn -0.809017 0.000000 -0.587785
vn -0.809017 0.000000 -0.587785
vn -0.951057 0.000000 -0.309017
vn -0.951057 0.000000 -0.309017
vn -1.000000 0.000000 0.000000
vn -1.000000 0.000000 0.000000
vn -0.951056 0.000000 0.309017
vn -0.951056 0.000000 0.309017
vn -0.809017 0.000000 0.587785
vn -0.809017 0.000000 0.587785
vn -0.587785 0.000000 0.809017
vn -0.587785 0.000000 0.809017
vn -0.309017 0.000000 0.951057
vn -0.309017 0.000000 0.951057
vn 0.000000 0.000000 1.000000
vn 0.000000 0.000000 1.000000
vn 0.309017 0.000000 0.951056
vn 0.309017 0.000000 0.951056
vn 0.587785 0.000000 0.809017
vn 0.587785 0.000000 0.809017
vn 0.809017 0.000000 0.587785
vn 0.809017 0.000000 0.587785
vn 0.951057 0.000000 0.309017
vn 0.951057 0.000000 0.309017
vn 1.000000 0.000000 0.000001
vn 1.000000 0.000000 0.000001
vn 0.000000 -1.000000 0.000000
vn 0.000000 -1.000000 0.000000
vn 0.000000 -1.000000 0.000000
vn 0.000000 -1.000000 0.000000
vn 0.000000 -1.000000 0.000000
vn 0.000000 -1.000000 0.000000
vn 0.000000 -1.000000 0.000000
vn 0.000000 -1.000000 0.000000
vn 0.000000 -1.000000 0.000000
vn 0.000000 -1.000000 0.000000
vn 0.000000 -1.000000 0.000000
vn 0.000000 -1.000000 0.000000
vn 0.000000 -1.000000 0.000000
vn 0.000000 -1.000000 0.000000
vn 0.000000 -1.000000 0.000000
vn 0.000000 -1.000000 0.000000
vn 0.000000 -1.000000 0.000000
vn 0.000000 -1.000000 0.000000
vn 0.000000 -1.000000 0.000000
vn 0.000000 -1.000000 0.000000
vn 0.000000 -1.000000 0.000000
vn 0.000000 1.000000 0.000000
vn 0.000000 1.000000 0.000000
vn 0.000000 1.000000 0.000000
vn 0.000000 1.000000 0.000000
vn 0.000000 1.000000 0.000000
vn 0.000000 1.000000 0.000000
vn 0.000000 1.000000 0.000000
vn 0.000000 1.000000 0.000000
vn 0.000000 1.000000 0.000000
vn 0.000000 1.000000 0.000000
vn 0.000000 1.000000 0.000000
vn 0.000000 1.000000 0.000000
vn 0.000000 1.000000 0.000000
vn 0.000000 1.000000 0.000000
vn 0.000000 1.000000 0.000000
vn 0.000000 1.000000 0.000000
vn 0.000000 1.000000 0.000000
vn 0.000000 1.000000 0.000000
vn 0.000000 1.000000 0.000000
vn 0.000000 1.000000 0.000000
vn 0.000000 1.000000 0.000000
s 1
g lighthouse1 pCylinder15
usemtl initialShadingGroup
f 442/903/862 443/904/863 463/925/864 462/924/865
f 443/904/863 444/905/866 464/926/867 463/925/864
f 444/905/866 445/906/868 465/927/869 464/926/867
f 445/906/868 446/907/870 466/928/871 465/927/869
f 446/907/870 447/908/872 467/929/873 466/928/871
f 447/908/872 448/909/874 468/930/875 467/929/873
f 448/909/874 449/910/876 469/931/877 468/930/875
f 449/910/876 450/911/878 470/932/879 469/931/877
f 450/911/878 451/912/880 471/933/881 470/932/879
f 451/912/880 452/913/882 472/934/883 471/933/881
f 452/913/882 453/914/884 473/935/885 472/934/883
f 453/914/884 454/915/886 474/936/887 473/935/885
f 454/915/886 455/916/888 475/937/889 474/936/887
f 455/916/888 456/917/890 476/938/891 475/937/889
f 456/917/890 457/918/892 477/939/893 476/938/891
f 457/918/892 458/919/894 478/940/895 477/939/893
f 458/919/894 459/920/896 479/941/897 478/940/895
f 459/920/896 460/921/898 480/942/899 479/941/897
f 460/921/898 461/922/900 481/943/901 480/942/899
f 461/922/900 442/923/862 462/944/865 481/943/901
s 2
f 443/884/902 442/883/903 482/965/904
f 444/885/905 443/884/902 482/965/904
f 445/886/906 444/885/905 482/965/904
f 446/887/907 445/886/906 482/965/904
f 447/888/908 446/887/907 482/965/904
f 448/889/909 447/888/908 482/965/904
f 449/890/910 448/889/909 482/965/904
f 450/891/911 449/890/910 482/965/904
f 451/892/912 450/891/911 482/965/904
f 452/893/913 451/892/912 482/965/904
f 453/894/914 452/893/913 482/965/904
f 454/895/915 453/894/914 482/965/904
f 455/896/916 454/895/915 482/965/904
f 456/897/917 455/896/916 482/965/904
f 457/898/918 456/897/917 482/965/904
f 458/899/919 457/898/918 482/965/904
f 459/900/920 458/899/919 482/965/904
f 460/901/921 459/900/920 482/965/904
f 461/902/922 460/901/921 482/965/904
f 442/883/903 461/902/922 482/965/904
s 3
f 462/963/923 463/962/924 483/966/925
f 463/962/924 464/961/926 483/966/925
f 464/961/926 465/960/927 483/966/925
f 465/960/927 466/959/928 483/966/925
f 466/959/928 467/958/929 483/966/925
f 467/958/929 468/957/930 483/966/925
f 468/957/930 469/956/931 483/966/925
f 469/956/931 470/955/932 483/966/925
f 470/955/932 471/954/933 483/966/925
f 471/954/933 472/953/934 483/966/925
f 472/953/934 473/952/935 483/966/925
f 473/952/935 474/951/936 483/966/925
f 474/951/936 475/950/937 483/966/925
f 475/950/937 476/949/938 483/966/925
f 476/949/938 477/948/939 483/966/925
f 477/948/939 478/947/940 483/966/925
f 478/947/940 479/946/941 483/966/925
f 479/946/941 480/945/942 483/966/925
f 480/945/942 481/964/943 483/966/925
f 481/964/943 462/963/923 483/966/925
g default
v 1.200330 6.419635 0.276284
v 1.197681 6.419635 0.271087
v 1.193556 6.419635 0.266962
v 1.188358 6.419635 0.264313
v 1.182597 6.419635 0.263401
v 1.176835 6.419635 0.264313
v 1.171637 6.419635 0.266962
v 1.167512 6.419635 0.271087
v 1.164864 6.419635 0.276284
v 1.163951 6.419635 0.282046
v 1.164864 6.419635 0.287808
v 1.167512 6.419635 0.293006
v 1.171637 6.419635 0.297131
v 1.176835 6.419635 0.299779
v 1.182597 6.419635 0.300692
v 1.188358 6.419635 0.299779
v 1.193556 6.419635 0.297131
v 1.197681 6.419635 0.293006
v 1.200330 6.419635 0.287808
v 1.201242 6.419635 0.282046
v 1.200330 6.612832 0.276284
v 1.197681 6.612832 0.271087
v 1.193556 6.612832 0.266962
v 1.188358 6.612832 0.264313
v 1.182597 6.612832 0.263401
v 1.176835 6.612832 0.264313
v 1.171637 6.612832 0.266962
v 1.167512 6.612832 0.271087
v 1.164864 6.612832 0.276284
v 1.163951 6.612832 0.282046
v 1.164864 6.612832 0.287808
v 1.167512 6.612832 0.293006
v 1.171637 6.612832 0.297131
v 1.176835 6.612832 0.299779
v 1.182597 6.612832 0.300692
v 1.188358 6.612832 0.299779
v 1.193556 6.612832 0.297131
v 1.197681 6.612832 0.293006
v 1.200330 6.612832 0.287808
v 1.201242 6.612832 0.282046
v 1.182597 6.419635 0.282046
v 1.182597 6.612832 0.282046
vt 0.942576 0.466224
vt 0.938479 0.458184
vt 0.932099 0.451804
vt 0.924060 0.447707
vt 0.915148 0.446296
vt 0.906236 0.447707
vt 0.898196 0.451804
vt 0.891816 0.458184
vt 0.887720 0.466224
vt 0.886308 0.475136
vt 0.887720 0.484047
vt 0.891816 0.492087
vt 0.898196 0.498467
vt 0.906236 0.502564
vt 0.915148 0.503975
vt 0.924060 0.502564
vt 0.932099 0.498467
vt 0.938479 0.492087
vt 0.942576 0.484047
vt 0.943987 0.475136
vt 0.892076 0.503975
vt 0.894383 0.503975
vt 0.896690 0.503975
vt 0.898997 0.503975
vt 0.901305 0.503975
vt 0.903612 0.503975
vt 0.905919 0.503975
vt 0.908226 0.503975
vt 0.910533 0.503975
vt 0.912840 0.503975
vt 0.915148 0.503975
vt 0.917455 0.503975
vt 0.919762 0.503975
vt 0.922069 0.503975
vt 0.924376 0.503975
vt 0.926683 0.503975
vt 0.928990 0.503975
vt 0.931298 0.503975
vt 0.933605 0.503975
vt 0.935912 0.503975
vt 0.938219 0.503975
vt 0.892076 0.573190
vt 0.894383 0.573190
vt 0.896690 0.573190
vt 0.898997 0.573190
vt 0.901305 0.573190
vt 0.903612 0.573190
vt 0.905919 0.573190
vt 0.908226 0.573190
vt 0.910533 0.573190
vt 0.912840 0.573190
vt 0.915148 0.573190
vt 0.917455 0.573190
vt 0.919762 0.573190
vt 0.922069 0.573190
vt 0.924376 0.573190
vt 0.926683 0.573190
vt 0.928990 0.573190
vt 0.931298 0.573190
vt 0.933605 0.573190
vt 0.935912 0.573190
vt 0.938219 0.573190
vt 0.942576 0.593118
vt 0.938479 0.585078
vt 0.932099 0.578698
vt 0.924060 0.574601
vt 0.915148 0.573190
vt 0.906236 0.574601
vt 0.898196 0.578698
vt 0.891816 0.585078
vt 0.887720 0.593118
vt 0.886308 0.602029
vt 0.887720 0.610941
vt 0.891816 0.618981
vt 0.898196 0.625361
vt 0.906236 0.629457
vt 0.915148 0.630869
vt 0.924060 0.629457
vt 0.932099 0.625361
vt 0.938479 0.618981
vt 0.942576 0.610941
vt 0.943987 0.602029
vt 0.915148 0.475136
vt 0.915148 0.602029
vn 0.951057 0.000000 -0.309016
vn 0.809017 0.000000 -0.587785
vn 0.809017 0.000000 -0.587785
vn 0.951057 0.000000 -0.309016
vn 0.587785 0.000000 -0.809017
vn 0.587785 0.000000 -0.809017
vn 0.309017 0.000000 -0.951057
vn 0.309017 0.000000 -0.951057
vn -0.000000 0.000000 -1.000000
vn -0.000000 0.000000 -1.000000
vn -0.309017 0.000000 -0.951056
vn -0.309017 0.000000 -0.951056
vn -0.587785 0.000000 -0.809017
vn -0.587785 0.000000 -0.809017
vn -0.809017 0.000000 -0.587785
vn -0.809017 0.000000 -0.587785
vn -0.951057 0.000000 -0.309017
vn -0.951057 0.000000 -0.309017
vn -1.000000 0.000000 0.000000
vn -1.000000 0.000000 0.000000
vn -0.951056 0.000000 0.309017
vn -0.951056 0.000000 0.309017
vn -0.809017 0.000000 0.587785
vn -0.809017 0.000000 0.587785
vn -0.587785 0.000000 0.809017
vn -0.587785 0.000000 0.809017
vn -0.309017 0.000000 0.951057
vn -0.309017 0.000000 0.951057
vn 0.000000 0.000000 1.000000
vn 0.000000 0.000000 1.000000
vn 0.309017 0.000000 0.951056
vn 0.309017 0.000000 0.951056
vn 0.587785 0.000000 0.809017
vn 0.587785 0.000000 0.809017
vn 0.809017 0.000000 0.587785
vn 0.809017 0.000000 0.587785
vn 0.951057 0.000000 0.309017
vn 0.951057 0.000000 0.309017
vn 1.000000 0.000000 0.000001
vn 1.000000 0.000000 0.000001
vn 0.000000 -1.000000 0.000000
vn 0.000000 -1.000000 0.000000
vn 0.000000 -1.000000 0.000000
vn 0.000000 -1.000000 0.000000
vn 0.000000 -1.000000 0.000000
vn 0.000000 -1.000000 0.000000
vn 0.000000 -1.000000 0.000000
vn 0.000000 -1.000000 0.000000
vn 0.000000 -1.000000 0.000000
vn 0.000000 -1.000000 0.000000
vn 0.000000 -1.000000 0.000000
vn 0.000000 -1.000000 0.000000
vn 0.000000 -1.000000 0.000000
vn 0.000000 -1.000000 0.000000
vn 0.000000 -1.000000 0.000000
vn 0.000000 -1.000000 0.000000
vn 0.000000 -1.000000 0.000000
vn 0.000000 -1.000000 0.000000
vn 0.000000 -1.000000 0.000000
vn 0.000000 -1.000000 0.000000
vn 0.000000 -1.000000 0.000000
vn 0.000000 1.000000 0.000000
vn 0.000000 1.000000 0.000000
vn 0.000000 1.000000 0.000000
vn 0.000000 1.000000 0.000000
vn 0.000000 1.000000 0.000000
vn 0.000000 1.000000 0.000000
vn 0.000000 1.000000 0.000000
vn 0.000000 1.000000 0.000000
vn 0.000000 1.000000 0.000000
vn 0.000000 1.000000 0.000000
vn 0.000000 1.000000 0.000000
vn 0.000000 1.000000 0.000000
vn 0.000000 1.000000 0.000000
vn 0.000000 1.000000 0.000000
vn 0.000000 1.000000 0.000000
vn 0.000000 1.000000 0.000000
vn 0.000000 1.000000 0.000000
vn 0.000000 1.000000 0.000000
vn 0.000000 1.000000 0.000000
vn 0.000000 1.000000 0.000000
vn 0.000000 1.000000 0.000000
s 1
g lighthouse1 pCylinder14
usemtl initialShadingGroup
f 484/987/944 485/988/945 505/1009/946 504/1008/947
f 485/988/945 486/989/948 506/1010/949 505/1009/946
f 486/989/948 487/990/950 507/1011/951 506/1010/949
f 487/990/950 488/991/952 508/1012/953 507/1011/951
f 488/991/952 489/992/954 509/1013/955 508/1012/953
f 489/992/954 490/993/956 510/1014/957 509/1013/955
f 490/993/956 491/994/958 511/1015/959 510/1014/957
f 491/994/958 492/995/960 512/1016/961 511/1015/959
f 492/995/960 493/996/962 513/1017/963 512/1016/961
f 493/996/962 494/997/964 514/1018/965 513/1017/963
f 494/997/964 495/998/966 515/1019/967 514/1018/965
f 495/998/966 496/999/968 516/1020/969 515/1019/967
f 496/999/968 497/1000/970 517/1021/971 516/1020/969
f 497/1000/970 498/1001/972 518/1022/973 517/1021/971
f 498/1001/972 499/1002/974 519/1023/975 518/1022/973
f 499/1002/974 500/1003/976 520/1024/977 519/1023/975
f 500/1003/976 501/1004/978 521/1025/979 520/1024/977
f 501/1004/978 502/1005/980 522/1026/981 521/1025/979
f 502/1005/980 503/1006/982 523/1027/983 522/1026/981
f 503/1006/982 484/1007/944 504/1028/947 523/1027/983
s 2
f 485/968/984 484/967/985 524/1049/986
f 486/969/987 485/968/984 524/1049/986
f 487/970/988 486/969/987 524/1049/986
f 488/971/989 487/970/988 524/1049/986
f 489/972/990 488/971/989 524/1049/986
f 490/973/991 489/972/990 524/1049/986
f 491/974/992 490/973/991 524/1049/986
f 492/975/993 491/974/992 524/1049/986
f 493/976/994 492/975/993 524/1049/986
f 494/977/995 493/976/994 524/1049/986
f 495/978/996 494/977/995 524/1049/986
f 496/979/997 495/978/996 524/1049/986
f 497/980/998 496/979/997 524/1049/986
f 498/981/999 497/980/998 524/1049/986
f 499/982/1000 498/981/999 524/1049/986
f 500/983/1001 499/982/1000 524/1049/986
f 501/984/1002 500/983/1001 524/1049/986
f 502/985/1003 501/984/1002 524/1049/986
f 503/986/1004 502/985/1003 524/1049/986
f 484/967/985 503/986/1004 524/1049/986
s 3
f 504/1047/1005 505/1046/1006 525/1050/1007
f 505/1046/1006 506/1045/1008 525/1050/1007
f 506/1045/1008 507/1044/1009 525/1050/1007
f 507/1044/1009 508/1043/1010 525/1050/1007
f 508/1043/1010 509/1042/1011 525/1050/1007
f 509/1042/1011 510/1041/1012 525/1050/1007
f 510/1041/1012 511/1040/1013 525/1050/1007
f 511/1040/1013 512/1039/1014 525/1050/1007
f 512/1039/1014 513/1038/1015 525/1050/1007
f 513/1038/1015 514/1037/1016 525/1050/1007
f 514/1037/1016 515/1036/1017 525/1050/1007
f 515/1036/1017 516/1035/1018 525/1050/1007
f 516/1035/1018 517/1034/1019 525/1050/1007
f 517/1034/1019 518/1033/1020 525/1050/1007
f 518/1033/1020 519/1032/1021 525/1050/1007
f 519/1032/1021 520/1031/1022 525/1050/1007
f 520/1031/1022 521/1030/1023 525/1050/1007
f 521/1030/1023 522/1029/1024 525/1050/1007
f 522/1029/1024 523/1048/1025 525/1050/1007
f 523/1048/1025 504/1047/1005 525/1050/1007
g default
v 0.911708 1.833625 0.370791
v 1.585899 1.833625 0.370791
v 0.911708 1.875318 0.404538
v 1.585899 1.875318 0.404538
v 0.911708 2.209929 -0.008854
v 1.585899 2.209929 -0.008854
v 0.911708 2.168236 -0.042602
v 1.585899 2.168236 -0.042602
vt 0.924115 0.006518
vt 0.955566 0.006518
vt 0.924115 0.037969
vt 0.955566 0.037969
vt 0.924115 0.069419
vt 0.955566 0.069419
vt 0.924115 0.100870
vt 0.955566 0.100870
vt 0.924115 0.132321
vt 0.955566 0.132321
vt 0.987017 0.006518
vt 0.987017 0.037969
vt 0.892664 0.006518
vt 0.892664 0.037969
vn 0.000000 -0.629153 0.777281
vn 0.000000 -0.629153 0.777281
vn 0.000000 -0.629153 0.777281
vn 0.000000 -0.629153 0.777281
vn 0.000000 0.777281 0.629153
vn 0.000000 0.777281 0.629153
vn 0.000000 0.777281 0.629153
vn 0.000000 0.777281 0.629153
vn 0.000000 0.629153 -0.777281
vn 0.000000 0.629153 -0.777281
vn 0.000000 0.629153 -0.777281
vn 0.000000 0.629153 -0.777281
vn 0.000000 -0.777281 -0.629153
vn 0.000000 -0.777281 -0.629153
vn 0.000000 -0.777281 -0.629153
vn 0.000000 -0.777281 -0.629153
vn 1.000000 0.000000 0.000000
vn 1.000000 0.000000 0.000000
vn 1.000000 0.000000 0.000000
vn 1.000000 0.000000 0.000000
vn -1.000000 0.000000 0.000000
vn -1.000000 0.000000 0.000000
vn -1.000000 0.000000 0.000000
vn -1.000000 0.000000 0.000000
s off
g lighthouse1 pCube1
usemtl initialShadingGroup
f 526/1051/1026 527/1052/1027 529/1054/1028 528/1053/1029
f 528/1053/1030 529/1054/1031 531/1056/1032 530/1055/1033
f 530/1055/1034 531/1056/1035 533/1058/1036 532/1057/1037
f 532/1057/1038 533/1058/1039 527/1060/1040 526/1059/1041
f 527/1052/1042 533/1061/1043 531/1062/1044 529/1054/1045
f 532/1063/1046 526/1051/1047 528/1053/1048 530/1064/1049
g default
v 0.767770 6.393250 -0.249464
v 0.653105 6.393250 -0.474508
v 0.474508 6.393250 -0.653104
v 0.249464 6.393250 -0.767770
v 0.000000 6.393250 -0.807281
v -0.249464 6.393250 -0.767770
v -0.474508 6.393250 -0.653104
v -0.653104 6.393250 -0.474508
v -0.767770 6.393250 -0.249464
v -0.807281 6.393250 0.000000
v -0.767770 6.393250 0.249464
v -0.653104 6.393250 0.474508
v -0.474508 6.393250 0.653104
v -0.249464 6.393250 0.767770
v -0.000000 6.393250 0.807281
v 0.249464 6.393250 0.767770
v 0.474508 6.393250 0.653104
v 0.653104 6.393250 0.474508
v 0.767770 6.393250 0.249464
v 0.807281 6.393250 0.000000
v 0.767770 7.262489 -0.249464
v 0.653105 7.262489 -0.474508
v 0.474508 7.262489 -0.653104
v 0.249464 7.262489 -0.767770
v 0.000000 7.262489 -0.807281
v -0.249464 7.262489 -0.767770
v -0.474508 7.262489 -0.653104
v -0.653104 7.262489 -0.474508
v -0.767770 7.262489 -0.249464
v -0.807281 7.262489 0.000000
v -0.767770 7.262489 0.249464
v -0.653104 7.262489 0.474508
v -0.474508 7.262489 0.653104
v -0.249464 7.262489 0.767770
v -0.000000 7.262489 0.807281
v 0.249464 7.262489 0.767770
v 0.474508 7.262489 0.653104
v 0.653104 7.262489 0.474508
v 0.767770 7.262489 0.249464
v 0.807281 7.262489 0.000000
v 0.000000 6.393250 0.000000
v 0.000000 7.262489 0.000000
vt 0.314342 0.356882
vt 0.305191 0.338923
vt 0.290939 0.324671
vt 0.272980 0.315520
vt 0.253072 0.312367
vt 0.233164 0.315520
vt 0.215205 0.324671
vt 0.200953 0.338923
vt 0.191803 0.356882
vt 0.188649 0.376790
vt 0.191803 0.396697
vt 0.200953 0.414656
vt 0.215205 0.428909
vt 0.233164 0.438059
vt 0.253072 0.441212
vt 0.272980 0.438059
vt 0.290939 0.428909
vt 0.305191 0.414656
vt 0.314342 0.396697
vt 0.317495 0.376790
vt 0.201534 0.441212
vt 0.206688 0.441212
vt 0.211842 0.441212
vt 0.216995 0.441212
vt 0.222149 0.441212
vt 0.227303 0.441212
vt 0.232457 0.441212
vt 0.237611 0.441212
vt 0.242764 0.441212
vt 0.247918 0.441212
vt 0.253072 0.441212
vt 0.258226 0.441212
vt 0.263380 0.441212
vt 0.268533 0.441212
vt 0.273687 0.441212
vt 0.278841 0.441212
vt 0.283995 0.441212
vt 0.289149 0.441212
vt 0.294302 0.441212
vt 0.299456 0.441212
vt 0.304610 0.441212
vt 0.201534 0.595827
vt 0.206688 0.595827
vt 0.211842 0.595827
vt 0.216995 0.595827
vt 0.222149 0.595827
vt 0.227303 0.595827
vt 0.232457 0.595827
vt 0.237611 0.595827
vt 0.242764 0.595827
vt 0.247918 0.595827
vt 0.253072 0.595827
vt 0.258226 0.595827
vt 0.263380 0.595827
vt 0.268533 0.595827
vt 0.273687 0.595827
vt 0.278841 0.595827
vt 0.283995 0.595827
vt 0.289149 0.595827
vt 0.294302 0.595827
vt 0.299456 0.595827
vt 0.304610 0.595827
vt 0.314342 0.640342
vt 0.305191 0.622383
vt 0.290939 0.608130
vt 0.272980 0.598980
vt 0.253072 0.595827
vt 0.233164 0.598980
vt 0.215205 0.608130
vt 0.200953 0.622383
vt 0.191803 0.640342
vt 0.188649 0.660249
vt 0.191803 0.680157
vt 0.200953 0.698116
vt 0.215205 0.712368
vt 0.233164 0.721519
vt 0.253072 0.724672
vt 0.272980 0.721519
vt 0.290939 0.712368
vt 0.305191 0.698116
vt 0.314342 0.680157
vt 0.317495 0.660249
vt 0.253072 0.376790
vt 0.253072 0.660249
vn 0.951057 0.000000 -0.309016
vn 0.809017 0.000000 -0.587785
vn 0.809017 0.000000 -0.587785
vn 0.951057 0.000000 -0.309016
vn 0.587785 0.000000 -0.809017
vn 0.587785 0.000000 -0.809017
vn 0.309017 0.000000 -0.951057
vn 0.309017 0.000000 -0.951057
vn -0.000000 0.000000 -1.000000
vn -0.000000 0.000000 -1.000000
vn -0.309017 0.000000 -0.951056
vn -0.309017 0.000000 -0.951056
vn -0.587785 0.000000 -0.809017
vn -0.587785 0.000000 -0.809017
vn -0.809017 0.000000 -0.587785
vn -0.809017 0.000000 -0.587785
vn -0.951056 0.000000 -0.309017
vn -0.951056 0.000000 -0.309017
vn -1.000000 0.000000 0.000000
vn -1.000000 0.000000 0.000000
vn -0.951056 0.000000 0.309017
vn -0.951056 0.000000 0.309017
vn -0.809017 0.000000 0.587785
vn -0.809017 0.000000 0.587785
vn -0.587785 0.000000 0.809017
vn -0.587785 0.000000 0.809017
vn -0.309017 0.000000 0.951056
vn -0.309017 0.000000 0.951056
vn 0.000000 0.000000 1.000000
vn 0.000000 0.000000 1.000000
vn 0.309017 0.000000 0.951056
vn 0.309017 0.000000 0.951056
vn 0.587785 0.000000 0.809017
vn 0.587785 0.000000 0.809017
vn 0.809017 0.000000 0.587785
vn 0.809017 0.000000 0.587785
vn 0.951056 0.000000 0.309017
vn 0.951056 0.000000 0.309017
vn 1.000000 0.000000 0.000001
vn 1.000000 0.000000 0.000001
vn 0.000000 -1.000000 0.000000
vn 0.000000 -1.000000 0.000000
vn 0.000000 -1.000000 0.000000
vn 0.000000 -1.000000 0.000000
vn 0.000000 -1.000000 0.000000
vn 0.000000 -1.000000 0.000000
vn 0.000000 -1.000000 0.000000
vn 0.000000 -1.000000 0.000000
vn 0.000000 -1.000000 0.000000
vn 0.000000 -1.000000 0.000000
vn 0.000000 -1.000000 0.000000
vn 0.000000 -1.000000 0.000000
vn 0.000000 -1.000000 0.000000
vn 0.000000 -1.000000 0.000000
vn 0.000000 -1.000000 0.000000
vn 0.000000 -1.000000 0.000000
vn 0.000000 -1.000000 0.000000
vn 0.000000 -1.000000 0.000000
vn 0.000000 -1.000000 0.000000
vn 0.000000 -1.000000 0.000000
vn 0.000000 -1.000000 0.000000
vn 0.000000 1.000000 0.000000
vn 0.000000 1.000000 0.000000
vn 0.000000 1.000000 0.000000
vn 0.000000 1.000000 0.000000
vn 0.000000 1.000000 0.000000
vn 0.000000 1.000000 0.000000
vn 0.000000 1.000000 0.000000
vn 0.000000 1.000000 0.000000
vn 0.000000 1.000000 0.000000
vn 0.000000 1.000000 0.000000
vn 0.000000 1.000000 0.000000
vn 0.000000 1.000000 0.000000
vn 0.000000 1.000000 0.000000
vn 0.000000 1.000000 0.000000
vn 0.000000 1.000000 0.000000
vn 0.000000 1.000000 0.000000
vn 0.000000 1.000000 0.000000
vn 0.000000 1.000000 0.000000
vn 0.000000 1.000000 0.000000
vn 0.000000 1.000000 0.000000
vn 0.000000 1.000000 0.000000
s 1
g lighthouse1 pCylinder4
usemtl initialShadingGroup
f 534/1085/1050 535/1086/1051 555/1107/1052 554/1106/1053
f 535/1086/1051 536/1087/1054 556/1108/1055 555/1107/1052
f 536/1087/1054 537/1088/1056 557/1109/1057 556/1108/1055
f 537/1088/1056 538/1089/1058 558/1110/1059 557/1109/1057
f 538/1089/1058 539/1090/1060 559/1111/1061 558/1110/1059
f 539/1090/1060 540/1091/1062 560/1112/1063 559/1111/1061
f 540/1091/1062 541/1092/1064 561/1113/1065 560/1112/1063
f 541/1092/1064 542/1093/1066 562/1114/1067 561/1113/1065
f 542/1093/1066 543/1094/1068 563/1115/1069 562/1114/1067
f 543/1094/1068 544/1095/1070 564/1116/1071 563/1115/1069
f 544/1095/1070 545/1096/1072 565/1117/1073 564/1116/1071
f 545/1096/1072 546/1097/1074 566/1118/1075 565/1117/1073
f 546/1097/1074 547/1098/1076 567/1119/1077 566/1118/1075
f 547/1098/1076 548/1099/1078 568/1120/1079 567/1119/1077
f 548/1099/1078 549/1100/1080 569/1121/1081 568/1120/1079
f 549/1100/1080 550/1101/1082 570/1122/1083 569/1121/1081
f 550/1101/1082 551/1102/1084 571/1123/1085 570/1122/1083
f 551/1102/1084 552/1103/1086 572/1124/1087 571/1123/1085
f 552/1103/1086 553/1104/1088 573/1125/1089 572/1124/1087
f 553/1104/1088 534/1105/1050 554/1126/1053 573/1125/1089
s 2
f 535/1066/1090 534/1065/1091 574/1147/1092
f 536/1067/1093 535/1066/1090 574/1147/1092
f 537/1068/1094 536/1067/1093 574/1147/1092
f 538/1069/1095 537/1068/1094 574/1147/1092
f 539/1070/1096 538/1069/1095 574/1147/1092
f 540/1071/1097 539/1070/1096 574/1147/1092
f 541/1072/1098 540/1071/1097 574/1147/1092
f 542/1073/1099 541/1072/1098 574/1147/1092
f 543/1074/1100 542/1073/1099 574/1147/1092
f 544/1075/1101 543/1074/1100 574/1147/1092
f 545/1076/1102 544/1075/1101 574/1147/1092
f 546/1077/1103 545/1076/1102 574/1147/1092
f 547/1078/1104 546/1077/1103 574/1147/1092
f 548/1079/1105 547/1078/1104 574/1147/1092
f 549/1080/1106 548/1079/1105 574/1147/1092
f 550/1081/1107 549/1080/1106 574/1147/1092
f 551/1082/1108 550/1081/1107 574/1147/1092
f 552/1083/1109 551/1082/1108 574/1147/1092
f 553/1084/1110 552/1083/1109 574/1147/1092
f 534/1065/1091 553/1084/1110 574/1147/1092
s 3
f 554/1145/1111 555/1144/1112 575/1148/1113
f 555/1144/1112 556/1143/1114 575/1148/1113
f 556/1143/1114 557/1142/1115 575/1148/1113
f 557/1142/1115 558/1141/1116 575/1148/1113
f 558/1141/1116 559/1140/1117 575/1148/1113
f 559/1140/1117 560/1139/1118 575/1148/1113
f 560/1139/1118 561/1138/1119 575/1148/1113
f 561/1138/1119 562/1137/1120 575/1148/1113
f 562/1137/1120 563/1136/1121 575/1148/1113
f 563/1136/1121 564/1135/1122 575/1148/1113
f 564/1135/1122 565/1134/1123 575/1148/1113
f 565/1134/1123 566/1133/1124 575/1148/1113
f 566/1133/1124 567/1132/1125 575/1148/1113
f 567/1132/1125 568/1131/1126 575/1148/1113
f 568/1131/1126 569/1130/1127 575/1148/1113
f 569/1130/1127 570/1129/1128 575/1148/1113
f 570/1129/1128 571/1128/1129 575/1148/1113
f 571/1128/1129 572/1127/1130 575/1148/1113
f 572/1127/1130 573/1146/1131 575/1148/1113
f 573/1146/1131 554/1145/1111 575/1148/1113
g default
v 1.579568 1.203765 0.354488
v 1.581429 1.203765 0.294545
v 1.579568 1.905947 0.354488
v 1.581429 1.905947 0.294545
v 1.098936 1.905947 0.339567
v 1.100797 1.905947 0.279623
v 1.098936 1.203765 0.339567
v 1.100797 1.203765 0.279623
vt 0.885425 0.135853
vt 0.852553 0.136035
vt 0.885243 0.102981
vt 0.852371 0.103163
vt 0.885060 0.070109
vt 0.852188 0.070291
vt 0.884878 0.037236
vt 0.852006 0.037419
vt 0.884695 0.004364
vt 0.851823 0.004547
vt 0.819681 0.136218
vt 0.819499 0.103346
vt 0.918297 0.135670
vt 0.918115 0.102798
vn 0.999518 0.000000 0.031031
vn 0.999518 0.000000 0.031031
vn 0.999518 0.000000 0.031031
vn 0.999518 0.000000 0.031031
vn 0.000000 1.000000 0.000000
vn 0.000000 1.000000 0.000000
vn 0.000000 1.000000 0.000000
vn 0.000000 1.000000 0.000000
vn -0.999518 0.000000 -0.031031
vn -0.999518 0.000000 -0.031031
vn -0.999518 0.000000 -0.031031
vn -0.999518 0.000000 -0.031031
vn 0.000000 -1.000000 0.000000
vn 0.000000 -1.000000 0.000000
vn 0.000000 -1.000000 0.000000
vn 0.000000 -1.000000 0.000000
vn 0.031031 0.000000 -0.999518
vn 0.031031 0.000000 -0.999518
vn 0.031031 0.000000 -0.999518
vn 0.031031 0.000000 -0.999518
vn -0.031031 0.000000 0.999518
vn -0.031031 0.000000 0.999518
vn -0.031031 0.000000 0.999518
vn -0.031031 0.000000 0.999518
s off
g lighthouse1 pCube3
usemtl initialShadingGroup
f 576/1149/1132 577/1150/1133 579/1152/1134 578/1151/1135
f 578/1151/1136 579/1152/1137 581/1154/1138 580/1153/1139
f 580/1153/1140 581/1154/1141 583/1156/1142 582/1155/1143
f 582/1155/1144 583/1156/1145 577/1158/1146 576/1157/1147
f 577/1150/1148 583/1159/1149 581/1160/1150 579/1152/1151
f 582/1161/1152 576/1149/1153 578/1151/1154 580/1162/1155
g default
v 0.912324 2.155125 0.013896
v 1.586514 2.155125 0.013896
v 0.912324 2.197536 -0.018946
v 1.586514 2.197536 -0.018946
v 0.912324 1.869040 -0.443162
v 1.586514 1.869040 -0.443162
v 0.912324 1.826629 -0.410320
v 1.586514 1.826629 -0.410320
vt 0.778463 0.004168
vt 0.811599 0.004168
vt 0.778463 0.037303
vt 0.811599 0.037303
vt 0.778463 0.070439
vt 0.811599 0.070439
vt 0.778463 0.103574
vt 0.811599 0.103574
vt 0.778463 0.136710
vt 0.811599 0.136710
vt 0.844734 0.004168
vt 0.844734 0.037303
vt 0.745327 0.004168
vt 0.745327 0.037303
vn 0.000000 0.612256 0.790660
vn 0.000000 0.612256 0.790660
vn 0.000000 0.612256 0.790660
vn 0.000000 0.612256 0.790660
vn 0.000000 0.790660 -0.612256
vn 0.000000 0.790660 -0.612256
vn 0.000000 0.790660 -0.612256
vn 0.000000 0.790660 -0.612256
vn 0.000000 -0.612256 -0.790660
vn 0.000000 -0.612256 -0.790660
vn 0.000000 -0.612256 -0.790660
vn 0.000000 -0.612256 -0.790660
vn 0.000000 -0.790660 0.612256
vn 0.000000 -0.790660 0.612256
vn 0.000000 -0.790660 0.612256
vn 0.000000 -0.790660 0.612256
vn 1.000000 0.000000 0.000000
vn 1.000000 0.000000 0.000000
vn 1.000000 0.000000 0.000000
vn 1.000000 0.000000 0.000000
vn -1.000000 0.000000 0.000000
vn -1.000000 0.000000 0.000000
vn -1.000000 0.000000 0.000000
vn -1.000000 0.000000 0.000000
s off
g lighthouse1 pCube2
usemtl initialShadingGroup
f 584/1163/1156 585/1164/1157 587/1166/1158 586/1165/1159
f 586/1165/1160 587/1166/1161 589/1168/1162 588/1167/1163
f 588/1167/1164 589/1168/1165 591/1170/1166 590/1169/1167
f 590/1169/1168 591/1170/1169 585/1172/1170 584/1171/1171
f 585/1164/1172 591/1173/1173 589/1174/1174 587/1166/1175
f 590/1175/1176 584/1163/1177 586/1165/1178 588/1176/1179
g default
v 1.249082 1.204736 -0.405850
v 1.062533 1.204736 -0.771973
v 0.771976 1.204736 -1.062530
v 0.405853 1.204736 -1.249079
v 0.000003 1.204736 -1.313360
v -0.405848 1.204736 -1.249079
v -0.771971 1.204736 -1.062530
v -1.062527 1.204736 -0.771973
v -1.249076 1.204736 -0.405850
v -1.313357 1.204736 0.000000
v -1.249076 1.204736 0.405850
v -1.062527 1.204736 0.771973
v -0.771970 1.204736 1.062530
v -0.405847 1.204736 1.249079
v 0.000003 1.204736 1.313359
v 0.405853 1.204736 1.249079
v 0.771976 1.204736 1.062530
v 1.062532 1.204736 0.771973
v 1.249081 1.204736 0.405850
v 1.313362 1.204736 0.000000
v 0.839731 6.366331 -0.272844
v 0.714319 6.366331 -0.518981
v 0.518983 6.366331 -0.714316
v 0.272847 6.366331 -0.839729
v 0.000003 6.366331 -0.882943
v -0.272842 6.366331 -0.839729
v -0.518978 6.366331 -0.714316
v -0.714313 6.366331 -0.518981
v -0.839726 6.366331 -0.272844
v -0.882940 6.366331 -0.000000
v -0.839726 6.366331 0.272844
v -0.714313 6.366331 0.518980
v -0.518978 6.366331 0.714315
v -0.272841 6.366331 0.839728
v 0.000003 6.366331 0.882943
v 0.272847 6.366331 0.839728
v 0.518983 6.366331 0.714315
v 0.714318 6.366331 0.518980
v 0.839731 6.366331 0.272844
v 0.882945 6.366331 -0.000000
v 0.000000 1.204736 0.000000
v 0.000003 6.366331 -0.000000
vt 0.648603 0.107966
vt 0.626409 0.064408
vt 0.591842 0.029841
vt 0.548284 0.007647
vt 0.500000 -0.000000
vt 0.451716 0.007647
vt 0.408159 0.029841
vt 0.373591 0.064409
vt 0.351397 0.107966
vt 0.343750 0.156250
vt 0.351397 0.204534
vt 0.373591 0.248091
vt 0.408159 0.282659
vt 0.451716 0.304853
vt 0.500000 0.312500
vt 0.548284 0.304853
vt 0.591841 0.282659
vt 0.626409 0.248091
vt 0.648603 0.204534
vt 0.656250 0.156250
vt 0.375000 0.312500
vt 0.387500 0.312500
vt 0.400000 0.312500
vt 0.412500 0.312500
vt 0.425000 0.312500
vt 0.437500 0.312500
vt 0.450000 0.312500
vt 0.462500 0.312500
vt 0.475000 0.312500
vt 0.487500 0.312500
vt 0.500000 0.312500
vt 0.512500 0.312500
vt 0.525000 0.312500
vt 0.537500 0.312500
vt 0.550000 0.312500
vt 0.562500 0.312500
vt 0.575000 0.312500
vt 0.587500 0.312500
vt 0.600000 0.312500
vt 0.612500 0.312500
vt 0.625000 0.312500
vt 0.375000 0.687500
vt 0.387500 0.687500
vt 0.400000 0.687500
vt 0.412500 0.687500
vt 0.425000 0.687500
vt 0.437500 0.687500
vt 0.450000 0.687500
vt 0.462500 0.687500
vt 0.475000 0.687500
vt 0.487500 0.687500
vt 0.500000 0.687500
vt 0.512500 0.687500
vt 0.525000 0.687500
vt 0.537500 0.687500
vt 0.550000 0.687500
vt 0.562500 0.687500
vt 0.575000 0.687500
vt 0.587500 0.687500
vt 0.600000 0.687500
vt 0.612500 0.687500
vt 0.625000 0.687500
vt 0.648603 0.795466
vt 0.626409 0.751908
vt 0.591842 0.717341
vt 0.548284 0.695147
vt 0.500000 0.687500
vt 0.451716 0.695147
vt 0.408159 0.717341
vt 0.373591 0.751909
vt 0.351397 0.795466
vt 0.343750 0.843750
vt 0.351397 0.892034
vt 0.373591 0.935591
vt 0.408159 0.970159
vt 0.451716 0.992353
vt 0.500000 1.000000
vt 0.548284 0.992353
vt 0.591841 0.970159
vt 0.626409 0.935591
vt 0.648603 0.892034
vt 0.656250 0.843750
vt 0.500000 0.156250
vt 0.500000 0.843750
vn 0.947767 0.083100 -0.307947
vn 0.806219 0.083100 -0.585752
vn 0.806219 0.083100 -0.585752
vn 0.947767 0.083100 -0.307947
vn 0.585752 0.083100 -0.806219
vn 0.585752 0.083100 -0.806219
vn 0.307948 0.083100 -0.947767
vn 0.307948 0.083100 -0.947767
vn -0.000000 0.083100 -0.996541
vn -0.000000 0.083100 -0.996541
vn -0.307949 0.083100 -0.947767
vn -0.307949 0.083100 -0.947767
vn -0.585753 0.083100 -0.806219
vn -0.585753 0.083100 -0.806218
vn -0.806219 0.083100 -0.585752
vn -0.806219 0.083100 -0.585752
vn -0.947767 0.083100 -0.307949
vn -0.947767 0.083100 -0.307949
vn -0.996541 0.083100 -0.000000
vn -0.996541 0.083100 -0.000000
vn -0.947767 0.083100 0.307949
vn -0.947767 0.083100 0.307949
vn -0.806219 0.083100 0.585753
vn -0.806219 0.083100 0.585753
vn -0.585752 0.083100 0.806219
vn -0.585752 0.083100 0.806219
vn -0.307949 0.083100 0.947767
vn -0.307949 0.083100 0.947767
vn 0.000000 0.083100 0.996541
vn -0.000000 0.083100 0.996541
vn 0.307949 0.083100 0.947767
vn 0.307949 0.083100 0.947767
vn 0.585753 0.083100 0.806219
vn 0.585753 0.083100 0.806219
vn 0.806219 0.083100 0.585752
vn 0.806219 0.083100 0.585752
vn 0.947767 0.083100 0.307949
vn 0.947767 0.083100 0.307949
vn 0.996541 0.083100 0.000001
vn 0.996541 0.083100 0.000001
vn 0.000000 -1.000000 0.000000
vn 0.000000 -1.000000 0.000000
vn 0.000000 -1.000000 0.000000
vn 0.000000 -1.000000 0.000000
vn 0.000000 -1.000000 0.000000
vn 0.000000 -1.000000 0.000000
vn 0.000000 -1.000000 0.000000
vn 0.000000 -1.000000 0.000000
vn 0.000000 -1.000000 0.000000
vn 0.000000 -1.000000 -0.000000
vn 0.000000 -1.000000 -0.000000
vn 0.000000 -1.000000 0.000000
vn 0.000000 -1.000000 0.000000
vn 0.000000 -1.000000 0.000000
vn 0.000000 -1.000000 0.000000
vn 0.000000 -1.000000 -0.000000
vn 0.000000 -1.000000 -0.000000
vn 0.000000 -1.000000 -0.000000
vn 0.000000 -1.000000 0.000000
vn 0.000000 -1.000000 0.000000
vn 0.000000 -1.000000 0.000000
vn 0.000000 1.000000 0.000000
vn 0.000000 1.000000 0.000000
vn 0.000000 1.000000 0.000000
vn 0.000000 1.000000 0.000000
vn 0.000000 1.000000 0.000000
vn 0.000000 1.000000 0.000000
vn 0.000000 1.000000 0.000000
vn 0.000000 1.000000 0.000000
vn 0.000000 1.000000 -0.000001
vn 0.000000 1.000000 0.000000
vn 0.000000 1.000000 0.000000
vn 0.000000 1.000000 -0.000000
vn 0.000000 1.000000 0.000001
vn 0.000000 1.000000 0.000000
vn 0.000000 1.000000 0.000000
vn 0.000000 1.000000 -0.000000
vn 0.000000 1.000000 0.000000
vn 0.000000 1.000000 -0.000001
vn 0.000000 1.000000 -0.000000
vn 0.000000 1.000000 0.000001
vn 0.000000 1.000000 0.000000
s 1
g lighthouse1 pCylinder2
usemtl initialShadingGroup
f 592/1197/1180 593/1198/1181 613/1219/1182 612/1218/1183
f 593/1198/1181 594/1199/1184 614/1220/1185 613/1219/1182
f 594/1199/1184 595/1200/1186 615/1221/1187 614/1220/1185
f 595/1200/1186 596/1201/1188 616/1222/1189 615/1221/1187
f 596/1201/1188 597/1202/1190 617/1223/1191 616/1222/1189
f 597/1202/1190 598/1203/1192 618/1224/1193 617/1223/1191
f 598/1203/1192 599/1204/1194 619/1225/1195 618/1224/1193
f 599/1204/1194 600/1205/1196 620/1226/1197 619/1225/1195
f 600/1205/1196 601/1206/1198 621/1227/1199 620/1226/1197
f 601/1206/1198 602/1207/1200 622/1228/1201 621/1227/1199
f 602/1207/1200 603/1208/1202 623/1229/1203 622/1228/1201
f 603/1208/1202 604/1209/1204 624/1230/1205 623/1229/1203
f 604/1209/1204 605/1210/1206 625/1231/1207 624/1230/1205
f 605/1210/1206 606/1211/1208 626/1232/1209 625/1231/1207
f 606/1211/1208 607/1212/1210 627/1233/1211 626/1232/1209
f 607/1212/1210 608/1213/1212 628/1234/1213 627/1233/1211
f 608/1213/1212 609/1214/1214 629/1235/1215 628/1234/1213
f 609/1214/1214 610/1215/1216 630/1236/1217 629/1235/1215
f 610/1215/1216 611/1216/1218 631/1237/1219 630/1236/1217
f 611/1216/1218 592/1217/1180 612/1238/1183 631/1237/1219
s 2
f 593/1178/1220 592/1177/1221 632/1259/1222
f 594/1179/1223 593/1178/1220 632/1259/1222
f 595/1180/1224 594/1179/1223 632/1259/1222
f 596/1181/1225 595/1180/1224 632/1259/1222
f 597/1182/1226 596/1181/1225 632/1259/1222
f 598/1183/1227 597/1182/1226 632/1259/1222
f 599/1184/1228 598/1183/1227 632/1259/1222
f 600/1185/1229 599/1184/1228 632/1259/1222
f 601/1186/1230 600/1185/1229 632/1259/1222
f 602/1187/1231 601/1186/1230 632/1259/1222
f 603/1188/1232 602/1187/1231 632/1259/1222
f 604/1189/1233 603/1188/1232 632/1259/1222
f 605/1190/1234 604/1189/1233 632/1259/1222
f 606/1191/1235 605/1190/1234 632/1259/1222
f 607/1192/1236 606/1191/1235 632/1259/1222
f 608/1193/1237 607/1192/1236 632/1259/1222
f 609/1194/1238 608/1193/1237 632/1259/1222
f 610/1195/1239 609/1194/1238 632/1259/1222
f 611/1196/1240 610/1195/1239 632/1259/1222
f 592/1177/1221 611/1196/1240 632/1259/1222
s 3
f 612/1257/1241 613/1256/1242 633/1260/1243
f 613/1256/1242 614/1255/1244 633/1260/1243
f 614/1255/1244 615/1254/1245 633/1260/1243
f 615/1254/1245 616/1253/1246 633/1260/1243
f 616/1253/1246 617/1252/1247 633/1260/1243
f 617/1252/1247 618/1251/1248 633/1260/1243
f 618/1251/1248 619/1250/1249 633/1260/1243
f 619/1250/1249 620/1249/1250 633/1260/1243
f 620/1249/1250 621/1248/1251 633/1260/1243
f 621/1248/1251 622/1247/1252 633/1260/1243
f 622/1247/1252 623/1246/1253 633/1260/1243
f 623/1246/1253 624/1245/1254 633/1260/1243
f 624/1245/1254 625/1244/1255 633/1260/1243
f 625/1244/1255 626/1243/1256 633/1260/1243
f 626/1243/1256 627/1242/1257 633/1260/1243
f 627/1242/1257 628/1241/1258 633/1260/1243
f 628/1241/1258 629/1240/1259 633/1260/1243
f 629/1240/1259 630/1239/1260 633/1260/1243
f 630/1239/1260 631/1258/1261 633/1260/1243
f 631/1258/1261 612/1257/1241 633/1260/1243
g default
v 1.254183 6.371106 -0.403100
v 1.068898 6.371106 -0.766743
v 0.780310 6.371106 -1.055331
v 0.416668 6.371106 -1.240616
v 0.013567 6.371106 -1.304460
v -0.389533 6.371106 -1.240616
v -0.753175 6.371106 -1.055331
v -1.041763 6.371106 -0.766742
v -1.227048 6.371106 -0.403100
v -1.290893 6.371106 0.000000
v -1.227048 6.371106 0.403100
v -1.041763 6.371106 0.766742
v -0.753175 6.371106 1.055330
v -0.389533 6.371106 1.240615
v 0.013567 6.371106 1.304460
v 0.416668 6.371106 1.240615
v 0.780310 6.371106 1.055330
v 1.068897 6.371106 0.766742
v 1.254182 6.371106 0.403100
v 1.318027 6.371106 0.000000
v 1.254183 6.435419 -0.403100
v 1.068898 6.435419 -0.766743
v 0.780310 6.435419 -1.055331
v 0.416668 6.435419 -1.240616
v 0.013567 6.435419 -1.304460
v -0.389533 6.435419 -1.240616
v -0.753175 6.435419 -1.055331
v -1.041763 6.435419 -0.766742
v -1.227048 6.435419 -0.403100
v -1.290893 6.435419 0.000000
v -1.227048 6.435419 0.403100
v -1.041763 6.435419 0.766742
v -0.753175 6.435419 1.055330
v -0.389533 6.435419 1.240615
v 0.013567 6.435419 1.304460
v 0.416668 6.435419 1.240615
v 0.780310 6.435419 1.055330
v 1.068897 6.435419 0.766742
v 1.254182 6.435419 0.403100
v 1.318027 6.435419 0.000000
v 0.013567 6.371106 0.000000
v 0.013567 6.435419 0.000000
vt 0.143239 0.358353
vt 0.134241 0.340694
vt 0.120227 0.326680
vt 0.102567 0.317682
vt 0.082992 0.314581
vt 0.063417 0.317682
vt 0.045757 0.326680
vt 0.031743 0.340694
vt 0.022745 0.358353
vt 0.019644 0.377929
vt 0.022745 0.397504
vt 0.031743 0.415164
vt 0.045757 0.429178
vt 0.063417 0.438176
vt 0.082992 0.441276
vt 0.102567 0.438176
vt 0.120227 0.429178
vt 0.134241 0.415164
vt 0.143239 0.397504
vt 0.146340 0.377929
vt 0.032314 0.441276
vt 0.037382 0.441276
vt 0.042450 0.441276
vt 0.047517 0.441276
vt 0.052585 0.441276
vt 0.057653 0.441276
vt 0.062721 0.441276
vt 0.067789 0.441276
vt 0.072856 0.441276
vt 0.077924 0.441276
vt 0.082992 0.441276
vt 0.088060 0.441276
vt 0.093127 0.441276
vt 0.098195 0.441276
vt 0.103263 0.441276
vt 0.108331 0.441276
vt 0.113399 0.441276
vt 0.118467 0.441276
vt 0.123534 0.441276
vt 0.128602 0.441276
vt 0.133670 0.441276
vt 0.032314 0.593310
vt 0.037382 0.593310
vt 0.042450 0.593310
vt 0.047517 0.593310
vt 0.052585 0.593310
vt 0.057653 0.593310
vt 0.062721 0.593310
vt 0.067789 0.593310
vt 0.072856 0.593310
vt 0.077924 0.593310
vt 0.082992 0.593310
vt 0.088060 0.593310
vt 0.093127 0.593310
vt 0.098195 0.593310
vt 0.103263 0.593310
vt 0.108331 0.593310
vt 0.113399 0.593310
vt 0.118467 0.593310
vt 0.123534 0.593310
vt 0.128602 0.593310
vt 0.133670 0.593310
vt 0.143239 0.637083
vt 0.134241 0.619423
vt 0.120227 0.605409
vt 0.102567 0.596411
vt 0.082992 0.593310
vt 0.063417 0.596411
vt 0.045757 0.605409
vt 0.031743 0.619423
vt 0.022745 0.637083
vt 0.019644 0.656658
vt 0.022745 0.676233
vt 0.031743 0.693893
vt 0.045757 0.707907
vt 0.063417 0.716905
vt 0.082992 0.720006
vt 0.102567 0.716905
vt 0.120227 0.707907
vt 0.134241 0.693893
vt 0.143239 0.676233
vt 0.146340 0.656658
vt 0.082992 0.377929
vt 0.082992 0.656658
vn 0.951057 0.000000 -0.309016
vn 0.809017 0.000000 -0.587785
vn 0.809017 0.000000 -0.587785
vn 0.951057 0.000000 -0.309016
vn 0.587785 0.000000 -0.809017
vn 0.587785 0.000000 -0.809017
vn 0.309017 0.000000 -0.951056
vn 0.309017 0.000000 -0.951056
vn -0.000000 0.000000 -1.000000
vn -0.000000 0.000000 -1.000000
vn -0.309017 0.000000 -0.951056
vn -0.309017 0.000000 -0.951056
vn -0.587785 0.000000 -0.809017
vn -0.587785 0.000000 -0.809017
vn -0.809017 0.000000 -0.587785
vn -0.809017 0.000000 -0.587785
vn -0.951057 0.000000 -0.309017
vn -0.951057 0.000000 -0.309017
vn -1.000000 0.000000 0.000000
vn -1.000000 0.000000 0.000000
vn -0.951057 0.000000 0.309017
vn -0.951057 0.000000 0.309017
vn -0.809017 0.000000 0.587785
vn -0.809017 0.000000 0.587785
vn -0.587785 0.000000 0.809017
vn -0.587785 0.000000 0.809017
vn -0.309017 0.000000 0.951057
vn -0.309017 0.000000 0.951057
vn 0.000000 0.000000 1.000000
vn 0.000000 0.000000 1.000000
vn 0.309017 0.000000 0.951057
vn 0.309017 0.000000 0.951057
vn 0.587785 0.000000 0.809017
vn 0.587785 0.000000 0.809017
vn 0.809017 0.000000 0.587785
vn 0.809017 0.000000 0.587785
vn 0.951057 0.000000 0.309017
vn 0.951057 0.000000 0.309017
vn 1.000000 0.000000 0.000001
vn 1.000000 0.000000 0.000001
vn 0.000000 -1.000000 0.000000
vn 0.000000 -1.000000 0.000000
vn 0.000000 -1.000000 0.000000
vn 0.000000 -1.000000 0.000000
vn 0.000000 -1.000000 0.000000
vn 0.000000 -1.000000 0.000000
vn 0.000000 -1.000000 0.000000
vn 0.000000 -1.000000 0.000000
vn 0.000000 -1.000000 0.000000
vn 0.000000 -1.000000 0.000000
vn 0.000000 -1.000000 0.000000
vn 0.000000 -1.000000 0.000000
vn 0.000000 -1.000000 0.000000
vn 0.000000 -1.000000 0.000000
vn 0.000000 -1.000000 0.000000
vn 0.000000 -1.000000 0.000000
vn 0.000000 -1.000000 0.000000
vn 0.000000 -1.000000 0.000000
vn 0.000000 -1.000000 0.000000
vn 0.000000 -1.000000 0.000000
vn 0.000000 -1.000000 0.000000
vn 0.000000 1.000000 0.000000
vn 0.000000 1.000000 0.000000
vn 0.000000 1.000000 0.000000
vn 0.000000 1.000000 0.000000
vn 0.000000 1.000000 0.000000
vn 0.000000 1.000000 0.000000
vn 0.000000 1.000000 0.000000
vn 0.000000 1.000000 0.000000
vn 0.000000 1.000000 0.000000
vn 0.000000 1.000000 0.000000
vn 0.000000 1.000000 0.000000
vn 0.000000 1.000000 0.000000
vn 0.000000 1.000000 0.000000
vn 0.000000 1.000000 0.000000
vn 0.000000 1.000000 0.000000
vn 0.000000 1.000000 0.000000
vn 0.000000 1.000000 0.000000
vn 0.000000 1.000000 0.000000
vn 0.000000 1.000000 0.000000
vn 0.000000 1.000000 0.000000
vn 0.000000 1.000000 0.000000
s 1
g lighthouse1 pCylinder3
usemtl initialShadingGroup
f 634/1281/1262 635/1282/1263 655/1303/1264 654/1302/1265
f 635/1282/1263 636/1283/1266 656/1304/1267 655/1303/1264
f 636/1283/1266 637/1284/1268 657/1305/1269 656/1304/1267
f 637/1284/1268 638/1285/1270 658/1306/1271 657/1305/1269
f 638/1285/1270 639/1286/1272 659/1307/1273 658/1306/1271
f 639/1286/1272 640/1287/1274 660/1308/1275 659/1307/1273
f 640/1287/1274 641/1288/1276 661/1309/1277 660/1308/1275
f 641/1288/1276 642/1289/1278 662/1310/1279 661/1309/1277
f 642/1289/1278 643/1290/1280 663/1311/1281 662/1310/1279
f 643/1290/1280 644/1291/1282 664/1312/1283 663/1311/1281
f 644/1291/1282 645/1292/1284 665/1313/1285 664/1312/1283
f 645/1292/1284 646/1293/1286 666/1314/1287 665/1313/1285
f 646/1293/1286 647/1294/1288 667/1315/1289 666/1314/1287
f 647/1294/1288 648/1295/1290 668/1316/1291 667/1315/1289
f 648/1295/1290 649/1296/1292 669/1317/1293 668/1316/1291
f 649/1296/1292 650/1297/1294 670/1318/1295 669/1317/1293
f 650/1297/1294 651/1298/1296 671/1319/1297 670/1318/1295
f 651/1298/1296 652/1299/1298 672/1320/1299 671/1319/1297
f 652/1299/1298 653/1300/1300 673/1321/1301 672/1320/1299
f 653/1300/1300 634/1301/1262 654/1322/1265 673/1321/1301
s 2
f 635/1262/1302 634/1261/1303 674/1343/1304
f 636/1263/1305 635/1262/1302 674/1343/1304
f 637/1264/1306 636/1263/1305 674/1343/1304
f 638/1265/1307 637/1264/1306 674/1343/1304
f 639/1266/1308 638/1265/1307 674/1343/1304
f 640/1267/1309 639/1266/1308 674/1343/1304
f 641/1268/1310 640/1267/1309 674/1343/1304
f 642/1269/1311 641/1268/1310 674/1343/1304
f 643/1270/1312 642/1269/1311 674/1343/1304
f 644/1271/1313 643/1270/1312 674/1343/1304
f 645/1272/1314 644/1271/1313 674/1343/1304
f 646/1273/1315 645/1272/1314 674/1343/1304
f 647/1274/1316 646/1273/1315 674/1343/1304
f 648/1275/1317 647/1274/1316 674/1343/1304
f 649/1276/1318 648/1275/1317 674/1343/1304
f 650/1277/1319 649/1276/1318 674/1343/1304
f 651/1278/1320 650/1277/1319 674/1343/1304
f 652/1279/1321 651/1278/1320 674/1343/1304
f 653/1280/1322 652/1279/1321 674/1343/1304
f 634/1261/1303 653/1280/1322 674/1343/1304
s 3
f 654/1341/1323 655/1340/1324 675/1344/1325
f 655/1340/1324 656/1339/1326 675/1344/1325
f 656/1339/1326 657/1338/1327 675/1344/1325
f 657/1338/1327 658/1337/1328 675/1344/1325
f 658/1337/1328 659/1336/1329 675/1344/1325
f 659/1336/1329 660/1335/1330 675/1344/1325
f 660/1335/1330 661/1334/1331 675/1344/1325
f 661/1334/1331 662/1333/1332 675/1344/1325
f 662/1333/1332 663/1332/1333 675/1344/1325
f 663/1332/1333 664/1331/1334 675/1344/1325
f 664/1331/1334 665/1330/1335 675/1344/1325
f 665/1330/1335 666/1329/1336 675/1344/1325
f 666/1329/1336 667/1328/1337 675/1344/1325
f 667/1328/1337 668/1327/1338 675/1344/1325
f 668/1327/1338 669/1326/1339 675/1344/1325
f 669/1326/1339 670/1325/1340 675/1344/1325
f 670/1325/1340 671/1324/1341 675/1344/1325
f 671/1324/1341 672/1323/1342 675/1344/1325
f 672/1323/1342 673/1342/1343 675/1344/1325
f 673/1342/1343 654/1341/1323 675/1344/1325
g default
v 1.579568 1.203765 -0.322032
v 1.581429 1.203765 -0.381976
v 1.579568 1.905947 -0.322032
v 1.581429 1.905947 -0.381976
v 1.098936 1.905947 -0.336954
v 1.100797 1.905947 -0.396897
v 1.098936 1.203765 -0.336954
v 1.100797 1.203765 -0.396897
vt 0.732848 0.127580
vt 0.702566 0.126457
vt 0.733971 0.097298
vt 0.703689 0.096175
vt 0.735094 0.067017
vt 0.704813 0.065894
vt 0.736217 0.036735
vt 0.705936 0.035612
vt 0.737341 0.006454
vt 0.707059 0.005330
vt 0.672285 0.125333
vt 0.673408 0.095052
vt 0.763129 0.128703
vt 0.764252 0.098422
vn 0.999518 0.000000 0.031031
vn 0.999518 0.000000 0.031031
vn 0.999518 0.000000 0.031031
vn 0.999518 0.000000 0.031031
vn 0.000000 1.000000 0.000000
vn 0.000000 1.000000 0.000000
vn 0.000000 1.000000 0.000000
vn 0.000000 1.000000 0.000000
vn -0.999518 0.000000 -0.031031
vn -0.999518 0.000000 -0.031031
vn -0.999518 0.000000 -0.031031
vn -0.999518 0.000000 -0.031031
vn 0.000000 -1.000000 0.000000
vn 0.000000 -1.000000 0.000000
vn 0.000000 -1.000000 0.000000
vn 0.000000 -1.000000 0.000000
vn 0.031031 0.000000 -0.999518
vn 0.031031 0.000000 -0.999518
vn 0.031031 0.000000 -0.999518
vn 0.031031 0.000000 -0.999518
vn -0.031031 0.000000 0.999518
vn -0.031031 0.000000 0.999518
vn -0.031031 0.000000 0.999518
vn -0.031031 0.000000 0.999518
s off
g lighthouse1 pCube4
usemtl initialShadingGroup
f 676/1345/1344 677/1346/1345 679/1348/1346 678/1347/1347
f 678/1347/1348 679/1348/1349 681/1350/1350 680/1349/1351
f 680/1349/1352 681/1350/1353 683/1352/1354 682/1351/1355
f 682/1351/1356 683/1352/1357 677/1354/1358 676/1353/1359
f 677/1346/1360 683/1355/1361 681/1356/1362 679/1348/1363
f 682/1357/1364 676/1345/1365 678/1347/1366 680/1358/1367
g default
v 1.100231 6.617703 -0.355551
v 0.935465 6.617703 -0.678922
v 0.678836 6.617703 -0.935551
v 0.355464 6.617703 -1.100317
v -0.002996 6.617703 -1.157091
v -0.361456 6.617703 -1.100317
v -0.684827 6.617703 -0.935551
v -0.941456 6.617703 -0.678922
v -1.106222 6.617703 -0.355551
v -1.162996 6.617703 0.002909
v -1.106222 6.617703 0.361369
v -0.941456 6.617703 0.684740
v -0.684827 6.617703 0.941369
v -0.361455 6.617703 1.106135
v -0.002996 6.617703 1.162910
v 0.355464 6.617703 1.106135
v 0.678835 6.617703 0.941369
v 0.935464 6.617703 0.684740
v 1.100230 6.617703 0.361369
v 1.157004 6.617703 0.002909
v 1.102807 6.619631 -0.356388
v 0.937657 6.619631 -0.680515
v 0.680428 6.619631 -0.937743
v 0.356301 6.619631 -1.102894
v -0.002996 6.619631 -1.159801
v -0.362293 6.619631 -1.102893
v -0.686419 6.619631 -0.937743
v -0.943647 6.619631 -0.680514
v -1.108798 6.619631 -0.356388
v -1.165705 6.619631 0.002909
v -1.108798 6.619631 0.362206
v -0.943647 6.619631 0.686333
v -0.686419 6.619631 0.943561
v -0.362293 6.619631 1.108712
v -0.002996 6.619631 1.165619
v 0.356301 6.619631 1.108711
v 0.680428 6.619631 0.943561
v 0.937656 6.619631 0.686333
v 1.102807 6.619631 0.362206
v 1.159714 6.619631 0.002909
v 1.110258 6.621349 -0.358809
v 0.943994 6.621349 -0.685119
v 0.685033 6.621349 -0.944080
v 0.358722 6.621349 -1.110344
v -0.002996 6.621349 -1.167634
v -0.364713 6.621349 -1.110344
v -0.691024 6.621349 -0.944080
v -0.949985 6.621349 -0.685119
v -1.116248 6.621349 -0.358808
v -1.173539 6.621349 0.002909
v -1.116248 6.621349 0.364627
v -0.949985 6.621349 0.690937
v -0.691024 6.621349 0.949898
v -0.364713 6.621349 1.116162
v -0.002996 6.621349 1.173452
v 0.358722 6.621349 1.116162
v 0.685032 6.621349 0.949898
v 0.943993 6.621349 0.690937
v 1.110257 6.621349 0.364627
v 1.167547 6.621349 0.002909
v 1.121775 6.622673 -0.362551
v 0.953791 6.622673 -0.692237
v 0.692151 6.622673 -0.953877
v 0.362464 6.622673 -1.121861
v -0.002996 6.622673 -1.179744
v -0.368456 6.622673 -1.121861
v -0.698142 6.622673 -0.953877
v -0.959782 6.622673 -0.692237
v -1.127765 6.622673 -0.362551
v -1.185648 6.622673 0.002909
v -1.127765 6.622673 0.368369
v -0.959782 6.622673 0.698055
v -0.698142 6.622673 0.959695
v -0.368455 6.622673 1.127679
v -0.002996 6.622673 1.185562
v 0.362464 6.622673 1.127679
v 0.692150 6.622673 0.959695
v 0.953790 6.622673 0.698055
v 1.121774 6.622673 0.368369
v 1.179657 6.622673 0.002909
v 1.136110 6.623458 -0.367209
v 0.965986 6.623458 -0.701097
v 0.701010 6.623458 -0.966072
v 0.367122 6.623458 -1.136196
v -0.002996 6.623458 -1.194817
v -0.373113 6.623458 -1.136196
v -0.707001 6.623458 -0.966072
v -0.971976 6.623458 -0.701097
v -1.142101 6.623458 -0.367208
v -1.200722 6.623458 0.002909
v -1.142101 6.623458 0.373027
v -0.971976 6.623458 0.706915
v -0.707001 6.623458 0.971890
v -0.373113 6.623458 1.142014
v -0.002996 6.623458 1.200635
v 0.367122 6.623458 1.142014
v 0.701010 6.623458 0.971890
v 0.965985 6.623458 0.706915
v 1.136109 6.623458 0.373027
v 1.194730 6.623458 0.002909
v 1.151710 6.623619 -0.372277
v 0.979256 6.623619 -0.710738
v 0.710652 6.623619 -0.979342
v 0.372191 6.623619 -1.151797
v -0.002996 6.623619 -1.211220
v -0.378182 6.623619 -1.151797
v -0.716643 6.623619 -0.979342
v -0.985247 6.623619 -0.710738
v -1.157701 6.623619 -0.372277
v -1.217125 6.623619 0.002909
v -1.157701 6.623619 0.378096
v -0.985247 6.623619 0.716557
v -0.716643 6.623619 0.985160
v -0.378182 6.623619 1.157615
v -0.002996 6.623619 1.217038
v 0.372191 6.623619 1.157615
v 0.710651 6.623619 0.985160
v 0.979255 6.623619 0.716556
v 1.151710 6.623619 0.378096
v 1.211133 6.623619 0.002909
v 1.166885 6.623139 -0.377208
v 0.992165 6.623139 -0.720117
v 0.720030 6.623139 -0.992251
v 0.377122 6.623139 -1.166972
v -0.002996 6.623139 -1.227176
v -0.383113 6.623139 -1.166971
v -0.726022 6.623139 -0.992251
v -0.998155 6.623139 -0.720117
v -1.172876 6.623139 -0.377208
v -1.233081 6.623139 0.002909
v -1.172876 6.623139 0.383026
v -0.998155 6.623139 0.725935
v -0.726021 6.623139 0.998069
v -0.383113 6.623139 1.172790
v -0.002996 6.623139 1.232994
v 0.377121 6.623139 1.172790
v 0.720030 6.623139 0.998069
v 0.992164 6.623139 0.725935
v 1.166885 6.623139 0.383026
v 1.227089 6.623139 0.002909
v 1.179990 6.622071 -0.381466
v 1.003312 6.622071 -0.728216
v 0.728130 6.622071 -1.003398
v 0.381380 6.622071 -1.180076
v -0.002996 6.622071 -1.240955
v -0.387371 6.622071 -1.180076
v -0.734121 6.622071 -1.003398
v -1.009303 6.622071 -0.728216
v -1.185981 6.622071 -0.381466
v -1.246860 6.622071 0.002909
v -1.185981 6.622071 0.387284
v -1.009303 6.622071 0.734034
v -0.734121 6.622071 1.009217
v -0.387371 6.622071 1.185894
v -0.002996 6.622071 1.246773
v 0.381379 6.622071 1.185894
v 0.728129 6.622071 1.009217
v 1.003312 6.622071 0.734034
v 1.179989 6.622071 0.387284
v 1.240868 6.622071 0.002909
v 1.189605 6.620529 -0.384590
v 1.011491 6.620529 -0.734158
v 0.734072 6.620529 -1.011577
v 0.384504 6.620529 -1.189691
v -0.002996 6.620529 -1.251065
v -0.390495 6.620529 -1.189691
v -0.740063 6.620529 -1.011577
v -1.017482 6.620529 -0.734158
v -1.195596 6.620529 -0.384590
v -1.256970 6.620529 0.002909
v -1.195596 6.620529 0.390409
v -1.017482 6.620529 0.739977
v -0.740063 6.620529 1.017395
v -0.390495 6.620529 1.195509
v -0.002996 6.620529 1.256883
v 0.384504 6.620529 1.195509
v 0.734072 6.620529 1.017395
v 1.011490 6.620529 0.739977
v 1.189604 6.620529 0.390408
v 1.250978 6.620529 0.002909
v 1.194688 6.618680 -0.386242
v 1.015815 6.618680 -0.737300
v 0.737213 6.618680 -1.015901
v 0.386155 6.618680 -1.194774
v -0.002996 6.618680 -1.256409
v -0.392147 6.618680 -1.194774
v -0.743205 6.618680 -1.015901
v -1.021806 6.618680 -0.737300
v -1.200679 6.618680 -0.386242
v -1.262314 6.618680 0.002909
v -1.200679 6.618680 0.392060
v -1.021806 6.618680 0.743118
v -0.743204 6.618680 1.021719
v -0.392146 6.618680 1.200592
v -0.002996 6.618680 1.262228
v 0.386155 6.618680 1.200592
v 0.737213 6.618680 1.021719
v 1.015814 6.618680 0.743118
v 1.194687 6.618680 0.392060
v 1.256323 6.618680 0.002909
v 1.194688 6.616726 -0.386242
v 1.015815 6.616726 -0.737300
v 0.737213 6.616726 -1.015901
v 0.386155 6.616726 -1.194774
v -0.002996 6.616726 -1.256409
v -0.392147 6.616726 -1.194774
v -0.743205 6.616726 -1.015901
v -1.021806 6.616726 -0.737300
v -1.200679 6.616726 -0.386242
v -1.262314 6.616726 0.002909
v -1.200679 6.616726 0.392060
v -1.021806 6.616726 0.743118
v -0.743204 6.616726 1.021719
v -0.392146 6.616726 1.200592
v -0.002996 6.616726 1.262228
v 0.386155 6.616726 1.200592
v 0.737213 6.616726 1.021719
v 1.015814 6.616726 0.743118
v 1.194687 6.616726 0.392060
v 1.256323 6.616726 0.002909
v 1.189605 6.614878 -0.384590
v 1.011491 6.614878 -0.734158
v 0.734072 6.614878 -1.011577
v 0.384504 6.614878 -1.189691
v -0.002996 6.614878 -1.251065
v -0.390495 6.614878 -1.189691
v -0.740063 6.614878 -1.011577
v -1.017482 6.614878 -0.734158
v -1.195596 6.614878 -0.384590
v -1.256970 6.614878 0.002909
v -1.195596 6.614878 0.390409
v -1.017482 6.614878 0.739977
v -0.740063 6.614878 1.017395
v -0.390495 6.614878 1.195509
v -0.002996 6.614878 1.256883
v 0.384504 6.614878 1.195509
v 0.734072 6.614878 1.017395
v 1.011490 6.614878 0.739977
v 1.189604 6.614878 0.390408
v 1.250978 6.614878 0.002909
v 1.179990 6.613336 -0.381466
v 1.003312 6.613336 -0.728216
v 0.728130 6.613336 -1.003398
v 0.381380 6.613336 -1.180076
v -0.002996 6.613336 -1.240955
v -0.387371 6.613336 -1.180076
v -0.734121 6.613336 -1.003398
v -1.009303 6.613336 -0.728216
v -1.185981 6.613336 -0.381466
v -1.246860 6.613336 0.002909
v -1.185981 6.613336 0.387284
v -1.009303 6.613336 0.734034
v -0.734121 6.613336 1.009217
v -0.387371 6.613336 1.185894
v -0.002996 6.613336 1.246773
v 0.381379 6.613336 1.185894
v 0.728129 6.613336 1.009217
v 1.003312 6.613336 0.734034
v 1.179989 6.613336 0.387284
v 1.240868 6.613336 0.002909
v 1.166885 6.612268 -0.377208
v 0.992165 6.612268 -0.720117
v 0.720030 6.612268 -0.992251
v 0.377122 6.612268 -1.166972
v -0.002996 6.612268 -1.227176
v -0.383113 6.612268 -1.166971
v -0.726022 6.612268 -0.992251
v -0.998155 6.612268 -0.720117
v -1.172876 6.612268 -0.377208
v -1.233081 6.612268 0.002909
v -1.172876 6.612268 0.383026
v -0.998155 6.612268 0.725935
v -0.726021 6.612268 0.998069
v -0.383113 6.612268 1.172790
v -0.002996 6.612268 1.232994
v 0.377121 6.612268 1.172790
v 0.720030 6.612268 0.998069
v 0.992164 6.612268 0.725935
v 1.166885 6.612268 0.383026
v 1.227089 6.612268 0.002909
v 1.151710 6.611788 -0.372277
v 0.979256 6.611788 -0.710738
v 0.710652 6.611788 -0.979342
v 0.372191 6.611788 -1.151797
v -0.002996 6.611788 -1.211220
v -0.378182 6.611788 -1.151797
v -0.716643 6.611788 -0.979342
v -0.985247 6.611788 -0.710738
v -1.157701 6.611788 -0.372277
v -1.217125 6.611788 0.002909
v -1.157701 6.611788 0.378096
v -0.985247 6.611788 0.716557
v -0.716643 6.611788 0.985160
v -0.378182 6.611788 1.157615
v -0.002996 6.611788 1.217038
v 0.372191 6.611788 1.157615
v 0.710651 6.611788 0.985160
v 0.979255 6.611788 0.716556
v 1.151710 6.611788 0.378096
v 1.211133 6.611788 0.002909
v 1.136110 6.611949 -0.367209
v 0.965986 6.611949 -0.701097
v 0.701010 6.611949 -0.966072
v 0.367122 6.611949 -1.136196
v -0.002996 6.611949 -1.194817
v -0.373113 6.611949 -1.136196
v -0.707001 6.611949 -0.966072
v -0.971976 6.611949 -0.701097
v -1.142101 6.611949 -0.367208
v -1.200722 6.611949 0.002909
v -1.142101 6.611949 0.373027
v -0.971976 6.611949 0.706915
v -0.707001 6.611949 0.971890
v -0.373113 6.611949 1.142014
v -0.002996 6.611949 1.200635
v 0.367122 6.611949 1.142014
v 0.701010 6.611949 0.971890
v 0.965985 6.611949 0.706915
v 1.136109 6.611949 0.373027
v 1.194730 6.611949 0.002909
v 1.121775 6.612734 -0.362551
v 0.953791 6.612734 -0.692237
v 0.692151 6.612734 -0.953877
v 0.362464 6.612734 -1.121861
v -0.002996 6.612734 -1.179744
v -0.368456 6.612734 -1.121861
v -0.698142 6.612734 -0.953877
v -0.959782 6.612734 -0.692237
v -1.127765 6.612734 -0.362551
v -1.185649 6.612734 0.002909
v -1.127765 6.612734 0.368369
v -0.959782 6.612734 0.698055
v -0.698142 6.612734 0.959695
v -0.368455 6.612734 1.127679
v -0.002996 6.612734 1.185562
v 0.362464 6.612734 1.127679
v 0.692150 6.612734 0.959695
v 0.953790 6.612734 0.698055
v 1.121774 6.612734 0.368369
v 1.179657 6.612734 0.002909
v 1.110258 6.614058 -0.358809
v 0.943994 6.614058 -0.685119
v 0.685033 6.614058 -0.944081
v 0.358722 6.614058 -1.110344
v -0.002996 6.614058 -1.167634
v -0.364714 6.614058 -1.110344
v -0.691024 6.614058 -0.944080
v -0.949985 6.614058 -0.685119
v -1.116248 6.614058 -0.358809
v -1.173539 6.614058 0.002909
v -1.116248 6.614058 0.364627
v -0.949985 6.614058 0.690937
v -0.691024 6.614058 0.949899
v -0.364713 6.614058 1.116162
v -0.002996 6.614058 1.173452
v 0.358722 6.614058 1.116162
v 0.685032 6.614058 0.949898
v 0.943994 6.614058 0.690937
v 1.110257 6.614058 0.364627
v 1.167547 6.614058 0.002909
v 1.102807 6.615776 -0.356388
v 0.937657 6.615776 -0.680515
v 0.680428 6.615776 -0.937743
v 0.356301 6.615776 -1.102894
v -0.002996 6.615776 -1.159801
v -0.362293 6.615776 -1.102893
v -0.686419 6.615776 -0.937743
v -0.943647 6.615776 -0.680514
v -1.108798 6.615776 -0.356388
v -1.165705 6.615776 0.002909
v -1.108798 6.615776 0.362206
v -0.943647 6.615776 0.686333
v -0.686419 6.615776 0.943561
v -0.362293 6.615776 1.108712
v -0.002996 6.615776 1.165619
v 0.356301 6.615776 1.108711
v 0.680428 6.615776 0.943561
v 0.937656 6.615776 0.686333
v 1.102806 6.615776 0.362206
v 1.159714 6.615776 0.002909
vt 0.665104 0.993885
vt 0.681312 0.993885
vt 0.697519 0.993885
vt 0.713727 0.993885
vt 0.729934 0.993885
vt 0.746142 0.993885
vt 0.762349 0.993885
vt 0.778557 0.993885
vt 0.794764 0.993885
vt 0.810972 0.993885
vt 0.827180 0.993885
vt 0.843387 0.993885
vt 0.859595 0.993885
vt 0.875802 0.993885
vt 0.892010 0.993885
vt 0.908217 0.993885
vt 0.924425 0.993885
vt 0.940632 0.993885
vt 0.956840 0.993885
vt 0.973047 0.993885
vt 0.989255 0.993885
vt 0.665104 0.976824
vt 0.681312 0.976824
vt 0.697519 0.976824
vt 0.713727 0.976824
vt 0.729934 0.976824
vt 0.746142 0.976824
vt 0.762349 0.976824
vt 0.778557 0.976824
vt 0.794764 0.976824
vt 0.810972 0.976824
vt 0.827180 0.976824
vt 0.843387 0.976824
vt 0.859595 0.976824
vt 0.875802 0.976824
vt 0.892010 0.976824
vt 0.908217 0.976824
vt 0.924425 0.976824
vt 0.940632 0.976824
vt 0.956840 0.976824
vt 0.973047 0.976824
vt 0.989255 0.976824
vt 0.665104 0.959764
vt 0.681312 0.959764
vt 0.697519 0.959764
vt 0.713727 0.959764
vt 0.729934 0.959764
vt 0.746142 0.959764
vt 0.762349 0.959764
vt 0.778557 0.959764
vt 0.794764 0.959764
vt 0.810972 0.959764
vt 0.827180 0.959764
vt 0.843387 0.959764
vt 0.859595 0.959764
vt 0.875802 0.959764
vt 0.892010 0.959764
vt 0.908217 0.959764
vt 0.924425 0.959764
vt 0.940632 0.959764
vt 0.956840 0.959764
vt 0.973047 0.959764
vt 0.989255 0.959764
vt 0.665104 0.942703
vt 0.681312 0.942703
vt 0.697519 0.942703
vt 0.713727 0.942703
vt 0.729934 0.942703
vt 0.746142 0.942703
vt 0.762349 0.942703
vt 0.778557 0.942703
vt 0.794764 0.942703
vt 0.810972 0.942703
vt 0.827180 0.942703
vt 0.843387 0.942703
vt 0.859595 0.942703
vt 0.875802 0.942703
vt 0.892010 0.942703
vt 0.908217 0.942703
vt 0.924425 0.942703
vt 0.940632 0.942703
vt 0.956840 0.942703
vt 0.973047 0.942703
vt 0.989255 0.942703
vt 0.665104 0.925642
vt 0.681312 0.925642
vt 0.697519 0.925642
vt 0.713727 0.925642
vt 0.729934 0.925642
vt 0.746142 0.925642
vt 0.762349 0.925642
vt 0.778557 0.925642
vt 0.794764 0.925642
vt 0.810972 0.925642
vt 0.827180 0.925642
vt 0.843387 0.925642
vt 0.859595 0.925642
vt 0.875802 0.925642
vt 0.892010 0.925642
vt 0.908217 0.925642
vt 0.924425 0.925642
vt 0.940632 0.925642
vt 0.956840 0.925642
vt 0.973047 0.925642
vt 0.989255 0.925642
vt 0.665104 0.908582
vt 0.681312 0.908582
vt 0.697519 0.908582
vt 0.713727 0.908582
vt 0.729934 0.908582
vt 0.746142 0.908582
vt 0.762349 0.908582
vt 0.778557 0.908582
vt 0.794764 0.908582
vt 0.810972 0.908582
vt 0.827180 0.908582
vt 0.843387 0.908582
vt 0.859595 0.908582
vt 0.875802 0.908582
vt 0.892010 0.908582
vt 0.908217 0.908582
vt 0.924425 0.908582
vt 0.940632 0.908582
vt 0.956840 0.908582
vt 0.973047 0.908582
vt 0.989255 0.908582
vt 0.665104 0.891521
vt 0.681312 0.891521
vt 0.697519 0.891521
vt 0.713727 0.891521
vt 0.729934 0.891521
vt 0.746142 0.891521
vt 0.762349 0.891521
vt 0.778557 0.891521
vt 0.794764 0.891521
vt 0.810972 0.891521
vt 0.827180 0.891521
vt 0.843387 0.891521
vt 0.859595 0.891521
vt 0.875802 0.891521
vt 0.892010 0.891521
vt 0.908217 0.891521
vt 0.924425 0.891521
vt 0.940632 0.891521
vt 0.956840 0.891521
vt 0.973047 0.891521
vt 0.989255 0.891521
vt 0.665104 0.874461
vt 0.681312 0.874461
vt 0.697519 0.874461
vt 0.713727 0.874461
vt 0.729934 0.874461
vt 0.746142 0.874461
vt 0.762349 0.874461
vt 0.778557 0.874461
vt 0.794764 0.874461
vt 0.810972 0.874461
vt 0.827180 0.874461
vt 0.843387 0.874461
vt 0.859595 0.874461
vt 0.875802 0.874461
vt 0.892010 0.874461
vt 0.908217 0.874461
vt 0.924425 0.874461
vt 0.940632 0.874461
vt 0.956840 0.874461
vt 0.973047 0.874461
vt 0.989255 0.874461
vt 0.665104 0.857400
vt 0.681312 0.857400
vt 0.697519 0.857400
vt 0.713727 0.857400
vt 0.729934 0.857400
vt 0.746142 0.857400
vt 0.762349 0.857400
vt 0.778557 0.857400
vt 0.794764 0.857400
vt 0.810972 0.857400
vt 0.827180 0.857400
vt 0.843387 0.857400
vt 0.859595 0.857400
vt 0.875802 0.857400
vt 0.892010 0.857400
vt 0.908217 0.857400
vt 0.924425 0.857400
vt 0.940632 0.857400
vt 0.956840 0.857400
vt 0.973047 0.857400
vt 0.989255 0.857400
vt 0.665104 0.840340
vt 0.681312 0.840340
vt 0.697519 0.840340
vt 0.713727 0.840340
vt 0.729934 0.840340
vt 0.746142 0.840340
vt 0.762349 0.840340
vt 0.778557 0.840340
vt 0.794764 0.840340
vt 0.810972 0.840340
vt 0.827180 0.840340
vt 0.843387 0.840340
vt 0.859595 0.840340
vt 0.875802 0.840340
vt 0.892010 0.840340
vt 0.908217 0.840340
vt 0.924425 0.840340
vt 0.940632 0.840340
vt 0.956840 0.840340
vt 0.973047 0.840340
vt 0.989255 0.840340
vt 0.665104 0.823279
vt 0.681312 0.823279
vt 0.697519 0.823279
vt 0.713727 0.823279
vt 0.729934 0.823279
vt 0.746142 0.823279
vt 0.762349 0.823279
vt 0.778557 0.823279
vt 0.794764 0.823279
vt 0.810972 0.823279
vt 0.827180 0.823279
vt 0.843387 0.823279
vt 0.859595 0.823279
vt 0.875802 0.823279
vt 0.892010 0.823279
vt 0.908217 0.823279
vt 0.924425 0.823279
vt 0.940632 0.823279
vt 0.956840 0.823279
vt 0.973047 0.823279
vt 0.989255 0.823279
vt 0.665104 0.806219
vt 0.681312 0.806219
vt 0.697519 0.806219
vt 0.713727 0.806219
vt 0.729934 0.806219
vt 0.746142 0.806219
vt 0.762349 0.806219
vt 0.778557 0.806219
vt 0.794764 0.806219
vt 0.810972 0.806219
vt 0.827180 0.806219
vt 0.843387 0.806219
vt 0.859595 0.806219
vt 0.875802 0.806219
vt 0.892010 0.806219
vt 0.908217 0.806219
vt 0.924425 0.806219
vt 0.940632 0.806219
vt 0.956840 0.806219
vt 0.973047 0.806219
vt 0.989255 0.806219
vt 0.665104 0.789158
vt 0.681312 0.789158
vt 0.697519 0.789158
vt 0.713727 0.789158
vt 0.729934 0.789158
vt 0.746142 0.789158
vt 0.762349 0.789158
vt 0.778557 0.789158
vt 0.794764 0.789158
vt 0.810972 0.789158
vt 0.827180 0.789158
vt 0.843387 0.789158
vt 0.859595 0.789158
vt 0.875802 0.789158
vt 0.892010 0.789158
vt 0.908217 0.789158
vt 0.924425 0.789158
vt 0.940632 0.789158
vt 0.956840 0.789158
vt 0.973047 0.789158
vt 0.989255 0.789158
vt 0.665104 0.772097
vt 0.681312 0.772097
vt 0.697519 0.772097
vt 0.713727 0.772097
vt 0.729934 0.772097
vt 0.746142 0.772097
vt 0.762349 0.772097
vt 0.778557 0.772097
vt 0.794764 0.772097
vt 0.810972 0.772097
vt 0.827180 0.772097
vt 0.843387 0.772097
vt 0.859595 0.772097
vt 0.875802 0.772097
vt 0.892010 0.772097
vt 0.908217 0.772097
vt 0.924425 0.772097
vt 0.940632 0.772097
vt 0.956840 0.772097
vt 0.973047 0.772097
vt 0.989255 0.772097
vt 0.665104 0.755037
vt 0.681312 0.755037
vt 0.697519 0.755037
vt 0.713727 0.755037
vt 0.729934 0.755037
vt 0.746142 0.755037
vt 0.762349 0.755037
vt 0.778557 0.755037
vt 0.794764 0.755037
vt 0.810972 0.755037
vt 0.827180 0.755037
vt 0.843387 0.755037
vt 0.859595 0.755037
vt 0.875802 0.755037
vt 0.892010 0.755037
vt 0.908217 0.755037
vt 0.924425 0.755037
vt 0.940632 0.755037
vt 0.956840 0.755037
vt 0.973047 0.755037
vt 0.989255 0.755037
vt 0.665104 0.737976
vt 0.681312 0.737976
vt 0.697519 0.737976
vt 0.713727 0.737976
vt 0.729934 0.737976
vt 0.746142 0.737976
vt 0.762349 0.737976
vt 0.778557 0.737976
vt 0.794764 0.737976
vt 0.810972 0.737976
vt 0.827180 0.737976
vt 0.843387 0.737976
vt 0.859595 0.737976
vt 0.875802 0.737976
vt 0.892010 0.737976
vt 0.908217 0.737976
vt 0.924425 0.737976
vt 0.940632 0.737976
vt 0.956840 0.737976
vt 0.973047 0.737976
vt 0.989255 0.737976
vt 0.665104 0.720916
vt 0.681312 0.720916
vt 0.697519 0.720916
vt 0.713727 0.720916
vt 0.729934 0.720916
vt 0.746142 0.720916
vt 0.762349 0.720916
vt 0.778557 0.720916
vt 0.794764 0.720916
vt 0.810972 0.720916
vt 0.827180 0.720916
vt 0.843387 0.720916
vt 0.859595 0.720916
vt 0.875802 0.720916
vt 0.892010 0.720916
vt 0.908217 0.720916
vt 0.924425 0.720916
vt 0.940632 0.720916
vt 0.956840 0.720916
vt 0.973047 0.720916
vt 0.989255 0.720916
vt 0.665104 0.703855
vt 0.681312 0.703855
vt 0.697519 0.703855
vt 0.713727 0.703855
vt 0.729934 0.703855
vt 0.746142 0.703855
vt 0.762349 0.703855
vt 0.778557 0.703855
vt 0.794764 0.703855
vt 0.810972 0.703855
vt 0.827180 0.703855
vt 0.843387 0.703855
vt 0.859595 0.703855
vt 0.875802 0.703855
vt 0.892010 0.703855
vt 0.908217 0.703855
vt 0.924425 0.703855
vt 0.940632 0.703855
vt 0.956840 0.703855
vt 0.973047 0.703855
vt 0.989255 0.703855
vt 0.665104 0.686795
vt 0.681312 0.686795
vt 0.697519 0.686795
vt 0.713727 0.686795
vt 0.729934 0.686795
vt 0.746142 0.686795
vt 0.762349 0.686795
vt 0.778557 0.686795
vt 0.794764 0.686795
vt 0.810972 0.686795
vt 0.827180 0.686795
vt 0.843387 0.686795
vt 0.859595 0.686795
vt 0.875802 0.686795
vt 0.892010 0.686795
vt 0.908217 0.686795
vt 0.924425 0.686795
vt 0.940632 0.686795
vt 0.956840 0.686795
vt 0.973047 0.686795
vt 0.989255 0.686795
vt 0.665104 0.669734
vt 0.681312 0.669734
vt 0.697519 0.669734
vt 0.713727 0.669734
vt 0.729934 0.669734
vt 0.746142 0.669734
vt 0.762349 0.669734
vt 0.778557 0.669734
vt 0.794764 0.669734
vt 0.810972 0.669734
vt 0.827180 0.669734
vt 0.843387 0.669734
vt 0.859595 0.669734
vt 0.875802 0.669734
vt 0.892010 0.669734
vt 0.908217 0.669734
vt 0.924425 0.669734
vt 0.940632 0.669734
vt 0.956840 0.669734
vt 0.973047 0.669734
vt 0.989255 0.669734
vn -0.809017 0.000004 0.587786
vn -0.951057 0.000000 0.309016
vn -0.305810 0.946893 0.099364
vn -0.260138 0.946893 0.189002
vn -0.587786 0.000003 0.809017
vn -0.189002 0.946893 0.260139
vn -0.309018 -0.000001 0.951056
vn -0.099364 0.946893 0.305811
vn 0.000000 0.000001 1.000000
vn 0.000000 0.946893 0.321548
vn 0.309017 0.000002 0.951056
vn 0.099365 0.946893 0.305811
vn 0.587785 0.000013 0.809017
vn 0.189003 0.946892 0.260140
vn 0.809017 0.000012 0.587785
vn 0.260140 0.946892 0.189003
vn 0.951056 0.000022 0.309018
vn 0.305811 0.946893 0.099364
vn 1.000000 0.000043 0.000000
vn 0.321546 0.946894 0.000000
vn 0.951056 0.000021 -0.309018
vn 0.305811 0.946893 -0.099364
vn 0.809016 -0.000000 -0.587787
vn 0.260140 0.946892 -0.189004
vn 0.587785 -0.000001 -0.809017
vn 0.189003 0.946892 -0.260141
vn 0.309017 -0.000000 -0.951057
vn 0.099365 0.946892 -0.305814
vn -0.000000 -0.000001 -1.000000
vn -0.000000 0.946893 -0.321550
vn -0.309017 -0.000004 -0.951057
vn -0.099364 0.946893 -0.305810
vn -0.587785 -0.000003 -0.809017
vn -0.189001 0.946893 -0.260138
vn -0.809017 0.000012 -0.587785
vn -0.260139 0.946893 -0.189002
vn -0.951057 0.000016 -0.309016
vn -0.305813 0.946892 -0.099365
vn -1.000000 0.000006 -0.000001
vn -0.321550 0.946893 -0.000000
vn -0.140360 0.989050 0.045605
vn -0.119397 0.989050 0.086747
vn -0.086747 0.989050 0.119397
vn -0.045606 0.989050 0.140360
vn 0.000000 0.989050 0.147583
vn 0.045606 0.989050 0.140360
vn 0.086748 0.989050 0.119398
vn 0.119397 0.989050 0.086747
vn 0.140359 0.989050 0.045605
vn 0.147583 0.989050 -0.000000
vn 0.140360 0.989050 -0.045606
vn 0.119397 0.989050 -0.086747
vn 0.086747 0.989050 -0.119397
vn 0.045606 0.989049 -0.140361
vn -0.000000 0.989049 -0.147584
vn -0.045606 0.989050 -0.140360
vn -0.086747 0.989050 -0.119397
vn -0.119398 0.989050 -0.086748
vn -0.140360 0.989050 -0.045606
vn -0.147583 0.989050 -0.000000
vn -0.071236 0.997191 0.023146
vn -0.060597 0.997191 0.044026
vn -0.044026 0.997191 0.060597
vn -0.023146 0.997191 0.071236
vn 0.000000 0.997191 0.074902
vn 0.023146 0.997191 0.071236
vn 0.044026 0.997191 0.060597
vn 0.060597 0.997191 0.044026
vn 0.071236 0.997191 0.023146
vn 0.074902 0.997191 -0.000000
vn 0.071236 0.997191 -0.023146
vn 0.060597 0.997191 -0.044026
vn 0.044026 0.997191 -0.060597
vn 0.023146 0.997191 -0.071236
vn -0.000000 0.997191 -0.074902
vn -0.023146 0.997191 -0.071236
vn -0.044026 0.997191 -0.060597
vn -0.060597 0.997191 -0.044026
vn -0.071236 0.997191 -0.023146
vn -0.074902 0.997191 -0.000000
vn -0.026551 0.999610 0.008627
vn -0.022586 0.999610 0.016410
vn -0.016409 0.999610 0.022586
vn -0.008627 0.999610 0.026551
vn 0.000000 0.999610 0.027918
vn 0.008627 0.999610 0.026551
vn 0.016410 0.999610 0.022586
vn 0.022586 0.999610 0.016410
vn 0.026551 0.999610 0.008627
vn 0.027917 0.999610 -0.000000
vn 0.026551 0.999610 -0.008627
vn 0.022586 0.999610 -0.016410
vn 0.016409 0.999610 -0.022586
vn 0.008627 0.999610 -0.026551
vn -0.000000 0.999610 -0.027917
vn -0.008627 0.999610 -0.026551
vn -0.016409 0.999610 -0.022586
vn -0.022586 0.999610 -0.016409
vn -0.026551 0.999610 -0.008627
vn -0.027917 0.999610 0.000000
vn 0.011350 0.999929 -0.003688
vn 0.009655 0.999929 -0.007015
vn 0.007015 0.999929 -0.009655
vn 0.003688 0.999929 -0.011350
vn -0.000000 0.999929 -0.011934
vn -0.003688 0.999929 -0.011350
vn -0.007015 0.999929 -0.009655
vn -0.009655 0.999929 -0.007015
vn -0.011350 0.999929 -0.003688
vn -0.011934 0.999929 0.000000
vn -0.011350 0.999929 0.003688
vn -0.009655 0.999929 0.007015
vn -0.007015 0.999929 0.009655
vn -0.003688 0.999929 0.011350
vn -0.000000 0.999929 0.011934
vn 0.003688 0.999929 0.011350
vn 0.007015 0.999929 0.009655
vn 0.009655 0.999929 0.007015
vn 0.011350 0.999929 0.003688
vn 0.011934 0.999929 0.000000
vn 0.051641 0.998525 -0.016779
vn 0.043928 0.998525 -0.031916
vn 0.031916 0.998525 -0.043928
vn 0.016779 0.998525 -0.051641
vn -0.000000 0.998525 -0.054298
vn -0.016779 0.998525 -0.051641
vn -0.031916 0.998525 -0.043928
vn -0.043928 0.998525 -0.031916
vn -0.051640 0.998525 -0.016779
vn -0.054298 0.998525 0.000000
vn -0.051641 0.998525 0.016779
vn -0.043928 0.998525 0.031916
vn -0.031916 0.998525 0.043928
vn -0.016779 0.998525 0.051640
vn 0.000000 0.998525 0.054298
vn 0.016779 0.998525 0.051641
vn 0.031916 0.998525 0.043928
vn 0.043928 0.998525 0.031916
vn 0.051640 0.998525 0.016779
vn 0.054298 0.998525 0.000000
vn 0.106021 0.993767 -0.034448
vn 0.090187 0.993767 -0.065524
vn 0.065524 0.993767 -0.090187
vn 0.034448 0.993767 -0.106022
vn -0.000000 0.993767 -0.111477
vn -0.034448 0.993767 -0.106021
vn -0.065524 0.993767 -0.090187
vn -0.090187 0.993767 -0.065525
vn -0.106021 0.993767 -0.034448
vn -0.111476 0.993767 0.000000
vn -0.106021 0.993767 0.034448
vn -0.090187 0.993767 0.065525
vn -0.065524 0.993767 0.090187
vn -0.034448 0.993767 0.106021
vn 0.000000 0.993767 0.111477
vn 0.034448 0.993767 0.106021
vn 0.065525 0.993767 0.090187
vn 0.090187 0.993767 0.065524
vn 0.106021 0.993767 0.034448
vn 0.111477 0.993767 0.000000
vn 0.207762 0.975847 -0.067506
vn 0.176732 0.975847 -0.128404
vn 0.128404 0.975847 -0.176733
vn 0.067506 0.975847 -0.207762
vn 0.000000 0.975847 -0.218454
vn -0.067506 0.975847 -0.207762
vn -0.128404 0.975847 -0.176733
vn -0.176733 0.975847 -0.128404
vn -0.207761 0.975847 -0.067506
vn -0.218453 0.975848 0.000000
vn -0.207761 0.975848 0.067506
vn -0.176731 0.975848 0.128403
vn -0.128403 0.975847 0.176732
vn -0.067506 0.975847 0.207762
vn -0.000000 0.975847 0.218453
vn 0.067506 0.975848 0.207761
vn 0.128404 0.975847 0.176733
vn 0.176732 0.975847 0.128404
vn 0.207761 0.975847 0.067506
vn 0.218453 0.975847 0.000000
vn 0.557965 0.809819 -0.181294
vn 0.474634 0.809818 -0.344843
vn 0.344842 0.809819 -0.474634
vn 0.181293 0.809821 -0.557963
vn -0.000000 0.809820 -0.586678
vn -0.181294 0.809819 -0.557966
vn -0.344843 0.809817 -0.474636
vn -0.474634 0.809819 -0.344842
vn -0.557961 0.809823 -0.181293
vn -0.586676 0.809822 0.000000
vn -0.557959 0.809824 0.181292
vn -0.474628 0.809824 0.344838
vn -0.344839 0.809822 0.474631
vn -0.181293 0.809822 0.557962
vn -0.000000 0.809822 0.586675
vn 0.181295 0.809819 0.557965
vn 0.344844 0.809816 0.474637
vn 0.474634 0.809819 0.344842
vn 0.557962 0.809822 0.181293
vn 0.586677 0.809821 0.000000
vn 0.557965 -0.809819 -0.181294
vn 0.474634 -0.809818 -0.344843
vn 0.344841 -0.809819 -0.474634
vn 0.181293 -0.809822 -0.557962
vn -0.000000 -0.809820 -0.586679
vn -0.181294 -0.809819 -0.557965
vn -0.344843 -0.809817 -0.474635
vn -0.474634 -0.809819 -0.344842
vn -0.557961 -0.809823 -0.181292
vn -0.586676 -0.809822 0.000000
vn -0.557960 -0.809824 0.181292
vn -0.474628 -0.809824 0.344837
vn -0.344840 -0.809822 0.474631
vn -0.181293 -0.809821 0.557963
vn 0.000000 -0.809822 0.586676
vn 0.181294 -0.809819 0.557966
vn 0.344844 -0.809816 0.474637
vn 0.474634 -0.809819 0.344842
vn 0.557962 -0.809822 0.181293
vn 0.586677 -0.809821 0.000001
vn 0.207762 -0.975847 -0.067506
vn 0.176732 -0.975847 -0.128404
vn 0.128404 -0.975847 -0.176733
vn 0.067506 -0.975847 -0.207762
vn 0.000000 -0.975847 -0.218454
vn -0.067506 -0.975848 -0.207761
vn -0.128404 -0.975847 -0.176733
vn -0.176733 -0.975847 -0.128404
vn -0.207761 -0.975848 -0.067505
vn -0.218453 -0.975848 0.000000
vn -0.207761 -0.975848 0.067505
vn -0.176731 -0.975848 0.128403
vn -0.128403 -0.975848 0.176732
vn -0.067506 -0.975847 0.207762
vn 0.000000 -0.975847 0.218453
vn 0.067506 -0.975847 0.207761
vn 0.128404 -0.975847 0.176733
vn 0.176732 -0.975847 0.128404
vn 0.207761 -0.975847 0.067506
vn 0.218453 -0.975847 0.000000
vn 0.106021 -0.993767 -0.034448
vn 0.090187 -0.993767 -0.065524
vn 0.065524 -0.993767 -0.090187
vn 0.034448 -0.993767 -0.106021
vn -0.000000 -0.993767 -0.111477
vn -0.034448 -0.993767 -0.106021
vn -0.065524 -0.993767 -0.090187
vn -0.090187 -0.993767 -0.065525
vn -0.106021 -0.993767 -0.034448
vn -0.111476 -0.993767 0.000000
vn -0.106021 -0.993767 0.034448
vn -0.090187 -0.993767 0.065525
vn -0.065524 -0.993767 0.090186
vn -0.034448 -0.993767 0.106021
vn 0.000000 -0.993767 0.111477
vn 0.034448 -0.993767 0.106021
vn 0.065525 -0.993767 0.090187
vn 0.090187 -0.993767 0.065524
vn 0.106021 -0.993767 0.034448
vn 0.111477 -0.993767 0.000000
vn 0.051641 -0.998525 -0.016779
vn 0.043928 -0.998525 -0.031916
vn 0.031916 -0.998525 -0.043928
vn 0.016779 -0.998525 -0.051640
vn -0.000000 -0.998525 -0.054298
vn -0.016779 -0.998525 -0.051641
vn -0.031916 -0.998525 -0.043928
vn -0.043928 -0.998525 -0.031915
vn -0.051640 -0.998525 -0.016779
vn -0.054298 -0.998525 0.000000
vn -0.051641 -0.998525 0.016779
vn -0.043928 -0.998525 0.031916
vn -0.031916 -0.998525 0.043928
vn -0.016779 -0.998525 0.051641
vn 0.000000 -0.998525 0.054299
vn 0.016779 -0.998525 0.051641
vn 0.031916 -0.998525 0.043928
vn 0.043928 -0.998525 0.031916
vn 0.051640 -0.998525 0.016779
vn 0.054298 -0.998525 0.000000
vn 0.011350 -0.999929 -0.003688
vn 0.009655 -0.999929 -0.007015
vn 0.007015 -0.999929 -0.009655
vn 0.003688 -0.999929 -0.011350
vn -0.000000 -0.999929 -0.011934
vn -0.003688 -0.999929 -0.011350
vn -0.007015 -0.999929 -0.009655
vn -0.009655 -0.999929 -0.007015
vn -0.011350 -0.999929 -0.003688
vn -0.011934 -0.999929 -0.000000
vn -0.011350 -0.999929 0.003688
vn -0.009655 -0.999929 0.007015
vn -0.007015 -0.999929 0.009655
vn -0.003688 -0.999929 0.011350
vn 0.000000 -0.999929 0.011934
vn 0.003688 -0.999929 0.011350
vn 0.007015 -0.999929 0.009655
vn 0.009655 -0.999929 0.007015
vn 0.011350 -0.999929 0.003688
vn 0.011934 -0.999929 0.000000
vn -0.026551 -0.999610 0.008627
vn -0.022586 -0.999610 0.016409
vn -0.016409 -0.999610 0.022586
vn -0.008627 -0.999610 0.026551
vn 0.000000 -0.999610 0.027918
vn 0.008627 -0.999610 0.026551
vn 0.016410 -0.999610 0.022586
vn 0.022586 -0.999610 0.016410
vn 0.026551 -0.999610 0.008627
vn 0.027918 -0.999610 -0.000000
vn 0.026551 -0.999610 -0.008627
vn 0.022586 -0.999610 -0.016410
vn 0.016409 -0.999610 -0.022586
vn 0.008627 -0.999610 -0.026551
vn -0.000000 -0.999610 -0.027918
vn -0.008627 -0.999610 -0.026551
vn -0.016409 -0.999610 -0.022586
vn -0.022586 -0.999610 -0.016410
vn -0.026551 -0.999610 -0.008627
vn -0.027918 -0.999610 -0.000000
vn -0.071236 -0.997191 0.023146
vn -0.060597 -0.997191 0.044027
vn -0.044027 -0.997191 0.060597
vn -0.023146 -0.997191 0.071237
vn 0.000000 -0.997191 0.074902
vn 0.023146 -0.997191 0.071236
vn 0.044027 -0.997191 0.060597
vn 0.060597 -0.997191 0.044027
vn 0.071237 -0.997191 0.023146
vn 0.074903 -0.997191 -0.000000
vn 0.071236 -0.997191 -0.023146
vn 0.060597 -0.997191 -0.044027
vn 0.044027 -0.997191 -0.060598
vn 0.023146 -0.997191 -0.071237
vn 0.000000 -0.997191 -0.074903
vn -0.023146 -0.997191 -0.071237
vn -0.044027 -0.997191 -0.060598
vn -0.060597 -0.997191 -0.044027
vn -0.071236 -0.997191 -0.023146
vn -0.074902 -0.997191 -0.000000
vn -0.140360 -0.989050 0.045605
vn -0.119397 -0.989050 0.086747
vn -0.086747 -0.989050 0.119397
vn -0.045606 -0.989050 0.140360
vn 0.000000 -0.989050 0.147583
vn 0.045606 -0.989050 0.140360
vn 0.086747 -0.989050 0.119397
vn 0.119397 -0.989050 0.086747
vn 0.140359 -0.989050 0.045605
vn 0.147581 -0.989050 -0.000000
vn 0.140359 -0.989050 -0.045605
vn 0.119397 -0.989050 -0.086747
vn 0.086747 -0.989050 -0.119397
vn 0.045606 -0.989050 -0.140361
vn 0.000000 -0.989050 -0.147584
vn -0.045606 -0.989050 -0.140360
vn -0.086747 -0.989050 -0.119398
vn -0.119397 -0.989050 -0.086747
vn -0.140359 -0.989050 -0.045606
vn -0.147583 -0.989050 -0.000000
vn -0.305807 -0.946894 0.099362
vn -0.260135 -0.946894 0.188999
vn -0.188999 -0.946894 0.260135
vn -0.099363 -0.946894 0.305807
vn 0.000000 -0.946894 0.321545
vn 0.099363 -0.946894 0.305809
vn 0.188999 -0.946895 0.260135
vn 0.260135 -0.946894 0.188999
vn 0.305809 -0.946894 0.099363
vn 0.321546 -0.946894 0.000000
vn 0.305809 -0.946894 -0.099363
vn 0.260136 -0.946894 -0.189000
vn 0.188999 -0.946895 -0.260134
vn 0.099363 -0.946894 -0.305808
vn -0.000000 -0.946894 -0.321546
vn -0.099363 -0.946895 -0.305807
vn -0.188999 -0.946894 -0.260135
vn -0.260137 -0.946894 -0.189001
vn -0.305811 -0.946893 -0.099364
vn -0.321547 -0.946894 -0.000000
s 1
g lighthouse1 pTorus1
usemtl initialShadingGroup
f 685/1360/1368 684/1359/1369 704/1380/1370 705/1381/1371
f 686/1361/1372 685/1360/1368 705/1381/1371 706/1382/1373
f 687/1362/1374 686/1361/1372 706/1382/1373 707/1383/1375
f 688/1363/1376 687/1362/1374 707/1383/1375 708/1384/1377
f 689/1364/1378 688/1363/1376 708/1384/1377 709/1385/1379
f 690/1365/1380 689/1364/1378 709/1385/1379 710/1386/1381
f 691/1366/1382 690/1365/1380 710/1386/1381 711/1387/1383
f 692/1367/1384 691/1366/1382 711/1387/1383 712/1388/1385
f 693/1368/1386 692/1367/1384 712/1388/1385 713/1389/1387
f 694/1369/1388 693/1368/1386 713/1389/1387 714/1390/1389
f 695/1370/1390 694/1369/1388 714/1390/1389 715/1391/1391
f 696/1371/1392 695/1370/1390 715/1391/1391 716/1392/1393
f 697/1372/1394 696/1371/1392 716/1392/1393 717/1393/1395
f 698/1373/1396 697/1372/1394 717/1393/1395 718/1394/1397
f 699/1374/1398 698/1373/1396 718/1394/1397 719/1395/1399
f 700/1375/1400 699/1374/1398 719/1395/1399 720/1396/1401
f 701/1376/1402 700/1375/1400 720/1396/1401 721/1397/1403
f 702/1377/1404 701/1376/1402 721/1397/1403 722/1398/1405
f 703/1378/1406 702/1377/1404 722/1398/1405 723/1399/1407
f 684/1379/1369 703/1378/1406 723/1399/1407 704/1400/1370
f 705/1381/1371 704/1380/1370 724/1401/1408 725/1402/1409
f 706/1382/1373 705/1381/1371 725/1402/1409 726/1403/1410
f 707/1383/1375 706/1382/1373 726/1403/1410 727/1404/1411
f 708/1384/1377 707/1383/1375 727/1404/1411 728/1405/1412
f 709/1385/1379 708/1384/1377 728/1405/1412 729/1406/1413
f 710/1386/1381 709/1385/1379 729/1406/1413 730/1407/1414
f 711/1387/1383 710/1386/1381 730/1407/1414 731/1408/1415
f 712/1388/1385 711/1387/1383 731/1408/1415 732/1409/1416
f 713/1389/1387 712/1388/1385 732/1409/1416 733/1410/1417
f 714/1390/1389 713/1389/1387 733/1410/1417 734/1411/1418
f 715/1391/1391 714/1390/1389 734/1411/1418 735/1412/1419
f 716/1392/1393 715/1391/1391 735/1412/1419 736/1413/1420
f 717/1393/1395 716/1392/1393 736/1413/1420 737/1414/1421
f 718/1394/1397 717/1393/1395 737/1414/1421 738/1415/1422
f 719/1395/1399 718/1394/1397 738/1415/1422 739/1416/1423
f 720/1396/1401 719/1395/1399 739/1416/1423 740/1417/1424
f 721/1397/1403 720/1396/1401 740/1417/1424 741/1418/1425
f 722/1398/1405 721/1397/1403 741/1418/1425 742/1419/1426
f 723/1399/1407 722/1398/1405 742/1419/1426 743/1420/1427
f 704/1400/1370 723/1399/1407 743/1420/1427 724/1421/1408
f 725/1402/1409 724/1401/1408 744/1422/1428 745/1423/1429
f 726/1403/1410 725/1402/1409 745/1423/1429 746/1424/1430
f 727/1404/1411 726/1403/1410 746/1424/1430 747/1425/1431
f 728/1405/1412 727/1404/1411 747/1425/1431 748/1426/1432
f 729/1406/1413 728/1405/1412 748/1426/1432 749/1427/1433
f 730/1407/1414 729/1406/1413 749/1427/1433 750/1428/1434
f 731/1408/1415 730/1407/1414 750/1428/1434 751/1429/1435
f 732/1409/1416 731/1408/1415 751/1429/1435 752/1430/1436
f 733/1410/1417 732/1409/1416 752/1430/1436 753/1431/1437
f 734/1411/1418 733/1410/1417 753/1431/1437 754/1432/1438
f 735/1412/1419 734/1411/1418 754/1432/1438 755/1433/1439
f 736/1413/1420 735/1412/1419 755/1433/1439 756/1434/1440
f 737/1414/1421 736/1413/1420 756/1434/1440 757/1435/1441
f 738/1415/1422 737/1414/1421 757/1435/1441 758/1436/1442
f 739/1416/1423 738/1415/1422 758/1436/1442 759/1437/1443
f 740/1417/1424 739/1416/1423 759/1437/1443 760/1438/1444
f 741/1418/1425 740/1417/1424 760/1438/1444 761/1439/1445
f 742/1419/1426 741/1418/1425 761/1439/1445 762/1440/1446
f 743/1420/1427 742/1419/1426 762/1440/1446 763/1441/1447
f 724/1421/1408 743/1420/1427 763/1441/1447 744/1442/1428
f 745/1423/1429 744/1422/1428 764/1443/1448 765/1444/1449
f 746/1424/1430 745/1423/1429 765/1444/1449 766/1445/1450
f 747/1425/1431 746/1424/1430 766/1445/1450 767/1446/1451
f 748/1426/1432 747/1425/1431 767/1446/1451 768/1447/1452
f 749/1427/1433 748/1426/1432 768/1447/1452 769/1448/1453
f 750/1428/1434 749/1427/1433 769/1448/1453 770/1449/1454
f 751/1429/1435 750/1428/1434 770/1449/1454 771/1450/1455
f 752/1430/1436 751/1429/1435 771/1450/1455 772/1451/1456
f 753/1431/1437 752/1430/1436 772/1451/1456 773/1452/1457
f 754/1432/1438 753/1431/1437 773/1452/1457 774/1453/1458
f 755/1433/1439 754/1432/1438 774/1453/1458 775/1454/1459
f 756/1434/1440 755/1433/1439 775/1454/1459 776/1455/1460
f 757/1435/1441 756/1434/1440 776/1455/1460 777/1456/1461
f 758/1436/1442 757/1435/1441 777/1456/1461 778/1457/1462
f 759/1437/1443 758/1436/1442 778/1457/1462 779/1458/1463
f 760/1438/1444 759/1437/1443 779/1458/1463 780/1459/1464
f 761/1439/1445 760/1438/1444 780/1459/1464 781/1460/1465
f 762/1440/1446 761/1439/1445 781/1460/1465 782/1461/1466
f 763/1441/1447 762/1440/1446 782/1461/1466 783/1462/1467
f 744/1442/1428 763/1441/1447 783/1462/1467 764/1463/1448
f 765/1444/1449 764/1443/1448 784/1464/1468 785/1465/1469
f 766/1445/1450 765/1444/1449 785/1465/1469 786/1466/1470
f 767/1446/1451 766/1445/1450 786/1466/1470 787/1467/1471
f 768/1447/1452 767/1446/1451 787/1467/1471 788/1468/1472
f 769/1448/1453 768/1447/1452 788/1468/1472 789/1469/1473
f 770/1449/1454 769/1448/1453 789/1469/1473 790/1470/1474
f 771/1450/1455 770/1449/1454 790/1470/1474 791/1471/1475
f 772/1451/1456 771/1450/1455 791/1471/1475 792/1472/1476
f 773/1452/1457 772/1451/1456 792/1472/1476 793/1473/1477
f 774/1453/1458 773/1452/1457 793/1473/1477 794/1474/1478
f 775/1454/1459 774/1453/1458 794/1474/1478 795/1475/1479
f 776/1455/1460 775/1454/1459 795/1475/1479 796/1476/1480
f 777/1456/1461 776/1455/1460 796/1476/1480 797/1477/1481
f 778/1457/1462 777/1456/1461 797/1477/1481 798/1478/1482
f 779/1458/1463 778/1457/1462 798/1478/1482 799/1479/1483
f 780/1459/1464 779/1458/1463 799/1479/1483 800/1480/1484
f 781/1460/1465 780/1459/1464 800/1480/1484 801/1481/1485
f 782/1461/1466 781/1460/1465 801/1481/1485 802/1482/1486
f 783/1462/1467 782/1461/1466 802/1482/1486 803/1483/1487
f 764/1463/1448 783/1462/1467 803/1483/1487 784/1484/1468
f 785/1465/1469 784/1464/1468 804/1485/1488 805/1486/1489
f 786/1466/1470 785/1465/1469 805/1486/1489 806/1487/1490
f 787/1467/1471 786/1466/1470 806/1487/1490 807/1488/1491
f 788/1468/1472 787/1467/1471 807/1488/1491 808/1489/1492
f 789/1469/1473 788/1468/1472 808/1489/1492 809/1490/1493
f 790/1470/1474 789/1469/1473 809/1490/1493 810/1491/1494
f 791/1471/1475 790/1470/1474 810/1491/1494 811/1492/1495
f 792/1472/1476 791/1471/1475 811/1492/1495 812/1493/1496
f 793/1473/1477 792/1472/1476 812/1493/1496 813/1494/1497
f 794/1474/1478 793/1473/1477 813/1494/1497 814/1495/1498
f 795/1475/1479 794/1474/1478 814/1495/1498 815/1496/1499
f 796/1476/1480 795/1475/1479 815/1496/1499 816/1497/1500
f 797/1477/1481 796/1476/1480 816/1497/1500 817/1498/1501
f 798/1478/1482 797/1477/1481 817/1498/1501 818/1499/1502
f 799/1479/1483 798/1478/1482 818/1499/1502 819/1500/1503
f 800/1480/1484 799/1479/1483 819/1500/1503 820/1501/1504
f 801/1481/1485 800/1480/1484 820/1501/1504 821/1502/1505
f 802/1482/1486 801/1481/1485 821/1502/1505 822/1503/1506
f 803/1483/1487 802/1482/1486 822/1503/1506 823/1504/1507
f 784/1484/1468 803/1483/1487 823/1504/1507 804/1505/1488
f 805/1486/1489 804/1485/1488 824/1506/1508 825/1507/1509
f 806/1487/1490 805/1486/1489 825/1507/1509 826/1508/1510
f 807/1488/1491 806/1487/1490 826/1508/1510 827/1509/1511
f 808/1489/1492 807/1488/1491 827/1509/1511 828/1510/1512
f 809/1490/1493 808/1489/1492 828/1510/1512 829/1511/1513
f 810/1491/1494 809/1490/1493 829/1511/1513 830/1512/1514
f 811/1492/1495 810/1491/1494 830/1512/1514 831/1513/1515
f 812/1493/1496 811/1492/1495 831/1513/1515 832/1514/1516
f 813/1494/1497 812/1493/1496 832/1514/1516 833/1515/1517
f 814/1495/1498 813/1494/1497 833/1515/1517 834/1516/1518
f 815/1496/1499 814/1495/1498 834/1516/1518 835/1517/1519
f 816/1497/1500 815/1496/1499 835/1517/1519 836/1518/1520
f 817/1498/1501 816/1497/1500 836/1518/1520 837/1519/1521
f 818/1499/1502 817/1498/1501 837/1519/1521 838/1520/1522
f 819/1500/1503 818/1499/1502 838/1520/1522 839/1521/1523
f 820/1501/1504 819/1500/1503 839/1521/1523 840/1522/1524
f 821/1502/1505 820/1501/1504 840/1522/1524 841/1523/1525
f 822/1503/1506 821/1502/1505 841/1523/1525 842/1524/1526
f 823/1504/1507 822/1503/1506 842/1524/1526 843/1525/1527
f 804/1505/1488 823/1504/1507 843/1525/1527 824/1526/1508
f 825/1507/1509 824/1506/1508 844/1527/1528 845/1528/1529
f 826/1508/1510 825/1507/1509 845/1528/1529 846/1529/1530
f 827/1509/1511 826/1508/1510 846/1529/1530 847/1530/1531
f 828/1510/1512 827/1509/1511 847/1530/1531 848/1531/1532
f 829/1511/1513 828/1510/1512 848/1531/1532 849/1532/1533
f 830/1512/1514 829/1511/1513 849/1532/1533 850/1533/1534
f 831/1513/1515 830/1512/1514 850/1533/1534 851/1534/1535
f 832/1514/1516 831/1513/1515 851/1534/1535 852/1535/1536
f 833/1515/1517 832/1514/1516 852/1535/1536 853/1536/1537
f 834/1516/1518 833/1515/1517 853/1536/1537 854/1537/1538
f 835/1517/1519 834/1516/1518 854/1537/1538 855/1538/1539
f 836/1518/1520 835/1517/1519 855/1538/1539 856/1539/1540
f 837/1519/1521 836/1518/1520 856/1539/1540 857/1540/1541
f 838/1520/1522 837/1519/1521 857/1540/1541 858/1541/1542
f 839/1521/1523 838/1520/1522 858/1541/1542 859/1542/1543
f 840/1522/1524 839/1521/1523 859/1542/1543 860/1543/1544
f 841/1523/1525 840/1522/1524 860/1543/1544 861/1544/1545
f 842/1524/1526 841/1523/1525 861/1544/1545 862/1545/1546
f 843/1525/1527 842/1524/1526 862/1545/1546 863/1546/1547
f 824/1526/1508 843/1525/1527 863/1546/1547 844/1547/1528
f 845/1528/1529 844/1527/1528 864/1548/1548 865/1549/1549
f 846/1529/1530 845/1528/1529 865/1549/1549 866/1550/1550
f 847/1530/1531 846/1529/1530 866/1550/1550 867/1551/1551
f 848/1531/1532 847/1530/1531 867/1551/1551 868/1552/1552
f 849/1532/1533 848/1531/1532 868/1552/1552 869/1553/1553
f 850/1533/1534 849/1532/1533 869/1553/1553 870/1554/1554
f 851/1534/1535 850/1533/1534 870/1554/1554 871/1555/1555
f 852/1535/1536 851/1534/1535 871/1555/1555 872/1556/1556
f 853/1536/1537 852/1535/1536 872/1556/1556 873/1557/1557
f 854/1537/1538 853/1536/1537 873/1557/1557 874/1558/1558
f 855/1538/1539 854/1537/1538 874/1558/1558 875/1559/1559
f 856/1539/1540 855/1538/1539 875/1559/1559 876/1560/1560
f 857/1540/1541 856/1539/1540 876/1560/1560 877/1561/1561
f 858/1541/1542 857/1540/1541 877/1561/1561 878/1562/1562
f 859/1542/1543 858/1541/1542 878/1562/1562 879/1563/1563
f 860/1543/1544 859/1542/1543 879/1563/1563 880/1564/1564
f 861/1544/1545 860/1543/1544 880/1564/1564 881/1565/1565
f 862/1545/1546 861/1544/1545 881/1565/1565 882/1566/1566
f 863/1546/1547 862/1545/1546 882/1566/1566 883/1567/1567
f 844/1547/1528 863/1546/1547 883/1567/1567 864/1568/1548
f 865/1549/1549 864/1548/1548 884/1569/1568 885/1570/1569
f 866/1550/1550 865/1549/1549 885/1570/1569 886/1571/1570
f 867/1551/1551 866/1550/1550 886/1571/1570 887/1572/1571
f 868/1552/1552 867/1551/1551 887/1572/1571 888/1573/1572
f 869/1553/1553 868/1552/1552 888/1573/1572 889/1574/1573
f 870/1554/1554 869/1553/1553 889/1574/1573 890/1575/1574
f 871/1555/1555 870/1554/1554 890/1575/1574 891/1576/1575
f 872/1556/1556 871/1555/1555 891/1576/1575 892/1577/1576
f 873/1557/1557 872/1556/1556 892/1577/1576 893/1578/1577
f 874/1558/1558 873/1557/1557 893/1578/1577 894/1579/1578
f 875/1559/1559 874/1558/1558 894/1579/1578 895/1580/1579
f 876/1560/1560 875/1559/1559 895/1580/1579 896/1581/1580
f 877/1561/1561 876/1560/1560 896/1581/1580 897/1582/1581
f 878/1562/1562 877/1561/1561 897/1582/1581 898/1583/1582
f 879/1563/1563 878/1562/1562 898/1583/1582 899/1584/1583
f 880/1564/1564 879/1563/1563 899/1584/1583 900/1585/1584
f 881/1565/1565 880/1564/1564 900/1585/1584 901/1586/1585
f 882/1566/1566 881/1565/1565 901/1586/1585 902/1587/1586
f 883/1567/1567 882/1566/1566 902/1587/1586 903/1588/1587
f 864/1568/1548 883/1567/1567 903/1588/1587 884/1589/1568
f 885/1570/1569 884/1569/1568 904/1590/1588 905/1591/1589
f 886/1571/1570 885/1570/1569 905/1591/1589 906/1592/1590
f 887/1572/1571 886/1571/1570 906/1592/1590 907/1593/1591
f 888/1573/1572 887/1572/1571 907/1593/1591 908/1594/1592
f 889/1574/1573 888/1573/1572 908/1594/1592 909/1595/1593
f 890/1575/1574 889/1574/1573 909/1595/1593 910/1596/1594
f 891/1576/1575 890/1575/1574 910/1596/1594 911/1597/1595
f 892/1577/1576 891/1576/1575 911/1597/1595 912/1598/1596
f 893/1578/1577 892/1577/1576 912/1598/1596 913/1599/1597
f 894/1579/1578 893/1578/1577 913/1599/1597 914/1600/1598
f 895/1580/1579 894/1579/1578 914/1600/1598 915/1601/1599
f 896/1581/1580 895/1580/1579 915/1601/1599 916/1602/1600
f 897/1582/1581 896/1581/1580 916/1602/1600 917/1603/1601
f 898/1583/1582 897/1582/1581 917/1603/1601 918/1604/1602
f 899/1584/1583 898/1583/1582 918/1604/1602 919/1605/1603
f 900/1585/1584 899/1584/1583 919/1605/1603 920/1606/1604
f 901/1586/1585 900/1585/1584 920/1606/1604 921/1607/1605
f 902/1587/1586 901/1586/1585 921/1607/1605 922/1608/1606
f 903/1588/1587 902/1587/1586 922/1608/1606 923/1609/1607
f 884/1589/1568 903/1588/1587 923/1609/1607 904/1610/1588
f 905/1591/1589 904/1590/1588 924/1611/1608 925/1612/1609
f 906/1592/1590 905/1591/1589 925/1612/1609 926/1613/1610
f 907/1593/1591 906/1592/1590 926/1613/1610 927/1614/1611
f 908/1594/1592 907/1593/1591 927/1614/1611 928/1615/1612
f 909/1595/1593 908/1594/1592 928/1615/1612 929/1616/1613
f 910/1596/1594 909/1595/1593 929/1616/1613 930/1617/1614
f 911/1597/1595 910/1596/1594 930/1617/1614 931/1618/1615
f 912/1598/1596 911/1597/1595 931/1618/1615 932/1619/1616
f 913/1599/1597 912/1598/1596 932/1619/1616 933/1620/1617
f 914/1600/1598 913/1599/1597 933/1620/1617 934/1621/1618
f 915/1601/1599 914/1600/1598 934/1621/1618 935/1622/1619
f 916/1602/1600 915/1601/1599 935/1622/1619 936/1623/1620
f 917/1603/1601 916/1602/1600 936/1623/1620 937/1624/1621
f 918/1604/1602 917/1603/1601 937/1624/1621 938/1625/1622
f 919/1605/1603 918/1604/1602 938/1625/1622 939/1626/1623
f 920/1606/1604 919/1605/1603 939/1626/1623 940/1627/1624
f 921/1607/1605 920/1606/1604 940/1627/1624 941/1628/1625
f 922/1608/1606 921/1607/1605 941/1628/1625 942/1629/1626
f 923/1609/1607 922/1608/1606 942/1629/1626 943/1630/1627
f 904/1610/1588 923/1609/1607 943/1630/1627 924/1631/1608
f 925/1612/1609 924/1611/1608 944/1632/1628 945/1633/1629
f 926/1613/1610 925/1612/1609 945/1633/1629 946/1634/1630
f 927/1614/1611 926/1613/1610 946/1634/1630 947/1635/1631
f 928/1615/1612 927/1614/1611 947/1635/1631 948/1636/1632
f 929/1616/1613 928/1615/1612 948/1636/1632 949/1637/1633
f 930/1617/1614 929/1616/1613 949/1637/1633 950/1638/1634
f 931/1618/1615 930/1617/1614 950/1638/1634 951/1639/1635
f 932/1619/1616 931/1618/1615 951/1639/1635 952/1640/1636
f 933/1620/1617 932/1619/1616 952/1640/1636 953/1641/1637
f 934/1621/1618 933/1620/1617 953/1641/1637 954/1642/1638
f 935/1622/1619 934/1621/1618 954/1642/1638 955/1643/1639
f 936/1623/1620 935/1622/1619 955/1643/1639 956/1644/1640
f 937/1624/1621 936/1623/1620 956/1644/1640 957/1645/1641
f 938/1625/1622 937/1624/1621 957/1645/1641 958/1646/1642
f 939/1626/1623 938/1625/1622 958/1646/1642 959/1647/1643
f 940/1627/1624 939/1626/1623 959/1647/1643 960/1648/1644
f 941/1628/1625 940/1627/1624 960/1648/1644 961/1649/1645
f 942/1629/1626 941/1628/1625 961/1649/1645 962/1650/1646
f 943/1630/1627 942/1629/1626 962/1650/1646 963/1651/1647
f 924/1631/1608 943/1630/1627 963/1651/1647 944/1652/1628
f 945/1633/1629 944/1632/1628 964/1653/1648 965/1654/1649
f 946/1634/1630 945/1633/1629 965/1654/1649 966/1655/1650
f 947/1635/1631 946/1634/1630 966/1655/1650 967/1656/1651
f 948/1636/1632 947/1635/1631 967/1656/1651 968/1657/1652
f 949/1637/1633 948/1636/1632 968/1657/1652 969/1658/1653
f 950/1638/1634 949/1637/1633 969/1658/1653 970/1659/1654
f 951/1639/1635 950/1638/1634 970/1659/1654 971/1660/1655
f 952/1640/1636 951/1639/1635 971/1660/1655 972/1661/1656
f 953/1641/1637 952/1640/1636 972/1661/1656 973/1662/1657
f 954/1642/1638 953/1641/1637 973/1662/1657 974/1663/1658
f 955/1643/1639 954/1642/1638 974/1663/1658 975/1664/1659
f 956/1644/1640 955/1643/1639 975/1664/1659 976/1665/1660
f 957/1645/1641 956/1644/1640 976/1665/1660 977/1666/1661
f 958/1646/1642 957/1645/1641 977/1666/1661 978/1667/1662
f 959/1647/1643 958/1646/1642 978/1667/1662 979/1668/1663
f 960/1648/1644 959/1647/1643 979/1668/1663 980/1669/1664
f 961/1649/1645 960/1648/1644 980/1669/1664 981/1670/1665
f 962/1650/1646 961/1649/1645 981/1670/1665 982/1671/1666
f 963/1651/1647 962/1650/1646 982/1671/1666 983/1672/1667
f 944/1652/1628 963/1651/1647 983/1672/1667 964/1673/1648
f 965/1654/1649 964/1653/1648 984/1674/1668 985/1675/1669
f 966/1655/1650 965/1654/1649 985/1675/1669 986/1676/1670
f 967/1656/1651 966/1655/1650 986/1676/1670 987/1677/1671
f 968/1657/1652 967/1656/1651 987/1677/1671 988/1678/1672
f 969/1658/1653 968/1657/1652 988/1678/1672 989/1679/1673
f 970/1659/1654 969/1658/1653 989/1679/1673 990/1680/1674
f 971/1660/1655 970/1659/1654 990/1680/1674 991/1681/1675
f 972/1661/1656 971/1660/1655 991/1681/1675 992/1682/1676
f 973/1662/1657 972/1661/1656 992/1682/1676 993/1683/1677
f 974/1663/1658 973/1662/1657 993/1683/1677 994/1684/1678
f 975/1664/1659 974/1663/1658 994/1684/1678 995/1685/1679
f 976/1665/1660 975/1664/1659 995/1685/1679 996/1686/1680
f 977/1666/1661 976/1665/1660 996/1686/1680 997/1687/1681
f 978/1667/1662 977/1666/1661 997/1687/1681 998/1688/1682
f 979/1668/1663 978/1667/1662 998/1688/1682 999/1689/1683
f 980/1669/1664 979/1668/1663 999/1689/1683 1000/1690/1684
f 981/1670/1665 980/1669/1664 1000/1690/1684 1001/1691/1685
f 982/1671/1666 981/1670/1665 1001/1691/1685 1002/1692/1686
f 983/1672/1667 982/1671/1666 1002/1692/1686 1003/1693/1687
f 964/1673/1648 983/1672/1667 1003/1693/1687 984/1694/1668
f 985/1675/1669 984/1674/1668 1004/1695/1688 1005/1696/1689
f 986/1676/1670 985/1675/1669 1005/1696/1689 1006/1697/1690
f 987/1677/1671 986/1676/1670 1006/1697/1690 1007/1698/1691
f 988/1678/1672 987/1677/1671 1007/1698/1691 1008/1699/1692
f 989/1679/1673 988/1678/1672 1008/1699/1692 1009/1700/1693
f 990/1680/1674 989/1679/1673 1009/1700/1693 1010/1701/1694
f 991/1681/1675 990/1680/1674 1010/1701/1694 1011/1702/1695
f 992/1682/1676 991/1681/1675 1011/1702/1695 1012/1703/1696
f 993/1683/1677 992/1682/1676 1012/1703/1696 1013/1704/1697
f 994/1684/1678 993/1683/1677 1013/1704/1697 1014/1705/1698
f 995/1685/1679 994/1684/1678 1014/1705/1698 1015/1706/1699
f 996/1686/1680 995/1685/1679 1015/1706/1699 1016/1707/1700
f 997/1687/1681 996/1686/1680 1016/1707/1700 1017/1708/1701
f 998/1688/1682 997/1687/1681 1017/1708/1701 1018/1709/1702
f 999/1689/1683 998/1688/1682 1018/1709/1702 1019/1710/1703
f 1000/1690/1684 999/1689/1683 1019/1710/1703 1020/1711/1704
f 1001/1691/1685 1000/1690/1684 1020/1711/1704 1021/1712/1705
f 1002/1692/1686 1001/1691/1685 1021/1712/1705 1022/1713/1706
f 1003/1693/1687 1002/1692/1686 1022/1713/1706 1023/1714/1707
f 984/1694/1668 1003/1693/1687 1023/1714/1707 1004/1715/1688
f 1005/1696/1689 1004/1695/1688 1024/1716/1708 1025/1717/1709
f 1006/1697/1690 1005/1696/1689 1025/1717/1709 1026/1718/1710
f 1007/1698/1691 1006/1697/1690 1026/1718/1710 1027/1719/1711
f 1008/1699/1692 1007/1698/1691 1027/1719/1711 1028/1720/1712
f 1009/1700/1693 1008/1699/1692 1028/1720/1712 1029/1721/1713
f 1010/1701/1694 1009/1700/1693 1029/1721/1713 1030/1722/1714
f 1011/1702/1695 1010/1701/1694 1030/1722/1714 1031/1723/1715
f 1012/1703/1696 1011/1702/1695 1031/1723/1715 1032/1724/1716
f 1013/1704/1697 1012/1703/1696 1032/1724/1716 1033/1725/1717
f 1014/1705/1698 1013/1704/1697 1033/1725/1717 1034/1726/1718
f 1015/1706/1699 1014/1705/1698 1034/1726/1718 1035/1727/1719
f 1016/1707/1700 1015/1706/1699 1035/1727/1719 1036/1728/1720
f 1017/1708/1701 1016/1707/1700 1036/1728/1720 1037/1729/1721
f 1018/1709/1702 1017/1708/1701 1037/1729/1721 1038/1730/1722
f 1019/1710/1703 1018/1709/1702 1038/1730/1722 1039/1731/1723
f 1020/1711/1704 1019/1710/1703 1039/1731/1723 1040/1732/1724
f 1021/1712/1705 1020/1711/1704 1040/1732/1724 1041/1733/1725
f 1022/1713/1706 1021/1712/1705 1041/1733/1725 1042/1734/1726
f 1023/1714/1707 1022/1713/1706 1042/1734/1726 1043/1735/1727
f 1004/1715/1688 1023/1714/1707 1043/1735/1727 1024/1736/1708
f 1025/1717/1709 1024/1716/1708 1044/1737/1728 1045/1738/1729
f 1026/1718/1710 1025/1717/1709 1045/1738/1729 1046/1739/1730
f 1027/1719/1711 1026/1718/1710 1046/1739/1730 1047/1740/1731
f 1028/1720/1712 1027/1719/1711 1047/1740/1731 1048/1741/1732
f 1029/1721/1713 1028/1720/1712 1048/1741/1732 1049/1742/1733
f 1030/1722/1714 1029/1721/1713 1049/1742/1733 1050/1743/1734
f 1031/1723/1715 1030/1722/1714 1050/1743/1734 1051/1744/1735
f 1032/1724/1716 1031/1723/1715 1051/1744/1735 1052/1745/1736
f 1033/1725/1717 1032/1724/1716 1052/1745/1736 1053/1746/1737
f 1034/1726/1718 1033/1725/1717 1053/1746/1737 1054/1747/1738
f 1035/1727/1719 1034/1726/1718 1054/1747/1738 1055/1748/1739
f 1036/1728/1720 1035/1727/1719 1055/1748/1739 1056/1749/1740
f 1037/1729/1721 1036/1728/1720 1056/1749/1740 1057/1750/1741
f 1038/1730/1722 1037/1729/1721 1057/1750/1741 1058/1751/1742
f 1039/1731/1723 1038/1730/1722 1058/1751/1742 1059/1752/1743
f 1040/1732/1724 1039/1731/1723 1059/1752/1743 1060/1753/1744
f 1041/1733/1725 1040/1732/1724 1060/1753/1744 1061/1754/1745
f 1042/1734/1726 1041/1733/1725 1061/1754/1745 1062/1755/1746
f 1043/1735/1727 1042/1734/1726 1062/1755/1746 1063/1756/1747
f 1024/1736/1708 1043/1735/1727 1063/1756/1747 1044/1757/1728
f 1045/1738/1729 1044/1737/1728 684/1758/1369 685/1759/1368
f 1046/1739/1730 1045/1738/1729 685/1759/1368 686/1760/1372
f 1047/1740/1731 1046/1739/1730 686/1760/1372 687/1761/1374
f 1048/1741/1732 1047/1740/1731 687/1761/1374 688/1762/1376
f 1049/1742/1733 1048/1741/1732 688/1762/1376 689/1763/1378
f 1050/1743/1734 1049/1742/1733 689/1763/1378 690/1764/1380
f 1051/1744/1735 1050/1743/1734 690/1764/1380 691/1765/1382
f 1052/1745/1736 1051/1744/1735 691/1765/1382 692/1766/1384
f 1053/1746/1737 1052/1745/1736 692/1766/1384 693/1767/1386
f 1054/1747/1738 1053/1746/1737 693/1767/1386 694/1768/1388
f 1055/1748/1739 1054/1747/1738 694/1768/1388 695/1769/1390
f 1056/1749/1740 1055/1748/1739 695/1769/1390 696/1770/1392
f 1057/1750/1741 1056/1749/1740 696/1770/1392 697/1771/1394
f 1058/1751/1742 1057/1750/1741 697/1771/1394 698/1772/1396
f 1059/1752/1743 1058/1751/1742 698/1772/1396 699/1773/1398
f 1060/1753/1744 1059/1752/1743 699/1773/1398 700/1774/1400
f 1061/1754/1745 1060/1753/1744 700/1774/1400 701/1775/1402
f 1062/1755/1746 1061/1754/1745 701/1775/1402 702/1776/1404
f 1063/1756/1747 1062/1755/1746 702/1776/1404 703/1777/1406
f 1044/1757/1728 1063/1756/1747 703/1777/1406 684/1778/1369
