# This file uses centimeters as units for non-parametric coordinates.

mtllib lighthouseLow.mtl
g default
v 1.579568 1.203765 -0.322032
v 1.581429 1.203765 -0.381976
v 1.579568 1.905947 -0.322032
v 1.581429 1.905947 -0.381976
v 1.098936 1.905947 -0.336954
v 1.100797 1.905947 -0.396897
v 1.098936 1.203765 -0.336954
v 1.100797 1.203765 -0.396897
vt 0.375000 0.000000
vt 0.625000 0.000000
vt 0.375000 0.250000
vt 0.625000 0.250000
vt 0.375000 0.500000
vt 0.625000 0.500000
vt 0.375000 0.750000
vt 0.625000 0.750000
vt 0.375000 1.000000
vt 0.625000 1.000000
vt 0.875000 0.000000
vt 0.875000 0.250000
vt 0.125000 0.000000
vt 0.125000 0.250000
vn 0.999518 0.000000 0.031031
vn 0.999518 0.000000 0.031031
vn 0.999518 0.000000 0.031031
vn 0.999518 0.000000 0.031031
vn 0.000000 1.000000 0.000000
vn 0.000000 1.000000 0.000000
vn 0.000000 1.000000 0.000000
vn 0.000000 1.000000 0.000000
vn -0.999518 0.000000 -0.031031
vn -0.999518 0.000000 -0.031031
vn -0.999518 0.000000 -0.031031
vn -0.999518 0.000000 -0.031031
vn 0.000000 -1.000000 0.000000
vn 0.000000 -1.000000 0.000000
vn 0.000000 -1.000000 0.000000
vn 0.000000 -1.000000 0.000000
vn 0.031031 0.000000 -0.999518
vn 0.031031 0.000000 -0.999518
vn 0.031031 0.000000 -0.999518
vn 0.031031 0.000000 -0.999518
vn -0.031031 0.000000 0.999518
vn -0.031031 0.000000 0.999518
vn -0.031031 0.000000 0.999518
vn -0.031031 0.000000 0.999518
s off
g pCube4 lighthouse1
usemtl initialShadingGroup
f 1/1/1 2/2/2 4/4/3 3/3/4
f 3/3/5 4/4/6 6/6/7 5/5/8
f 5/5/9 6/6/10 8/8/11 7/7/12
f 7/7/13 8/8/14 2/10/15 1/9/16
f 2/2/17 8/11/18 6/12/19 4/4/20
f 7/13/21 1/1/22 3/3/23 5/14/24
g default
v 1.254183 6.371106 -0.403100
v 1.068898 6.371106 -0.766743
v 0.780310 6.371106 -1.055331
v 0.416668 6.371106 -1.240616
v 0.013567 6.371106 -1.304460
v -0.389533 6.371106 -1.240616
v -0.753175 6.371106 -1.055331
v -1.041763 6.371106 -0.766742
v -1.227048 6.371106 -0.403100
v -1.290893 6.371106 0.000000
v -1.227048 6.371106 0.403100
v -1.041763 6.371106 0.766742
v -0.753175 6.371106 1.055330
v -0.389533 6.371106 1.240615
v 0.013567 6.371106 1.304460
v 0.416668 6.371106 1.240615
v 0.780310 6.371106 1.055330
v 1.068897 6.371106 0.766742
v 1.254182 6.371106 0.403100
v 1.318027 6.371106 0.000000
v 1.254183 6.435419 -0.403100
v 1.068898 6.435419 -0.766743
v 0.780310 6.435419 -1.055331
v 0.416668 6.435419 -1.240616
v 0.013567 6.435419 -1.304460
v -0.389533 6.435419 -1.240616
v -0.753175 6.435419 -1.055331
v -1.041763 6.435419 -0.766742
v -1.227048 6.435419 -0.403100
v -1.290893 6.435419 0.000000
v -1.227048 6.435419 0.403100
v -1.041763 6.435419 0.766742
v -0.753175 6.435419 1.055330
v -0.389533 6.435419 1.240615
v 0.013567 6.435419 1.304460
v 0.416668 6.435419 1.240615
v 0.780310 6.435419 1.055330
v 1.068897 6.435419 0.766742
v 1.254182 6.435419 0.403100
v 1.318027 6.435419 0.000000
v 0.013567 6.371106 0.000000
v 0.013567 6.435419 0.000000
vt 0.648603 0.107966
vt 0.626409 0.064408
vt 0.591842 0.029841
vt 0.548284 0.007647
vt 0.500000 -0.000000
vt 0.451716 0.007647
vt 0.408159 0.029841
vt 0.373591 0.064409
vt 0.351397 0.107966
vt 0.343750 0.156250
vt 0.351397 0.204534
vt 0.373591 0.248091
vt 0.408159 0.282659
vt 0.451716 0.304853
vt 0.500000 0.312500
vt 0.548284 0.304853
vt 0.591841 0.282659
vt 0.626409 0.248091
vt 0.648603 0.204534
vt 0.656250 0.156250
vt 0.375000 0.312500
vt 0.387500 0.312500
vt 0.400000 0.312500
vt 0.412500 0.312500
vt 0.425000 0.312500
vt 0.437500 0.312500
vt 0.450000 0.312500
vt 0.462500 0.312500
vt 0.475000 0.312500
vt 0.487500 0.312500
vt 0.500000 0.312500
vt 0.512500 0.312500
vt 0.525000 0.312500
vt 0.537500 0.312500
vt 0.550000 0.312500
vt 0.562500 0.312500
vt 0.575000 0.312500
vt 0.587500 0.312500
vt 0.600000 0.312500
vt 0.612500 0.312500
vt 0.625000 0.312500
vt 0.375000 0.687500
vt 0.387500 0.687500
vt 0.400000 0.687500
vt 0.412500 0.687500
vt 0.425000 0.687500
vt 0.437500 0.687500
vt 0.450000 0.687500
vt 0.462500 0.687500
vt 0.475000 0.687500
vt 0.487500 0.687500
vt 0.500000 0.687500
vt 0.512500 0.687500
vt 0.525000 0.687500
vt 0.537500 0.687500
vt 0.550000 0.687500
vt 0.562500 0.687500
vt 0.575000 0.687500
vt 0.587500 0.687500
vt 0.600000 0.687500
vt 0.612500 0.687500
vt 0.625000 0.687500
vt 0.648603 0.795466
vt 0.626409 0.751908
vt 0.591842 0.717341
vt 0.548284 0.695147
vt 0.500000 0.687500
vt 0.451716 0.695147
vt 0.408159 0.717341
vt 0.373591 0.751909
vt 0.351397 0.795466
vt 0.343750 0.843750
vt 0.351397 0.892034
vt 0.373591 0.935591
vt 0.408159 0.970159
vt 0.451716 0.992353
vt 0.500000 1.000000
vt 0.548284 0.992353
vt 0.591841 0.970159
vt 0.626409 0.935591
vt 0.648603 0.892034
vt 0.656250 0.843750
vt 0.500000 0.156250
vt 0.500000 0.843750
vn 0.951057 0.000000 -0.309016
vn 0.809017 0.000000 -0.587785
vn 0.809017 0.000000 -0.587785
vn 0.951057 0.000000 -0.309016
vn 0.587785 0.000000 -0.809017
vn 0.587785 0.000000 -0.809017
vn 0.309017 0.000000 -0.951056
vn 0.309017 0.000000 -0.951056
vn -0.000000 0.000000 -1.000000
vn -0.000000 0.000000 -1.000000
vn -0.309017 0.000000 -0.951056
vn -0.309017 0.000000 -0.951056
vn -0.587785 0.000000 -0.809017
vn -0.587785 0.000000 -0.809017
vn -0.809017 0.000000 -0.587785
vn -0.809017 0.000000 -0.587785
vn -0.951057 0.000000 -0.309017
vn -0.951057 0.000000 -0.309017
vn -1.000000 0.000000 0.000000
vn -1.000000 0.000000 0.000000
vn -0.951057 0.000000 0.309017
vn -0.951057 0.000000 0.309017
vn -0.809017 0.000000 0.587785
vn -0.809017 0.000000 0.587785
vn -0.587785 0.000000 0.809017
vn -0.587785 0.000000 0.809017
vn -0.309017 0.000000 0.951057
vn -0.309017 0.000000 0.951057
vn 0.000000 0.000000 1.000000
vn 0.000000 0.000000 1.000000
vn 0.309017 0.000000 0.951057
vn 0.309017 0.000000 0.951057
vn 0.587785 0.000000 0.809017
vn 0.587785 0.000000 0.809017
vn 0.809017 0.000000 0.587785
vn 0.809017 0.000000 0.587785
vn 0.951057 0.000000 0.309017
vn 0.951057 0.000000 0.309017
vn 1.000000 0.000000 0.000001
vn 1.000000 0.000000 0.000001
vn 0.000000 -1.000000 0.000000
vn 0.000000 -1.000000 0.000000
vn 0.000000 -1.000000 0.000000
vn 0.000000 -1.000000 0.000000
vn 0.000000 -1.000000 0.000000
vn 0.000000 -1.000000 0.000000
vn 0.000000 -1.000000 0.000000
vn 0.000000 -1.000000 0.000000
vn 0.000000 -1.000000 0.000000
vn 0.000000 -1.000000 0.000000
vn 0.000000 -1.000000 0.000000
vn 0.000000 -1.000000 0.000000
vn 0.000000 -1.000000 0.000000
vn 0.000000 -1.000000 0.000000
vn 0.000000 -1.000000 0.000000
vn 0.000000 -1.000000 0.000000
vn 0.000000 -1.000000 0.000000
vn 0.000000 -1.000000 0.000000
vn 0.000000 -1.000000 0.000000
vn 0.000000 -1.000000 0.000000
vn 0.000000 -1.000000 0.000000
vn 0.000000 1.000000 0.000000
vn 0.000000 1.000000 0.000000
vn 0.000000 1.000000 0.000000
vn 0.000000 1.000000 0.000000
vn 0.000000 1.000000 0.000000
vn 0.000000 1.000000 0.000000
vn 0.000000 1.000000 0.000000
vn 0.000000 1.000000 0.000000
vn 0.000000 1.000000 0.000000
vn 0.000000 1.000000 0.000000
vn 0.000000 1.000000 0.000000
vn 0.000000 1.000000 0.000000
vn 0.000000 1.000000 0.000000
vn 0.000000 1.000000 0.000000
vn 0.000000 1.000000 0.000000
vn 0.000000 1.000000 0.000000
vn 0.000000 1.000000 0.000000
vn 0.000000 1.000000 0.000000
vn 0.000000 1.000000 0.000000
vn 0.000000 1.000000 0.000000
vn 0.000000 1.000000 0.000000
s 1
g lighthouse1 pCylinder3
usemtl initialShadingGroup
f 9/35/25 10/36/26 30/57/27 29/56/28
f 10/36/26 11/37/29 31/58/30 30/57/27
f 11/37/29 12/38/31 32/59/32 31/58/30
f 12/38/31 13/39/33 33/60/34 32/59/32
f 13/39/33 14/40/35 34/61/36 33/60/34
f 14/40/35 15/41/37 35/62/38 34/61/36
f 15/41/37 16/42/39 36/63/40 35/62/38
f 16/42/39 17/43/41 37/64/42 36/63/40
f 17/43/41 18/44/43 38/65/44 37/64/42
f 18/44/43 19/45/45 39/66/46 38/65/44
f 19/45/45 20/46/47 40/67/48 39/66/46
f 20/46/47 21/47/49 41/68/50 40/67/48
f 21/47/49 22/48/51 42/69/52 41/68/50
f 22/48/51 23/49/53 43/70/54 42/69/52
f 23/49/53 24/50/55 44/71/56 43/70/54
f 24/50/55 25/51/57 45/72/58 44/71/56
f 25/51/57 26/52/59 46/73/60 45/72/58
f 26/52/59 27/53/61 47/74/62 46/73/60
f 27/53/61 28/54/63 48/75/64 47/74/62
f 28/54/63 9/55/25 29/76/28 48/75/64
s 2
f 10/16/65 9/15/66 49/97/67
f 11/17/68 10/16/65 49/97/67
f 12/18/69 11/17/68 49/97/67
f 13/19/70 12/18/69 49/97/67
f 14/20/71 13/19/70 49/97/67
f 15/21/72 14/20/71 49/97/67
f 16/22/73 15/21/72 49/97/67
f 17/23/74 16/22/73 49/97/67
f 18/24/75 17/23/74 49/97/67
f 19/25/76 18/24/75 49/97/67
f 20/26/77 19/25/76 49/97/67
f 21/27/78 20/26/77 49/97/67
f 22/28/79 21/27/78 49/97/67
f 23/29/80 22/28/79 49/97/67
f 24/30/81 23/29/80 49/97/67
f 25/31/82 24/30/81 49/97/67
f 26/32/83 25/31/82 49/97/67
f 27/33/84 26/32/83 49/97/67
f 28/34/85 27/33/84 49/97/67
f 9/15/66 28/34/85 49/97/67
s 3
f 29/95/86 30/94/87 50/98/88
f 30/94/87 31/93/89 50/98/88
f 31/93/89 32/92/90 50/98/88
f 32/92/90 33/91/91 50/98/88
f 33/91/91 34/90/92 50/98/88
f 34/90/92 35/89/93 50/98/88
f 35/89/93 36/88/94 50/98/88
f 36/88/94 37/87/95 50/98/88
f 37/87/95 38/86/96 50/98/88
f 38/86/96 39/85/97 50/98/88
f 39/85/97 40/84/98 50/98/88
f 40/84/98 41/83/99 50/98/88
f 41/83/99 42/82/100 50/98/88
f 42/82/100 43/81/101 50/98/88
f 43/81/101 44/80/102 50/98/88
f 44/80/102 45/79/103 50/98/88
f 45/79/103 46/78/104 50/98/88
f 46/78/104 47/77/105 50/98/88
f 47/77/105 48/96/106 50/98/88
f 48/96/106 29/95/86 50/98/88
g default
v 0.911708 1.833625 0.370791
v 1.585899 1.833625 0.370791
v 0.911708 1.875318 0.404538
v 1.585899 1.875318 0.404538
v 0.911708 2.209929 -0.008854
v 1.585899 2.209929 -0.008854
v 0.911708 2.168236 -0.042602
v 1.585899 2.168236 -0.042602
vt 0.375000 0.000000
vt 0.625000 0.000000
vt 0.375000 0.250000
vt 0.625000 0.250000
vt 0.375000 0.500000
vt 0.625000 0.500000
vt 0.375000 0.750000
vt 0.625000 0.750000
vt 0.375000 1.000000
vt 0.625000 1.000000
vt 0.875000 0.000000
vt 0.875000 0.250000
vt 0.125000 0.000000
vt 0.125000 0.250000
vn 0.000000 -0.629153 0.777281
vn 0.000000 -0.629153 0.777281
vn 0.000000 -0.629153 0.777281
vn 0.000000 -0.629153 0.777281
vn 0.000000 0.777281 0.629153
vn 0.000000 0.777281 0.629153
vn 0.000000 0.777281 0.629153
vn 0.000000 0.777281 0.629153
vn 0.000000 0.629153 -0.777281
vn 0.000000 0.629153 -0.777281
vn 0.000000 0.629153 -0.777281
vn 0.000000 0.629153 -0.777281
vn 0.000000 -0.777281 -0.629153
vn 0.000000 -0.777281 -0.629153
vn 0.000000 -0.777281 -0.629153
vn 0.000000 -0.777281 -0.629153
vn 1.000000 0.000000 0.000000
vn 1.000000 0.000000 0.000000
vn 1.000000 0.000000 0.000000
vn 1.000000 0.000000 0.000000
vn -1.000000 0.000000 0.000000
vn -1.000000 0.000000 0.000000
vn -1.000000 0.000000 0.000000
vn -1.000000 0.000000 0.000000
s off
g lighthouse1 pCube1
usemtl initialShadingGroup
f 51/99/107 52/100/108 54/102/109 53/101/110
f 53/101/111 54/102/112 56/104/113 55/103/114
f 55/103/115 56/104/116 58/106/117 57/105/118
f 57/105/119 58/106/120 52/108/121 51/107/122
f 52/100/123 58/109/124 56/110/125 54/102/126
f 57/111/127 51/99/128 53/101/129 55/112/130
g default
v 0.912324 2.155125 0.013896
v 1.586514 2.155125 0.013896
v 0.912324 2.197536 -0.018946
v 1.586514 2.197536 -0.018946
v 0.912324 1.869040 -0.443162
v 1.586514 1.869040 -0.443162
v 0.912324 1.826629 -0.410320
v 1.586514 1.826629 -0.410320
vt 0.375000 0.000000
vt 0.625000 0.000000
vt 0.375000 0.250000
vt 0.625000 0.250000
vt 0.375000 0.500000
vt 0.625000 0.500000
vt 0.375000 0.750000
vt 0.625000 0.750000
vt 0.375000 1.000000
vt 0.625000 1.000000
vt 0.875000 0.000000
vt 0.875000 0.250000
vt 0.125000 0.000000
vt 0.125000 0.250000
vn 0.000000 0.612256 0.790660
vn 0.000000 0.612256 0.790660
vn 0.000000 0.612256 0.790660
vn 0.000000 0.612256 0.790660
vn 0.000000 0.790660 -0.612256
vn 0.000000 0.790660 -0.612256
vn 0.000000 0.790660 -0.612256
vn 0.000000 0.790660 -0.612256
vn 0.000000 -0.612256 -0.790660
vn 0.000000 -0.612256 -0.790660
vn 0.000000 -0.612256 -0.790660
vn 0.000000 -0.612256 -0.790660
vn 0.000000 -0.790660 0.612256
vn 0.000000 -0.790660 0.612256
vn 0.000000 -0.790660 0.612256
vn 0.000000 -0.790660 0.612256
vn 1.000000 0.000000 0.000000
vn 1.000000 0.000000 0.000000
vn 1.000000 0.000000 0.000000
vn 1.000000 0.000000 0.000000
vn -1.000000 0.000000 0.000000
vn -1.000000 0.000000 0.000000
vn -1.000000 0.000000 0.000000
vn -1.000000 0.000000 0.000000
s off
g lighthouse1 pCube2
usemtl initialShadingGroup
f 59/113/131 60/114/132 62/116/133 61/115/134
f 61/115/135 62/116/136 64/118/137 63/117/138
f 63/117/139 64/118/140 66/120/141 65/119/142
f 65/119/143 66/120/144 60/122/145 59/121/146
f 60/114/147 66/123/148 64/124/149 62/116/150
f 65/125/151 59/113/152 61/115/153 63/126/154
g default
v 1.249082 1.204736 -0.405850
v 1.062533 1.204736 -0.771973
v 0.771976 1.204736 -1.062530
v 0.405853 1.204736 -1.249079
v 0.000003 1.204736 -1.313360
v -0.405848 1.204736 -1.249079
v -0.771971 1.204736 -1.062530
v -1.062527 1.204736 -0.771973
v -1.249076 1.204736 -0.405850
v -1.313357 1.204736 0.000000
v -1.249076 1.204736 0.405850
v -1.062527 1.204736 0.771973
v -0.771970 1.204736 1.062530
v -0.405847 1.204736 1.249079
v 0.000003 1.204736 1.313359
v 0.405853 1.204736 1.249079
v 0.771976 1.204736 1.062530
v 1.062532 1.204736 0.771973
v 1.249081 1.204736 0.405850
v 1.313362 1.204736 0.000000
v 0.839731 6.366331 -0.272844
v 0.714319 6.366331 -0.518981
v 0.518983 6.366331 -0.714316
v 0.272847 6.366331 -0.839729
v 0.000003 6.366331 -0.882943
v -0.272842 6.366331 -0.839729
v -0.518978 6.366331 -0.714316
v -0.714313 6.366331 -0.518981
v -0.839726 6.366331 -0.272844
v -0.882940 6.366331 -0.000000
v -0.839726 6.366331 0.272844
v -0.714313 6.366331 0.518980
v -0.518978 6.366331 0.714315
v -0.272841 6.366331 0.839728
v 0.000003 6.366331 0.882943
v 0.272847 6.366331 0.839728
v 0.518983 6.366331 0.714315
v 0.714318 6.366331 0.518980
v 0.839731 6.366331 0.272844
v 0.882945 6.366331 -0.000000
v 0.000000 1.204736 0.000000
v 0.000003 6.366331 -0.000000
vt 0.648603 0.107966
vt 0.626409 0.064408
vt 0.591842 0.029841
vt 0.548284 0.007647
vt 0.500000 -0.000000
vt 0.451716 0.007647
vt 0.408159 0.029841
vt 0.373591 0.064409
vt 0.351397 0.107966
vt 0.343750 0.156250
vt 0.351397 0.204534
vt 0.373591 0.248091
vt 0.408159 0.282659
vt 0.451716 0.304853
vt 0.500000 0.312500
vt 0.548284 0.304853
vt 0.591841 0.282659
vt 0.626409 0.248091
vt 0.648603 0.204534
vt 0.656250 0.156250
vt 0.375000 0.312500
vt 0.387500 0.312500
vt 0.400000 0.312500
vt 0.412500 0.312500
vt 0.425000 0.312500
vt 0.437500 0.312500
vt 0.450000 0.312500
vt 0.462500 0.312500
vt 0.475000 0.312500
vt 0.487500 0.312500
vt 0.500000 0.312500
vt 0.512500 0.312500
vt 0.525000 0.312500
vt 0.537500 0.312500
vt 0.550000 0.312500
vt 0.562500 0.312500
vt 0.575000 0.312500
vt 0.587500 0.312500
vt 0.600000 0.312500
vt 0.612500 0.312500
vt 0.625000 0.312500
vt 0.375000 0.687500
vt 0.387500 0.687500
vt 0.400000 0.687500
vt 0.412500 0.687500
vt 0.425000 0.687500
vt 0.437500 0.687500
vt 0.450000 0.687500
vt 0.462500 0.687500
vt 0.475000 0.687500
vt 0.487500 0.687500
vt 0.500000 0.687500
vt 0.512500 0.687500
vt 0.525000 0.687500
vt 0.537500 0.687500
vt 0.550000 0.687500
vt 0.562500 0.687500
vt 0.575000 0.687500
vt 0.587500 0.687500
vt 0.600000 0.687500
vt 0.612500 0.687500
vt 0.625000 0.687500
vt 0.648603 0.795466
vt 0.626409 0.751908
vt 0.591842 0.717341
vt 0.548284 0.695147
vt 0.500000 0.687500
vt 0.451716 0.695147
vt 0.408159 0.717341
vt 0.373591 0.751909
vt 0.351397 0.795466
vt 0.343750 0.843750
vt 0.351397 0.892034
vt 0.373591 0.935591
vt 0.408159 0.970159
vt 0.451716 0.992353
vt 0.500000 1.000000
vt 0.548284 0.992353
vt 0.591841 0.970159
vt 0.626409 0.935591
vt 0.648603 0.892034
vt 0.656250 0.843750
vt 0.500000 0.156250
vt 0.500000 0.843750
vn 0.947767 0.083100 -0.307947
vn 0.806219 0.083100 -0.585752
vn 0.806219 0.083100 -0.585752
vn 0.947767 0.083100 -0.307947
vn 0.585752 0.083100 -0.806219
vn 0.585752 0.083100 -0.806219
vn 0.307948 0.083100 -0.947767
vn 0.307948 0.083100 -0.947767
vn -0.000000 0.083100 -0.996541
vn -0.000000 0.083100 -0.996541
vn -0.307949 0.083100 -0.947767
vn -0.307949 0.083100 -0.947767
vn -0.585753 0.083100 -0.806219
vn -0.585753 0.083100 -0.806218
vn -0.806219 0.083100 -0.585752
vn -0.806219 0.083100 -0.585752
vn -0.947767 0.083100 -0.307949
vn -0.947767 0.083100 -0.307949
vn -0.996541 0.083100 -0.000000
vn -0.996541 0.083100 -0.000000
vn -0.947767 0.083100 0.307949
vn -0.947767 0.083100 0.307949
vn -0.806219 0.083100 0.585753
vn -0.806219 0.083100 0.585753
vn -0.585752 0.083100 0.806219
vn -0.585752 0.083100 0.806219
vn -0.307949 0.083100 0.947767
vn -0.307949 0.083100 0.947767
vn 0.000000 0.083100 0.996541
vn -0.000000 0.083100 0.996541
vn 0.307949 0.083100 0.947767
vn 0.307949 0.083100 0.947767
vn 0.585753 0.083100 0.806219
vn 0.585753 0.083100 0.806219
vn 0.806219 0.083100 0.585752
vn 0.806219 0.083100 0.585752
vn 0.947767 0.083100 0.307949
vn 0.947767 0.083100 0.307949
vn 0.996541 0.083100 0.000001
vn 0.996541 0.083100 0.000001
vn 0.000000 -1.000000 0.000000
vn 0.000000 -1.000000 0.000000
vn 0.000000 -1.000000 0.000000
vn 0.000000 -1.000000 0.000000
vn 0.000000 -1.000000 0.000000
vn 0.000000 -1.000000 0.000000
vn 0.000000 -1.000000 0.000000
vn 0.000000 -1.000000 0.000000
vn 0.000000 -1.000000 0.000000
vn 0.000000 -1.000000 -0.000000
vn 0.000000 -1.000000 -0.000000
vn 0.000000 -1.000000 0.000000
vn 0.000000 -1.000000 0.000000
vn 0.000000 -1.000000 0.000000
vn 0.000000 -1.000000 0.000000
vn 0.000000 -1.000000 -0.000000
vn 0.000000 -1.000000 -0.000000
vn 0.000000 -1.000000 -0.000000
vn 0.000000 -1.000000 0.000000
vn 0.000000 -1.000000 0.000000
vn 0.000000 -1.000000 0.000000
vn 0.000000 1.000000 0.000000
vn 0.000000 1.000000 0.000000
vn 0.000000 1.000000 0.000000
vn 0.000000 1.000000 0.000000
vn 0.000000 1.000000 0.000000
vn 0.000000 1.000000 0.000000
vn 0.000000 1.000000 0.000000
vn 0.000000 1.000000 0.000000
vn 0.000000 1.000000 -0.000001
vn 0.000000 1.000000 0.000000
vn 0.000000 1.000000 0.000000
vn 0.000000 1.000000 -0.000000
vn 0.000000 1.000000 0.000001
vn 0.000000 1.000000 0.000000
vn 0.000000 1.000000 0.000000
vn 0.000000 1.000000 -0.000000
vn 0.000000 1.000000 0.000000
vn 0.000000 1.000000 -0.000001
vn 0.000000 1.000000 -0.000000
vn 0.000000 1.000000 0.000001
vn 0.000000 1.000000 0.000000
s 1
g lighthouse1 pCylinder2
usemtl initialShadingGroup
f 67/147/155 68/148/156 88/169/157 87/168/158
f 68/148/156 69/149/159 89/170/160 88/169/157
f 69/149/159 70/150/161 90/171/162 89/170/160
f 70/150/161 71/151/163 91/172/164 90/171/162
f 71/151/163 72/152/165 92/173/166 91/172/164
f 72/152/165 73/153/167 93/174/168 92/173/166
f 73/153/167 74/154/169 94/175/170 93/174/168
f 74/154/169 75/155/171 95/176/172 94/175/170
f 75/155/171 76/156/173 96/177/174 95/176/172
f 76/156/173 77/157/175 97/178/176 96/177/174
f 77/157/175 78/158/177 98/179/178 97/178/176
f 78/158/177 79/159/179 99/180/180 98/179/178
f 79/159/179 80/160/181 100/181/182 99/180/180
f 80/160/181 81/161/183 101/182/184 100/181/182
f 81/161/183 82/162/185 102/183/186 101/182/184
f 82/162/185 83/163/187 103/184/188 102/183/186
f 83/163/187 84/164/189 104/185/190 103/184/188
f 84/164/189 85/165/191 105/186/192 104/185/190
f 85/165/191 86/166/193 106/187/194 105/186/192
f 86/166/193 67/167/155 87/188/158 106/187/194
s 2
f 68/128/195 67/127/196 107/209/197
f 69/129/198 68/128/195 107/209/197
f 70/130/199 69/129/198 107/209/197
f 71/131/200 70/130/199 107/209/197
f 72/132/201 71/131/200 107/209/197
f 73/133/202 72/132/201 107/209/197
f 74/134/203 73/133/202 107/209/197
f 75/135/204 74/134/203 107/209/197
f 76/136/205 75/135/204 107/209/197
f 77/137/206 76/136/205 107/209/197
f 78/138/207 77/137/206 107/209/197
f 79/139/208 78/138/207 107/209/197
f 80/140/209 79/139/208 107/209/197
f 81/141/210 80/140/209 107/209/197
f 82/142/211 81/141/210 107/209/197
f 83/143/212 82/142/211 107/209/197
f 84/144/213 83/143/212 107/209/197
f 85/145/214 84/144/213 107/209/197
f 86/146/215 85/145/214 107/209/197
f 67/127/196 86/146/215 107/209/197
s 3
f 87/207/216 88/206/217 108/210/218
f 88/206/217 89/205/219 108/210/218
f 89/205/219 90/204/220 108/210/218
f 90/204/220 91/203/221 108/210/218
f 91/203/221 92/202/222 108/210/218
f 92/202/222 93/201/223 108/210/218
f 93/201/223 94/200/224 108/210/218
f 94/200/224 95/199/225 108/210/218
f 95/199/225 96/198/226 108/210/218
f 96/198/226 97/197/227 108/210/218
f 97/197/227 98/196/228 108/210/218
f 98/196/228 99/195/229 108/210/218
f 99/195/229 100/194/230 108/210/218
f 100/194/230 101/193/231 108/210/218
f 101/193/231 102/192/232 108/210/218
f 102/192/232 103/191/233 108/210/218
f 103/191/233 104/190/234 108/210/218
f 104/190/234 105/189/235 108/210/218
f 105/189/235 106/208/236 108/210/218
f 106/208/236 87/207/216 108/210/218
g default
v -1.150715 6.419635 -0.302846
v -1.153363 6.419635 -0.308044
v -1.157488 6.419635 -0.312169
v -1.162686 6.419635 -0.314817
v -1.168448 6.419635 -0.315730
v -1.174209 6.419635 -0.314817
v -1.179407 6.419635 -0.312169
v -1.183532 6.419635 -0.308044
v -1.186181 6.419635 -0.302846
v -1.187093 6.419635 -0.297084
v -1.186181 6.419635 -0.291323
v -1.183532 6.419635 -0.286125
v -1.179407 6.419635 -0.282000
v -1.174209 6.419635 -0.279351
v -1.168448 6.419635 -0.278439
v -1.162686 6.419635 -0.279351
v -1.157488 6.419635 -0.282000
v -1.153363 6.419635 -0.286125
v -1.150715 6.419635 -0.291323
v -1.149802 6.419635 -0.297084
v -1.150715 6.612832 -0.302846
v -1.153363 6.612832 -0.308044
v -1.157488 6.612832 -0.312169
v -1.162686 6.612832 -0.314817
v -1.168448 6.612832 -0.315730
v -1.174209 6.612832 -0.314817
v -1.179407 6.612832 -0.312169
v -1.183532 6.612832 -0.308044
v -1.186181 6.612832 -0.302846
v -1.187093 6.612832 -0.297084
v -1.186181 6.612832 -0.291323
v -1.183532 6.612832 -0.286125
v -1.179407 6.612832 -0.282000
v -1.174209 6.612832 -0.279351
v -1.168448 6.612832 -0.278439
v -1.162686 6.612832 -0.279351
v -1.157488 6.612832 -0.282000
v -1.153363 6.612832 -0.286125
v -1.150715 6.612832 -0.291323
v -1.149802 6.612832 -0.297084
v -1.168448 6.419635 -0.297084
v -1.168448 6.612832 -0.297084
vt 0.648603 0.107966
vt 0.626409 0.064408
vt 0.591842 0.029841
vt 0.548284 0.007647
vt 0.500000 -0.000000
vt 0.451716 0.007647
vt 0.408159 0.029841
vt 0.373591 0.064409
vt 0.351397 0.107966
vt 0.343750 0.156250
vt 0.351397 0.204534
vt 0.373591 0.248091
vt 0.408159 0.282659
vt 0.451716 0.304853
vt 0.500000 0.312500
vt 0.548284 0.304853
vt 0.591841 0.282659
vt 0.626409 0.248091
vt 0.648603 0.204534
vt 0.656250 0.156250
vt 0.375000 0.312500
vt 0.387500 0.312500
vt 0.400000 0.312500
vt 0.412500 0.312500
vt 0.425000 0.312500
vt 0.437500 0.312500
vt 0.450000 0.312500
vt 0.462500 0.312500
vt 0.475000 0.312500
vt 0.487500 0.312500
vt 0.500000 0.312500
vt 0.512500 0.312500
vt 0.525000 0.312500
vt 0.537500 0.312500
vt 0.550000 0.312500
vt 0.562500 0.312500
vt 0.575000 0.312500
vt 0.587500 0.312500
vt 0.600000 0.312500
vt 0.612500 0.312500
vt 0.625000 0.312500
vt 0.375000 0.687500
vt 0.387500 0.687500
vt 0.400000 0.687500
vt 0.412500 0.687500
vt 0.425000 0.687500
vt 0.437500 0.687500
vt 0.450000 0.687500
vt 0.462500 0.687500
vt 0.475000 0.687500
vt 0.487500 0.687500
vt 0.500000 0.687500
vt 0.512500 0.687500
vt 0.525000 0.687500
vt 0.537500 0.687500
vt 0.550000 0.687500
vt 0.562500 0.687500
vt 0.575000 0.687500
vt 0.587500 0.687500
vt 0.600000 0.687500
vt 0.612500 0.687500
vt 0.625000 0.687500
vt 0.648603 0.795466
vt 0.626409 0.751908
vt 0.591842 0.717341
vt 0.548284 0.695147
vt 0.500000 0.687500
vt 0.451716 0.695147
vt 0.408159 0.717341
vt 0.373591 0.751909
vt 0.351397 0.795466
vt 0.343750 0.843750
vt 0.351397 0.892034
vt 0.373591 0.935591
vt 0.408159 0.970159
vt 0.451716 0.992353
vt 0.500000 1.000000
vt 0.548284 0.992353
vt 0.591841 0.970159
vt 0.626409 0.935591
vt 0.648603 0.892034
vt 0.656250 0.843750
vt 0.500000 0.156250
vt 0.500000 0.843750
vn 0.951057 0.000000 -0.309016
vn 0.809017 0.000000 -0.587785
vn 0.809017 0.000000 -0.587785
vn 0.951057 0.000000 -0.309016
vn 0.587785 0.000000 -0.809017
vn 0.587785 0.000000 -0.809017
vn 0.309017 0.000000 -0.951057
vn 0.309017 0.000000 -0.951057
vn -0.000000 0.000000 -1.000000
vn -0.000000 0.000000 -1.000000
vn -0.309017 0.000000 -0.951056
vn -0.309017 0.000000 -0.951056
vn -0.587785 0.000000 -0.809017
vn -0.587785 0.000000 -0.809017
vn -0.809017 0.000000 -0.587785
vn -0.809017 0.000000 -0.587785
vn -0.951057 0.000000 -0.309017
vn -0.951057 0.000000 -0.309017
vn -1.000000 0.000000 0.000000
vn -1.000000 0.000000 0.000000
vn -0.951056 0.000000 0.309017
vn -0.951056 0.000000 0.309017
vn -0.809017 0.000000 0.587785
vn -0.809017 0.000000 0.587785
vn -0.587785 0.000000 0.809017
vn -0.587785 0.000000 0.809017
vn -0.309017 0.000000 0.951057
vn -0.309017 0.000000 0.951057
vn 0.000000 0.000000 1.000000
vn 0.000000 0.000000 1.000000
vn 0.309017 0.000000 0.951056
vn 0.309017 0.000000 0.951056
vn 0.587785 0.000000 0.809017
vn 0.587785 0.000000 0.809017
vn 0.809017 0.000000 0.587785
vn 0.809017 0.000000 0.587785
vn 0.951057 0.000000 0.309017
vn 0.951057 0.000000 0.309017
vn 1.000000 0.000000 0.000001
vn 1.000000 0.000000 0.000001
vn 0.000000 -1.000000 0.000000
vn 0.000000 -1.000000 0.000000
vn 0.000000 -1.000000 0.000000
vn 0.000000 -1.000000 0.000000
vn 0.000000 -1.000000 0.000000
vn 0.000000 -1.000000 0.000000
vn 0.000000 -1.000000 0.000000
vn 0.000000 -1.000000 0.000000
vn 0.000000 -1.000000 0.000000
vn 0.000000 -1.000000 0.000000
vn 0.000000 -1.000000 0.000000
vn 0.000000 -1.000000 0.000000
vn 0.000000 -1.000000 0.000000
vn 0.000000 -1.000000 0.000000
vn 0.000000 -1.000000 0.000000
vn 0.000000 -1.000000 0.000000
vn 0.000000 -1.000000 0.000000
vn 0.000000 -1.000000 0.000000
vn 0.000000 -1.000000 0.000000
vn 0.000000 -1.000000 0.000000
vn 0.000000 -1.000000 0.000000
vn 0.000000 1.000000 0.000000
vn 0.000000 1.000000 0.000000
vn 0.000000 1.000000 0.000000
vn 0.000000 1.000000 0.000000
vn 0.000000 1.000000 0.000000
vn 0.000000 1.000000 0.000000
vn 0.000000 1.000000 0.000000
vn 0.000000 1.000000 0.000000
vn 0.000000 1.000000 0.000000
vn 0.000000 1.000000 0.000000
vn 0.000000 1.000000 0.000000
vn 0.000000 1.000000 0.000000
vn 0.000000 1.000000 0.000000
vn 0.000000 1.000000 0.000000
vn 0.000000 1.000000 0.000000
vn 0.000000 1.000000 0.000000
vn 0.000000 1.000000 0.000000
vn 0.000000 1.000000 0.000000
vn 0.000000 1.000000 0.000000
vn 0.000000 1.000000 0.000000
vn 0.000000 1.000000 0.000000
s 1
g lighthouse1 pCylinder8
usemtl initialShadingGroup
f 109/231/237 110/232/238 130/253/239 129/252/240
f 110/232/238 111/233/241 131/254/242 130/253/239
f 111/233/241 112/234/243 132/255/244 131/254/242
f 112/234/243 113/235/245 133/256/246 132/255/244
f 113/235/245 114/236/247 134/257/248 133/256/246
f 114/236/247 115/237/249 135/258/250 134/257/248
f 115/237/249 116/238/251 136/259/252 135/258/250
f 116/238/251 117/239/253 137/260/254 136/259/252
f 117/239/253 118/240/255 138/261/256 137/260/254
f 118/240/255 119/241/257 139/262/258 138/261/256
f 119/241/257 120/242/259 140/263/260 139/262/258
f 120/242/259 121/243/261 141/264/262 140/263/260
f 121/243/261 122/244/263 142/265/264 141/264/262
f 122/244/263 123/245/265 143/266/266 142/265/264
f 123/245/265 124/246/267 144/267/268 143/266/266
f 124/246/267 125/247/269 145/268/270 144/267/268
f 125/247/269 126/248/271 146/269/272 145/268/270
f 126/248/271 127/249/273 147/270/274 146/269/272
f 127/249/273 128/250/275 148/271/276 147/270/274
f 128/250/275 109/251/237 129/272/240 148/271/276
s 2
f 110/212/277 109/211/278 149/293/279
f 111/213/280 110/212/277 149/293/279
f 112/214/281 111/213/280 149/293/279
f 113/215/282 112/214/281 149/293/279
f 114/216/283 113/215/282 149/293/279
f 115/217/284 114/216/283 149/293/279
f 116/218/285 115/217/284 149/293/279
f 117/219/286 116/218/285 149/293/279
f 118/220/287 117/219/286 149/293/279
f 119/221/288 118/220/287 149/293/279
f 120/222/289 119/221/288 149/293/279
f 121/223/290 120/222/289 149/293/279
f 122/224/291 121/223/290 149/293/279
f 123/225/292 122/224/291 149/293/279
f 124/226/293 123/225/292 149/293/279
f 125/227/294 124/226/293 149/293/279
f 126/228/295 125/227/294 149/293/279
f 127/229/296 126/228/295 149/293/279
f 128/230/297 127/229/296 149/293/279
f 109/211/278 128/230/297 149/293/279
s 3
f 129/291/298 130/290/299 150/294/300
f 130/290/299 131/289/301 150/294/300
f 131/289/301 132/288/302 150/294/300
f 132/288/302 133/287/303 150/294/300
f 133/287/303 134/286/304 150/294/300
f 134/286/304 135/285/305 150/294/300
f 135/285/305 136/284/306 150/294/300
f 136/284/306 137/283/307 150/294/300
f 137/283/307 138/282/308 150/294/300
f 138/282/308 139/281/309 150/294/300
f 139/281/309 140/280/310 150/294/300
f 140/280/310 141/279/311 150/294/300
f 141/279/311 142/278/312 150/294/300
f 142/278/312 143/277/313 150/294/300
f 143/277/313 144/276/314 150/294/300
f 144/276/314 145/275/315 150/294/300
f 145/275/315 146/274/316 150/294/300
f 146/274/316 147/273/317 150/294/300
f 147/273/317 148/292/318 150/294/300
f 148/292/318 129/291/298 150/294/300
g default
v -0.940304 6.419635 -0.749724
v -0.942953 6.419635 -0.754922
v -0.947078 6.419635 -0.759047
v -0.952275 6.419635 -0.761695
v -0.958037 6.419635 -0.762608
v -0.963799 6.419635 -0.761695
v -0.968997 6.419635 -0.759047
v -0.973122 6.419635 -0.754922
v -0.975770 6.419635 -0.749724
v -0.976682 6.419635 -0.743962
v -0.975770 6.419635 -0.738200
v -0.973122 6.419635 -0.733003
v -0.968997 6.419635 -0.728878
v -0.963799 6.419635 -0.726229
v -0.958037 6.419635 -0.725317
v -0.952275 6.419635 -0.726229
v -0.947078 6.419635 -0.728878
v -0.942953 6.419635 -0.733003
v -0.940304 6.419635 -0.738200
v -0.939392 6.419635 -0.743962
v -0.940304 6.612832 -0.749724
v -0.942953 6.612832 -0.754922
v -0.947078 6.612832 -0.759047
v -0.952275 6.612832 -0.761695
v -0.958037 6.612832 -0.762608
v -0.963799 6.612832 -0.761695
v -0.968997 6.612832 -0.759047
v -0.973122 6.612832 -0.754922
v -0.975770 6.612832 -0.749724
v -0.976682 6.612832 -0.743962
v -0.975770 6.612832 -0.738200
v -0.973122 6.612832 -0.733003
v -0.968997 6.612832 -0.728878
v -0.963799 6.612832 -0.726229
v -0.958037 6.612832 -0.725317
v -0.952275 6.612832 -0.726229
v -0.947078 6.612832 -0.728878
v -0.942953 6.612832 -0.733003
v -0.940304 6.612832 -0.738200
v -0.939392 6.612832 -0.743962
v -0.958037 6.419635 -0.743962
v -0.958037 6.612832 -0.743962
vt 0.648603 0.107966
vt 0.626409 0.064408
vt 0.591842 0.029841
vt 0.548284 0.007647
vt 0.500000 -0.000000
vt 0.451716 0.007647
vt 0.408159 0.029841
vt 0.373591 0.064409
vt 0.351397 0.107966
vt 0.343750 0.156250
vt 0.351397 0.204534
vt 0.373591 0.248091
vt 0.408159 0.282659
vt 0.451716 0.304853
vt 0.500000 0.312500
vt 0.548284 0.304853
vt 0.591841 0.282659
vt 0.626409 0.248091
vt 0.648603 0.204534
vt 0.656250 0.156250
vt 0.375000 0.312500
vt 0.387500 0.312500
vt 0.400000 0.312500
vt 0.412500 0.312500
vt 0.425000 0.312500
vt 0.437500 0.312500
vt 0.450000 0.312500
vt 0.462500 0.312500
vt 0.475000 0.312500
vt 0.487500 0.312500
vt 0.500000 0.312500
vt 0.512500 0.312500
vt 0.525000 0.312500
vt 0.537500 0.312500
vt 0.550000 0.312500
vt 0.562500 0.312500
vt 0.575000 0.312500
vt 0.587500 0.312500
vt 0.600000 0.312500
vt 0.612500 0.312500
vt 0.625000 0.312500
vt 0.375000 0.687500
vt 0.387500 0.687500
vt 0.400000 0.687500
vt 0.412500 0.687500
vt 0.425000 0.687500
vt 0.437500 0.687500
vt 0.450000 0.687500
vt 0.462500 0.687500
vt 0.475000 0.687500
vt 0.487500 0.687500
vt 0.500000 0.687500
vt 0.512500 0.687500
vt 0.525000 0.687500
vt 0.537500 0.687500
vt 0.550000 0.687500
vt 0.562500 0.687500
vt 0.575000 0.687500
vt 0.587500 0.687500
vt 0.600000 0.687500
vt 0.612500 0.687500
vt 0.625000 0.687500
vt 0.648603 0.795466
vt 0.626409 0.751908
vt 0.591842 0.717341
vt 0.548284 0.695147
vt 0.500000 0.687500
vt 0.451716 0.695147
vt 0.408159 0.717341
vt 0.373591 0.751909
vt 0.351397 0.795466
vt 0.343750 0.843750
vt 0.351397 0.892034
vt 0.373591 0.935591
vt 0.408159 0.970159
vt 0.451716 0.992353
vt 0.500000 1.000000
vt 0.548284 0.992353
vt 0.591841 0.970159
vt 0.626409 0.935591
vt 0.648603 0.892034
vt 0.656250 0.843750
vt 0.500000 0.156250
vt 0.500000 0.843750
vn 0.951057 0.000000 -0.309016
vn 0.809017 0.000000 -0.587785
vn 0.809017 0.000000 -0.587785
vn 0.951057 0.000000 -0.309016
vn 0.587785 0.000000 -0.809017
vn 0.587785 0.000000 -0.809017
vn 0.309017 0.000000 -0.951057
vn 0.309017 0.000000 -0.951057
vn -0.000000 0.000000 -1.000000
vn -0.000000 0.000000 -1.000000
vn -0.309017 0.000000 -0.951056
vn -0.309017 0.000000 -0.951056
vn -0.587785 0.000000 -0.809017
vn -0.587785 0.000000 -0.809017
vn -0.809017 0.000000 -0.587785
vn -0.809017 0.000000 -0.587785
vn -0.951057 0.000000 -0.309017
vn -0.951057 0.000000 -0.309017
vn -1.000000 0.000000 0.000000
vn -1.000000 0.000000 0.000000
vn -0.951056 0.000000 0.309017
vn -0.951056 0.000000 0.309017
vn -0.809017 0.000000 0.587785
vn -0.809017 0.000000 0.587785
vn -0.587785 0.000000 0.809017
vn -0.587785 0.000000 0.809017
vn -0.309017 0.000000 0.951057
vn -0.309017 0.000000 0.951057
vn 0.000000 0.000000 1.000000
vn 0.000000 0.000000 1.000000
vn 0.309017 0.000000 0.951056
vn 0.309017 0.000000 0.951056
vn 0.587785 0.000000 0.809017
vn 0.587785 0.000000 0.809017
vn 0.809017 0.000000 0.587785
vn 0.809017 0.000000 0.587785
vn 0.951057 0.000000 0.309017
vn 0.951057 0.000000 0.309017
vn 1.000000 0.000000 0.000001
vn 1.000000 0.000000 0.000001
vn 0.000000 -1.000000 0.000000
vn 0.000000 -1.000000 0.000000
vn 0.000000 -1.000000 0.000000
vn 0.000000 -1.000000 0.000000
vn 0.000000 -1.000000 0.000000
vn 0.000000 -1.000000 0.000000
vn 0.000000 -1.000000 0.000000
vn 0.000000 -1.000000 0.000000
vn 0.000000 -1.000000 0.000000
vn 0.000000 -1.000000 0.000000
vn 0.000000 -1.000000 0.000000
vn 0.000000 -1.000000 0.000000
vn 0.000000 -1.000000 0.000000
vn 0.000000 -1.000000 0.000000
vn 0.000000 -1.000000 0.000000
vn 0.000000 -1.000000 0.000000
vn 0.000000 -1.000000 0.000000
vn 0.000000 -1.000000 0.000000
vn 0.000000 -1.000000 0.000000
vn 0.000000 -1.000000 0.000000
vn 0.000000 -1.000000 0.000000
vn 0.000000 1.000000 0.000000
vn 0.000000 1.000000 0.000000
vn 0.000000 1.000000 0.000000
vn 0.000000 1.000000 0.000000
vn 0.000000 1.000000 0.000000
vn 0.000000 1.000000 0.000000
vn 0.000000 1.000000 0.000000
vn 0.000000 1.000000 0.000000
vn 0.000000 1.000000 0.000000
vn 0.000000 1.000000 0.000000
vn 0.000000 1.000000 0.000000
vn 0.000000 1.000000 0.000000
vn 0.000000 1.000000 0.000000
vn 0.000000 1.000000 0.000000
vn 0.000000 1.000000 0.000000
vn 0.000000 1.000000 0.000000
vn 0.000000 1.000000 0.000000
vn 0.000000 1.000000 0.000000
vn 0.000000 1.000000 0.000000
vn 0.000000 1.000000 0.000000
vn 0.000000 1.000000 0.000000
s 1
g lighthouse1 pCylinder7
usemtl initialShadingGroup
f 151/315/319 152/316/320 172/337/321 171/336/322
f 152/316/320 153/317/323 173/338/324 172/337/321
f 153/317/323 154/318/325 174/339/326 173/338/324
f 154/318/325 155/319/327 175/340/328 174/339/326
f 155/319/327 156/320/329 176/341/330 175/340/328
f 156/320/329 157/321/331 177/342/332 176/341/330
f 157/321/331 158/322/333 178/343/334 177/342/332
f 158/322/333 159/323/335 179/344/336 178/343/334
f 159/323/335 160/324/337 180/345/338 179/344/336
f 160/324/337 161/325/339 181/346/340 180/345/338
f 161/325/339 162/326/341 182/347/342 181/346/340
f 162/326/341 163/327/343 183/348/344 182/347/342
f 163/327/343 164/328/345 184/349/346 183/348/344
f 164/328/345 165/329/347 185/350/348 184/349/346
f 165/329/347 166/330/349 186/351/350 185/350/348
f 166/330/349 167/331/351 187/352/352 186/351/350
f 167/331/351 168/332/353 188/353/354 187/352/352
f 168/332/353 169/333/355 189/354/356 188/353/354
f 169/333/355 170/334/357 190/355/358 189/354/356
f 170/334/357 151/335/319 171/356/322 190/355/358
s 2
f 152/296/359 151/295/360 191/377/361
f 153/297/362 152/296/359 191/377/361
f 154/298/363 153/297/362 191/377/361
f 155/299/364 154/298/363 191/377/361
f 156/300/365 155/299/364 191/377/361
f 157/301/366 156/300/365 191/377/361
f 158/302/367 157/301/366 191/377/361
f 159/303/368 158/302/367 191/377/361
f 160/304/369 159/303/368 191/377/361
f 161/305/370 160/304/369 191/377/361
f 162/306/371 161/305/370 191/377/361
f 163/307/372 162/306/371 191/377/361
f 164/308/373 163/307/372 191/377/361
f 165/309/374 164/308/373 191/377/361
f 166/310/375 165/309/374 191/377/361
f 167/311/376 166/310/375 191/377/361
f 168/312/377 167/311/376 191/377/361
f 169/313/378 168/312/377 191/377/361
f 170/314/379 169/313/378 191/377/361
f 151/295/360 170/314/379 191/377/361
s 3
f 171/375/380 172/374/381 192/378/382
f 172/374/381 173/373/383 192/378/382
f 173/373/383 174/372/384 192/378/382
f 174/372/384 175/371/385 192/378/382
f 175/371/385 176/370/386 192/378/382
f 176/370/386 177/369/387 192/378/382
f 177/369/387 178/368/388 192/378/382
f 178/368/388 179/367/389 192/378/382
f 179/367/389 180/366/390 192/378/382
f 180/366/390 181/365/391 192/378/382
f 181/365/391 182/364/392 192/378/382
f 182/364/392 183/363/393 192/378/382
f 183/363/393 184/362/394 192/378/382
f 184/362/394 185/361/395 192/378/382
f 185/361/395 186/360/396 192/378/382
f 186/360/396 187/359/397 192/378/382
f 187/359/397 188/358/398 192/378/382
f 188/358/398 189/357/399 192/378/382
f 189/357/399 190/376/400 192/378/382
f 190/376/400 171/375/380 192/378/382
g default
v -0.534745 6.419635 -1.081396
v -0.537393 6.419635 -1.086593
v -0.541518 6.419635 -1.090718
v -0.546716 6.419635 -1.093367
v -0.552478 6.419635 -1.094279
v -0.558240 6.419635 -1.093367
v -0.563437 6.419635 -1.090718
v -0.567562 6.419635 -1.086593
v -0.570211 6.419635 -1.081396
v -0.571123 6.419635 -1.075634
v -0.570211 6.419635 -1.069872
v -0.567562 6.419635 -1.064674
v -0.563437 6.419635 -1.060549
v -0.558240 6.419635 -1.057901
v -0.552478 6.419635 -1.056988
v -0.546716 6.419635 -1.057901
v -0.541518 6.419635 -1.060549
v -0.537393 6.419635 -1.064674
v -0.534745 6.419635 -1.069872
v -0.533832 6.419635 -1.075634
v -0.534745 6.612832 -1.081396
v -0.537393 6.612832 -1.086593
v -0.541518 6.612832 -1.090718
v -0.546716 6.612832 -1.093367
v -0.552478 6.612832 -1.094279
v -0.558240 6.612832 -1.093367
v -0.563437 6.612832 -1.090718
v -0.567562 6.612832 -1.086593
v -0.570211 6.612832 -1.081396
v -0.571123 6.612832 -1.075634
v -0.570211 6.612832 -1.069872
v -0.567562 6.612832 -1.064674
v -0.563437 6.612832 -1.060549
v -0.558240 6.612832 -1.057901
v -0.552478 6.612832 -1.056988
v -0.546716 6.612832 -1.057901
v -0.541518 6.612832 -1.060549
v -0.537393 6.612832 -1.064674
v -0.534745 6.612832 -1.069872
v -0.533832 6.612832 -1.075634
v -0.552478 6.419635 -1.075634
v -0.552478 6.612832 -1.075634
vt 0.648603 0.107966
vt 0.626409 0.064408
vt 0.591842 0.029841
vt 0.548284 0.007647
vt 0.500000 -0.000000
vt 0.451716 0.007647
vt 0.408159 0.029841
vt 0.373591 0.064409
vt 0.351397 0.107966
vt 0.343750 0.156250
vt 0.351397 0.204534
vt 0.373591 0.248091
vt 0.408159 0.282659
vt 0.451716 0.304853
vt 0.500000 0.312500
vt 0.548284 0.304853
vt 0.591841 0.282659
vt 0.626409 0.248091
vt 0.648603 0.204534
vt 0.656250 0.156250
vt 0.375000 0.312500
vt 0.387500 0.312500
vt 0.400000 0.312500
vt 0.412500 0.312500
vt 0.425000 0.312500
vt 0.437500 0.312500
vt 0.450000 0.312500
vt 0.462500 0.312500
vt 0.475000 0.312500
vt 0.487500 0.312500
vt 0.500000 0.312500
vt 0.512500 0.312500
vt 0.525000 0.312500
vt 0.537500 0.312500
vt 0.550000 0.312500
vt 0.562500 0.312500
vt 0.575000 0.312500
vt 0.587500 0.312500
vt 0.600000 0.312500
vt 0.612500 0.312500
vt 0.625000 0.312500
vt 0.375000 0.687500
vt 0.387500 0.687500
vt 0.400000 0.687500
vt 0.412500 0.687500
vt 0.425000 0.687500
vt 0.437500 0.687500
vt 0.450000 0.687500
vt 0.462500 0.687500
vt 0.475000 0.687500
vt 0.487500 0.687500
vt 0.500000 0.687500
vt 0.512500 0.687500
vt 0.525000 0.687500
vt 0.537500 0.687500
vt 0.550000 0.687500
vt 0.562500 0.687500
vt 0.575000 0.687500
vt 0.587500 0.687500
vt 0.600000 0.687500
vt 0.612500 0.687500
vt 0.625000 0.687500
vt 0.648603 0.795466
vt 0.626409 0.751908
vt 0.591842 0.717341
vt 0.548284 0.695147
vt 0.500000 0.687500
vt 0.451716 0.695147
vt 0.408159 0.717341
vt 0.373591 0.751909
vt 0.351397 0.795466
vt 0.343750 0.843750
vt 0.351397 0.892034
vt 0.373591 0.935591
vt 0.408159 0.970159
vt 0.451716 0.992353
vt 0.500000 1.000000
vt 0.548284 0.992353
vt 0.591841 0.970159
vt 0.626409 0.935591
vt 0.648603 0.892034
vt 0.656250 0.843750
vt 0.500000 0.156250
vt 0.500000 0.843750
vn 0.951057 0.000000 -0.309016
vn 0.809017 0.000000 -0.587785
vn 0.809017 0.000000 -0.587785
vn 0.951057 0.000000 -0.309016
vn 0.587785 0.000000 -0.809017
vn 0.587785 0.000000 -0.809017
vn 0.309017 0.000000 -0.951057
vn 0.309017 0.000000 -0.951057
vn -0.000000 0.000000 -1.000000
vn -0.000000 0.000000 -1.000000
vn -0.309017 0.000000 -0.951056
vn -0.309017 0.000000 -0.951056
vn -0.587785 0.000000 -0.809017
vn -0.587785 0.000000 -0.809017
vn -0.809017 0.000000 -0.587785
vn -0.809017 0.000000 -0.587785
vn -0.951057 0.000000 -0.309017
vn -0.951057 0.000000 -0.309017
vn -1.000000 0.000000 0.000000
vn -1.000000 0.000000 0.000000
vn -0.951056 0.000000 0.309017
vn -0.951056 0.000000 0.309017
vn -0.809017 0.000000 0.587785
vn -0.809017 0.000000 0.587785
vn -0.587785 0.000000 0.809017
vn -0.587785 0.000000 0.809017
vn -0.309017 0.000000 0.951057
vn -0.309017 0.000000 0.951057
vn 0.000000 0.000000 1.000000
vn 0.000000 0.000000 1.000000
vn 0.309017 0.000000 0.951056
vn 0.309017 0.000000 0.951056
vn 0.587785 0.000000 0.809017
vn 0.587785 0.000000 0.809017
vn 0.809017 0.000000 0.587785
vn 0.809017 0.000000 0.587785
vn 0.951057 0.000000 0.309017
vn 0.951057 0.000000 0.309017
vn 1.000000 0.000000 0.000001
vn 1.000000 0.000000 0.000001
vn 0.000000 -1.000000 0.000000
vn 0.000000 -1.000000 0.000000
vn 0.000000 -1.000000 0.000000
vn 0.000000 -1.000000 0.000000
vn 0.000000 -1.000000 0.000000
vn 0.000000 -1.000000 0.000000
vn 0.000000 -1.000000 0.000000
vn 0.000000 -1.000000 0.000000
vn 0.000000 -1.000000 0.000000
vn 0.000000 -1.000000 0.000000
vn 0.000000 -1.000000 0.000000
vn 0.000000 -1.000000 0.000000
vn 0.000000 -1.000000 0.000000
vn 0.000000 -1.000000 0.000000
vn 0.000000 -1.000000 0.000000
vn 0.000000 -1.000000 0.000000
vn 0.000000 -1.000000 0.000000
vn 0.000000 -1.000000 0.000000
vn 0.000000 -1.000000 0.000000
vn 0.000000 -1.000000 0.000000
vn 0.000000 -1.000000 0.000000
vn 0.000000 1.000000 0.000000
vn 0.000000 1.000000 0.000000
vn 0.000000 1.000000 0.000000
vn 0.000000 1.000000 0.000000
vn 0.000000 1.000000 0.000000
vn 0.000000 1.000000 0.000000
vn 0.000000 1.000000 0.000000
vn 0.000000 1.000000 0.000000
vn 0.000000 1.000000 0.000000
vn 0.000000 1.000000 0.000000
vn 0.000000 1.000000 0.000000
vn 0.000000 1.000000 0.000000
vn 0.000000 1.000000 0.000000
vn 0.000000 1.000000 0.000000
vn 0.000000 1.000000 0.000000
vn 0.000000 1.000000 0.000000
vn 0.000000 1.000000 0.000000
vn 0.000000 1.000000 0.000000
vn 0.000000 1.000000 0.000000
vn 0.000000 1.000000 0.000000
vn 0.000000 1.000000 0.000000
s 1
g lighthouse1 pCylinder6
usemtl initialShadingGroup
f 193/399/401 194/400/402 214/421/403 213/420/404
f 194/400/402 195/401/405 215/422/406 214/421/403
f 195/401/405 196/402/407 216/423/408 215/422/406
f 196/402/407 197/403/409 217/424/410 216/423/408
f 197/403/409 198/404/411 218/425/412 217/424/410
f 198/404/411 199/405/413 219/426/414 218/425/412
f 199/405/413 200/406/415 220/427/416 219/426/414
f 200/406/415 201/407/417 221/428/418 220/427/416
f 201/407/417 202/408/419 222/429/420 221/428/418
f 202/408/419 203/409/421 223/430/422 222/429/420
f 203/409/421 204/410/423 224/431/424 223/430/422
f 204/410/423 205/411/425 225/432/426 224/431/424
f 205/411/425 206/412/427 226/433/428 225/432/426
f 206/412/427 207/413/429 227/434/430 226/433/428
f 207/413/429 208/414/431 228/435/432 227/434/430
f 208/414/431 209/415/433 229/436/434 228/435/432
f 209/415/433 210/416/435 230/437/436 229/436/434
f 210/416/435 211/417/437 231/438/438 230/437/436
f 211/417/437 212/418/439 232/439/440 231/438/438
f 212/418/439 193/419/401 213/440/404 232/439/440
s 2
f 194/380/441 193/379/442 233/461/443
f 195/381/444 194/380/441 233/461/443
f 196/382/445 195/381/444 233/461/443
f 197/383/446 196/382/445 233/461/443
f 198/384/447 197/383/446 233/461/443
f 199/385/448 198/384/447 233/461/443
f 200/386/449 199/385/448 233/461/443
f 201/387/450 200/386/449 233/461/443
f 202/388/451 201/387/450 233/461/443
f 203/389/452 202/388/451 233/461/443
f 204/390/453 203/389/452 233/461/443
f 205/391/454 204/390/453 233/461/443
f 206/392/455 205/391/454 233/461/443
f 207/393/456 206/392/455 233/461/443
f 208/394/457 207/393/456 233/461/443
f 209/395/458 208/394/457 233/461/443
f 210/396/459 209/395/458 233/461/443
f 211/397/460 210/396/459 233/461/443
f 212/398/461 211/397/460 233/461/443
f 193/379/442 212/398/461 233/461/443
s 3
f 213/459/462 214/458/463 234/462/464
f 214/458/463 215/457/465 234/462/464
f 215/457/465 216/456/466 234/462/464
f 216/456/466 217/455/467 234/462/464
f 217/455/467 218/454/468 234/462/464
f 218/454/468 219/453/469 234/462/464
f 219/453/469 220/452/470 234/462/464
f 220/452/470 221/451/471 234/462/464
f 221/451/471 222/450/472 234/462/464
f 222/450/472 223/449/473 234/462/464
f 223/449/473 224/448/474 234/462/464
f 224/448/474 225/447/475 234/462/464
f 225/447/475 226/446/476 234/462/464
f 226/446/476 227/445/477 234/462/464
f 227/445/477 228/444/478 234/462/464
f 228/444/478 229/443/479 234/462/464
f 229/443/479 230/442/480 234/462/464
f 230/442/480 231/441/481 234/462/464
f 231/441/481 232/460/482 234/462/464
f 232/460/482 213/459/462 234/462/464
g default
v 0.898840 6.419635 0.818435
v 0.896191 6.419635 0.813237
v 0.892066 6.419635 0.809112
v 0.886869 6.419635 0.806464
v 0.881107 6.419635 0.805551
v 0.875345 6.419635 0.806464
v 0.870147 6.419635 0.809112
v 0.866022 6.419635 0.813237
v 0.863374 6.419635 0.818435
v 0.862461 6.419635 0.824197
v 0.863374 6.419635 0.829959
v 0.866022 6.419635 0.835156
v 0.870147 6.419635 0.839281
v 0.875345 6.419635 0.841930
v 0.881107 6.419635 0.842842
v 0.886869 6.419635 0.841930
v 0.892066 6.419635 0.839281
v 0.896191 6.419635 0.835156
v 0.898840 6.419635 0.829959
v 0.899752 6.419635 0.824197
v 0.898840 6.612832 0.818435
v 0.896191 6.612832 0.813237
v 0.892066 6.612832 0.809112
v 0.886869 6.612832 0.806464
v 0.881107 6.612832 0.805551
v 0.875345 6.612832 0.806464
v 0.870147 6.612832 0.809112
v 0.866022 6.612832 0.813237
v 0.863374 6.612832 0.818435
v 0.862461 6.612832 0.824197
v 0.863374 6.612832 0.829959
v 0.866022 6.612832 0.835156
v 0.870147 6.612832 0.839281
v 0.875345 6.612832 0.841930
v 0.881107 6.612832 0.842842
v 0.886869 6.612832 0.841930
v 0.892066 6.612832 0.839281
v 0.896191 6.612832 0.835156
v 0.898840 6.612832 0.829959
v 0.899752 6.612832 0.824197
v 0.881107 6.419635 0.824197
v 0.881107 6.612832 0.824197
vt 0.648603 0.107966
vt 0.626409 0.064408
vt 0.591842 0.029841
vt 0.548284 0.007647
vt 0.500000 -0.000000
vt 0.451716 0.007647
vt 0.408159 0.029841
vt 0.373591 0.064409
vt 0.351397 0.107966
vt 0.343750 0.156250
vt 0.351397 0.204534
vt 0.373591 0.248091
vt 0.408159 0.282659
vt 0.451716 0.304853
vt 0.500000 0.312500
vt 0.548284 0.304853
vt 0.591841 0.282659
vt 0.626409 0.248091
vt 0.648603 0.204534
vt 0.656250 0.156250
vt 0.375000 0.312500
vt 0.387500 0.312500
vt 0.400000 0.312500
vt 0.412500 0.312500
vt 0.425000 0.312500
vt 0.437500 0.312500
vt 0.450000 0.312500
vt 0.462500 0.312500
vt 0.475000 0.312500
vt 0.487500 0.312500
vt 0.500000 0.312500
vt 0.512500 0.312500
vt 0.525000 0.312500
vt 0.537500 0.312500
vt 0.550000 0.312500
vt 0.562500 0.312500
vt 0.575000 0.312500
vt 0.587500 0.312500
vt 0.600000 0.312500
vt 0.612500 0.312500
vt 0.625000 0.312500
vt 0.375000 0.687500
vt 0.387500 0.687500
vt 0.400000 0.687500
vt 0.412500 0.687500
vt 0.425000 0.687500
vt 0.437500 0.687500
vt 0.450000 0.687500
vt 0.462500 0.687500
vt 0.475000 0.687500
vt 0.487500 0.687500
vt 0.500000 0.687500
vt 0.512500 0.687500
vt 0.525000 0.687500
vt 0.537500 0.687500
vt 0.550000 0.687500
vt 0.562500 0.687500
vt 0.575000 0.687500
vt 0.587500 0.687500
vt 0.600000 0.687500
vt 0.612500 0.687500
vt 0.625000 0.687500
vt 0.648603 0.795466
vt 0.626409 0.751908
vt 0.591842 0.717341
vt 0.548284 0.695147
vt 0.500000 0.687500
vt 0.451716 0.695147
vt 0.408159 0.717341
vt 0.373591 0.751909
vt 0.351397 0.795466
vt 0.343750 0.843750
vt 0.351397 0.892034
vt 0.373591 0.935591
vt 0.408159 0.970159
vt 0.451716 0.992353
vt 0.500000 1.000000
vt 0.548284 0.992353
vt 0.591841 0.970159
vt 0.626409 0.935591
vt 0.648603 0.892034
vt 0.656250 0.843750
vt 0.500000 0.156250
vt 0.500000 0.843750
vn 0.951057 0.000000 -0.309016
vn 0.809017 0.000000 -0.587785
vn 0.809017 0.000000 -0.587785
vn 0.951057 0.000000 -0.309016
vn 0.587785 0.000000 -0.809017
vn 0.587785 0.000000 -0.809017
vn 0.309017 0.000000 -0.951057
vn 0.309017 0.000000 -0.951057
vn -0.000000 0.000000 -1.000000
vn -0.000000 0.000000 -1.000000
vn -0.309017 0.000000 -0.951056
vn -0.309017 0.000000 -0.951056
vn -0.587785 0.000000 -0.809017
vn -0.587785 0.000000 -0.809017
vn -0.809017 0.000000 -0.587785
vn -0.809017 0.000000 -0.587785
vn -0.951057 0.000000 -0.309017
vn -0.951057 0.000000 -0.309017
vn -1.000000 0.000000 0.000000
vn -1.000000 0.000000 0.000000
vn -0.951056 0.000000 0.309017
vn -0.951056 0.000000 0.309017
vn -0.809017 0.000000 0.587785
vn -0.809017 0.000000 0.587785
vn -0.587785 0.000000 0.809017
vn -0.587785 0.000000 0.809017
vn -0.309017 0.000000 0.951057
vn -0.309017 0.000000 0.951057
vn 0.000000 0.000000 1.000000
vn 0.000000 0.000000 1.000000
vn 0.309017 0.000000 0.951056
vn 0.309017 0.000000 0.951056
vn 0.587785 0.000000 0.809017
vn 0.587785 0.000000 0.809017
vn 0.809017 0.000000 0.587785
vn 0.809017 0.000000 0.587785
vn 0.951057 0.000000 0.309017
vn 0.951057 0.000000 0.309017
vn 1.000000 0.000000 0.000001
vn 1.000000 0.000000 0.000001
vn 0.000000 -1.000000 0.000000
vn 0.000000 -1.000000 0.000000
vn 0.000000 -1.000000 0.000000
vn 0.000000 -1.000000 0.000000
vn 0.000000 -1.000000 0.000000
vn 0.000000 -1.000000 0.000000
vn 0.000000 -1.000000 0.000000
vn 0.000000 -1.000000 0.000000
vn 0.000000 -1.000000 0.000000
vn 0.000000 -1.000000 0.000000
vn 0.000000 -1.000000 0.000000
vn 0.000000 -1.000000 0.000000
vn 0.000000 -1.000000 0.000000
vn 0.000000 -1.000000 0.000000
vn 0.000000 -1.000000 0.000000
vn 0.000000 -1.000000 0.000000
vn 0.000000 -1.000000 0.000000
vn 0.000000 -1.000000 0.000000
vn 0.000000 -1.000000 0.000000
vn 0.000000 -1.000000 0.000000
vn 0.000000 -1.000000 0.000000
vn 0.000000 1.000000 0.000000
vn 0.000000 1.000000 0.000000
vn 0.000000 1.000000 0.000000
vn 0.000000 1.000000 0.000000
vn 0.000000 1.000000 0.000000
vn 0.000000 1.000000 0.000000
vn 0.000000 1.000000 0.000000
vn 0.000000 1.000000 0.000000
vn 0.000000 1.000000 0.000000
vn 0.000000 1.000000 0.000000
vn 0.000000 1.000000 0.000000
vn 0.000000 1.000000 0.000000
vn 0.000000 1.000000 0.000000
vn 0.000000 1.000000 0.000000
vn 0.000000 1.000000 0.000000
vn 0.000000 1.000000 0.000000
vn 0.000000 1.000000 0.000000
vn 0.000000 1.000000 0.000000
vn 0.000000 1.000000 0.000000
vn 0.000000 1.000000 0.000000
vn 0.000000 1.000000 0.000000
s 1
g lighthouse1 pCylinder13
usemtl initialShadingGroup
f 235/483/483 236/484/484 256/505/485 255/504/486
f 236/484/484 237/485/487 257/506/488 256/505/485
f 237/485/487 238/486/489 258/507/490 257/506/488
f 238/486/489 239/487/491 259/508/492 258/507/490
f 239/487/491 240/488/493 260/509/494 259/508/492
f 240/488/493 241/489/495 261/510/496 260/509/494
f 241/489/495 242/490/497 262/511/498 261/510/496
f 242/490/497 243/491/499 263/512/500 262/511/498
f 243/491/499 244/492/501 264/513/502 263/512/500
f 244/492/501 245/493/503 265/514/504 264/513/502
f 245/493/503 246/494/505 266/515/506 265/514/504
f 246/494/505 247/495/507 267/516/508 266/515/506
f 247/495/507 248/496/509 268/517/510 267/516/508
f 248/496/509 249/497/511 269/518/512 268/517/510
f 249/497/511 250/498/513 270/519/514 269/518/512
f 250/498/513 251/499/515 271/520/516 270/519/514
f 251/499/515 252/500/517 272/521/518 271/520/516
f 252/500/517 253/501/519 273/522/520 272/521/518
f 253/501/519 254/502/521 274/523/522 273/522/520
f 254/502/521 235/503/483 255/524/486 274/523/522
s 2
f 236/464/523 235/463/524 275/545/525
f 237/465/526 236/464/523 275/545/525
f 238/466/527 237/465/526 275/545/525
f 239/467/528 238/466/527 275/545/525
f 240/468/529 239/467/528 275/545/525
f 241/469/530 240/468/529 275/545/525
f 242/470/531 241/469/530 275/545/525
f 243/471/532 242/470/531 275/545/525
f 244/472/533 243/471/532 275/545/525
f 245/473/534 244/472/533 275/545/525
f 246/474/535 245/473/534 275/545/525
f 247/475/536 246/474/535 275/545/525
f 248/476/537 247/475/536 275/545/525
f 249/477/538 248/476/537 275/545/525
f 250/478/539 249/477/538 275/545/525
f 251/479/540 250/478/539 275/545/525
f 252/480/541 251/479/540 275/545/525
f 253/481/542 252/480/541 275/545/525
f 254/482/543 253/481/542 275/545/525
f 235/463/524 254/482/543 275/545/525
s 3
f 255/543/544 256/542/545 276/546/546
f 256/542/545 257/541/547 276/546/546
f 257/541/547 258/540/548 276/546/546
f 258/540/548 259/539/549 276/546/546
f 259/539/549 260/538/550 276/546/546
f 260/538/550 261/537/551 276/546/546
f 261/537/551 262/536/552 276/546/546
f 262/536/552 263/535/553 276/546/546
f 263/535/553 264/534/554 276/546/546
f 264/534/554 265/533/555 276/546/546
f 265/533/555 266/532/556 276/546/546
f 266/532/556 267/531/557 276/546/546
f 267/531/557 268/530/558 276/546/546
f 268/530/558 269/529/559 276/546/546
f 269/529/559 270/528/560 276/546/546
f 270/528/560 271/527/561 276/546/546
f 271/527/561 272/526/562 276/546/546
f 272/526/562 273/525/563 276/546/546
f 273/525/563 274/544/564 276/546/546
f 274/544/564 255/543/544 276/546/546
g default
v 1.579568 1.203765 0.354488
v 1.581429 1.203765 0.294545
v 1.579568 1.905947 0.354488
v 1.581429 1.905947 0.294545
v 1.098936 1.905947 0.339567
v 1.100797 1.905947 0.279623
v 1.098936 1.203765 0.339567
v 1.100797 1.203765 0.279623
vt 0.375000 0.000000
vt 0.625000 0.000000
vt 0.375000 0.250000
vt 0.625000 0.250000
vt 0.375000 0.500000
vt 0.625000 0.500000
vt 0.375000 0.750000
vt 0.625000 0.750000
vt 0.375000 1.000000
vt 0.625000 1.000000
vt 0.875000 0.000000
vt 0.875000 0.250000
vt 0.125000 0.000000
vt 0.125000 0.250000
vn 0.999518 0.000000 0.031031
vn 0.999518 0.000000 0.031031
vn 0.999518 0.000000 0.031031
vn 0.999518 0.000000 0.031031
vn 0.000000 1.000000 0.000000
vn 0.000000 1.000000 0.000000
vn 0.000000 1.000000 0.000000
vn 0.000000 1.000000 0.000000
vn -0.999518 0.000000 -0.031031
vn -0.999518 0.000000 -0.031031
vn -0.999518 0.000000 -0.031031
vn -0.999518 0.000000 -0.031031
vn 0.000000 -1.000000 0.000000
vn 0.000000 -1.000000 0.000000
vn 0.000000 -1.000000 0.000000
vn 0.000000 -1.000000 0.000000
vn 0.031031 0.000000 -0.999518
vn 0.031031 0.000000 -0.999518
vn 0.031031 0.000000 -0.999518
vn 0.031031 0.000000 -0.999518
vn -0.031031 0.000000 0.999518
vn -0.031031 0.000000 0.999518
vn -0.031031 0.000000 0.999518
vn -0.031031 0.000000 0.999518
s off
g lighthouse1 pCube3
usemtl initialShadingGroup
f 277/547/565 278/548/566 280/550/567 279/549/568
f 279/549/569 280/550/570 282/552/571 281/551/572
f 281/551/573 282/552/574 284/554/575 283/553/576
f 283/553/577 284/554/578 278/556/579 277/555/580
f 278/548/581 284/557/582 282/558/583 280/550/584
f 283/559/585 277/547/586 279/549/587 281/560/588
g default
v 0.767770 6.393250 -0.249464
v 0.653105 6.393250 -0.474508
v 0.474508 6.393250 -0.653104
v 0.249464 6.393250 -0.767770
v 0.000000 6.393250 -0.807281
v -0.249464 6.393250 -0.767770
v -0.474508 6.393250 -0.653104
v -0.653104 6.393250 -0.474508
v -0.767770 6.393250 -0.249464
v -0.807281 6.393250 0.000000
v -0.767770 6.393250 0.249464
v -0.653104 6.393250 0.474508
v -0.474508 6.393250 0.653104
v -0.249464 6.393250 0.767770
v -0.000000 6.393250 0.807281
v 0.249464 6.393250 0.767770
v 0.474508 6.393250 0.653104
v 0.653104 6.393250 0.474508
v 0.767770 6.393250 0.249464
v 0.807281 6.393250 0.000000
v 0.767770 7.262489 -0.249464
v 0.653105 7.262489 -0.474508
v 0.474508 7.262489 -0.653104
v 0.249464 7.262489 -0.767770
v 0.000000 7.262489 -0.807281
v -0.249464 7.262489 -0.767770
v -0.474508 7.262489 -0.653104
v -0.653104 7.262489 -0.474508
v -0.767770 7.262489 -0.249464
v -0.807281 7.262489 0.000000
v -0.767770 7.262489 0.249464
v -0.653104 7.262489 0.474508
v -0.474508 7.262489 0.653104
v -0.249464 7.262489 0.767770
v -0.000000 7.262489 0.807281
v 0.249464 7.262489 0.767770
v 0.474508 7.262489 0.653104
v 0.653104 7.262489 0.474508
v 0.767770 7.262489 0.249464
v 0.807281 7.262489 0.000000
v 0.000000 6.393250 0.000000
v 0.000000 7.262489 0.000000
vt 0.648603 0.107966
vt 0.626409 0.064408
vt 0.591842 0.029841
vt 0.548284 0.007647
vt 0.500000 -0.000000
vt 0.451716 0.007647
vt 0.408159 0.029841
vt 0.373591 0.064409
vt 0.351397 0.107966
vt 0.343750 0.156250
vt 0.351397 0.204534
vt 0.373591 0.248091
vt 0.408159 0.282659
vt 0.451716 0.304853
vt 0.500000 0.312500
vt 0.548284 0.304853
vt 0.591841 0.282659
vt 0.626409 0.248091
vt 0.648603 0.204534
vt 0.656250 0.156250
vt 0.375000 0.312500
vt 0.387500 0.312500
vt 0.400000 0.312500
vt 0.412500 0.312500
vt 0.425000 0.312500
vt 0.437500 0.312500
vt 0.450000 0.312500
vt 0.462500 0.312500
vt 0.475000 0.312500
vt 0.487500 0.312500
vt 0.500000 0.312500
vt 0.512500 0.312500
vt 0.525000 0.312500
vt 0.537500 0.312500
vt 0.550000 0.312500
vt 0.562500 0.312500
vt 0.575000 0.312500
vt 0.587500 0.312500
vt 0.600000 0.312500
vt 0.612500 0.312500
vt 0.625000 0.312500
vt 0.375000 0.687500
vt 0.387500 0.687500
vt 0.400000 0.687500
vt 0.412500 0.687500
vt 0.425000 0.687500
vt 0.437500 0.687500
vt 0.450000 0.687500
vt 0.462500 0.687500
vt 0.475000 0.687500
vt 0.487500 0.687500
vt 0.500000 0.687500
vt 0.512500 0.687500
vt 0.525000 0.687500
vt 0.537500 0.687500
vt 0.550000 0.687500
vt 0.562500 0.687500
vt 0.575000 0.687500
vt 0.587500 0.687500
vt 0.600000 0.687500
vt 0.612500 0.687500
vt 0.625000 0.687500
vt 0.648603 0.795466
vt 0.626409 0.751908
vt 0.591842 0.717341
vt 0.548284 0.695147
vt 0.500000 0.687500
vt 0.451716 0.695147
vt 0.408159 0.717341
vt 0.373591 0.751909
vt 0.351397 0.795466
vt 0.343750 0.843750
vt 0.351397 0.892034
vt 0.373591 0.935591
vt 0.408159 0.970159
vt 0.451716 0.992353
vt 0.500000 1.000000
vt 0.548284 0.992353
vt 0.591841 0.970159
vt 0.626409 0.935591
vt 0.648603 0.892034
vt 0.656250 0.843750
vt 0.500000 0.156250
vt 0.500000 0.843750
vn 0.951057 0.000000 -0.309016
vn 0.809017 0.000000 -0.587785
vn 0.809017 0.000000 -0.587785
vn 0.951057 0.000000 -0.309016
vn 0.587785 0.000000 -0.809017
vn 0.587785 0.000000 -0.809017
vn 0.309017 0.000000 -0.951057
vn 0.309017 0.000000 -0.951057
vn -0.000000 0.000000 -1.000000
vn -0.000000 0.000000 -1.000000
vn -0.309017 0.000000 -0.951056
vn -0.309017 0.000000 -0.951056
vn -0.587785 0.000000 -0.809017
vn -0.587785 0.000000 -0.809017
vn -0.809017 0.000000 -0.587785
vn -0.809017 0.000000 -0.587785
vn -0.951056 0.000000 -0.309017
vn -0.951056 0.000000 -0.309017
vn -1.000000 0.000000 0.000000
vn -1.000000 0.000000 0.000000
vn -0.951056 0.000000 0.309017
vn -0.951056 0.000000 0.309017
vn -0.809017 0.000000 0.587785
vn -0.809017 0.000000 0.587785
vn -0.587785 0.000000 0.809017
vn -0.587785 0.000000 0.809017
vn -0.309017 0.000000 0.951056
vn -0.309017 0.000000 0.951056
vn 0.000000 0.000000 1.000000
vn 0.000000 0.000000 1.000000
vn 0.309017 0.000000 0.951056
vn 0.309017 0.000000 0.951056
vn 0.587785 0.000000 0.809017
vn 0.587785 0.000000 0.809017
vn 0.809017 0.000000 0.587785
vn 0.809017 0.000000 0.587785
vn 0.951056 0.000000 0.309017
vn 0.951056 0.000000 0.309017
vn 1.000000 0.000000 0.000001
vn 1.000000 0.000000 0.000001
vn 0.000000 -1.000000 0.000000
vn 0.000000 -1.000000 0.000000
vn 0.000000 -1.000000 0.000000
vn 0.000000 -1.000000 0.000000
vn 0.000000 -1.000000 0.000000
vn 0.000000 -1.000000 0.000000
vn 0.000000 -1.000000 0.000000
vn 0.000000 -1.000000 0.000000
vn 0.000000 -1.000000 0.000000
vn 0.000000 -1.000000 0.000000
vn 0.000000 -1.000000 0.000000
vn 0.000000 -1.000000 0.000000
vn 0.000000 -1.000000 0.000000
vn 0.000000 -1.000000 0.000000
vn 0.000000 -1.000000 0.000000
vn 0.000000 -1.000000 0.000000
vn 0.000000 -1.000000 0.000000
vn 0.000000 -1.000000 0.000000
vn 0.000000 -1.000000 0.000000
vn 0.000000 -1.000000 0.000000
vn 0.000000 -1.000000 0.000000
vn 0.000000 1.000000 0.000000
vn 0.000000 1.000000 0.000000
vn 0.000000 1.000000 0.000000
vn 0.000000 1.000000 0.000000
vn 0.000000 1.000000 0.000000
vn 0.000000 1.000000 0.000000
vn 0.000000 1.000000 0.000000
vn 0.000000 1.000000 0.000000
vn 0.000000 1.000000 0.000000
vn 0.000000 1.000000 0.000000
vn 0.000000 1.000000 0.000000
vn 0.000000 1.000000 0.000000
vn 0.000000 1.000000 0.000000
vn 0.000000 1.000000 0.000000
vn 0.000000 1.000000 0.000000
vn 0.000000 1.000000 0.000000
vn 0.000000 1.000000 0.000000
vn 0.000000 1.000000 0.000000
vn 0.000000 1.000000 0.000000
vn 0.000000 1.000000 0.000000
vn 0.000000 1.000000 0.000000
s 1
g lighthouse1 pCylinder4
usemtl initialShadingGroup
f 285/581/589 286/582/590 306/603/591 305/602/592
f 286/582/590 287/583/593 307/604/594 306/603/591
f 287/583/593 288/584/595 308/605/596 307/604/594
f 288/584/595 289/585/597 309/606/598 308/605/596
f 289/585/597 290/586/599 310/607/600 309/606/598
f 290/586/599 291/587/601 311/608/602 310/607/600
f 291/587/601 292/588/603 312/609/604 311/608/602
f 292/588/603 293/589/605 313/610/606 312/609/604
f 293/589/605 294/590/607 314/611/608 313/610/606
f 294/590/607 295/591/609 315/612/610 314/611/608
f 295/591/609 296/592/611 316/613/612 315/612/610
f 296/592/611 297/593/613 317/614/614 316/613/612
f 297/593/613 298/594/615 318/615/616 317/614/614
f 298/594/615 299/595/617 319/616/618 318/615/616
f 299/595/617 300/596/619 320/617/620 319/616/618
f 300/596/619 301/597/621 321/618/622 320/617/620
f 301/597/621 302/598/623 322/619/624 321/618/622
f 302/598/623 303/599/625 323/620/626 322/619/624
f 303/599/625 304/600/627 324/621/628 323/620/626
f 304/600/627 285/601/589 305/622/592 324/621/628
s 2
f 286/562/629 285/561/630 325/643/631
f 287/563/632 286/562/629 325/643/631
f 288/564/633 287/563/632 325/643/631
f 289/565/634 288/564/633 325/643/631
f 290/566/635 289/565/634 325/643/631
f 291/567/636 290/566/635 325/643/631
f 292/568/637 291/567/636 325/643/631
f 293/569/638 292/568/637 325/643/631
f 294/570/639 293/569/638 325/643/631
f 295/571/640 294/570/639 325/643/631
f 296/572/641 295/571/640 325/643/631
f 297/573/642 296/572/641 325/643/631
f 298/574/643 297/573/642 325/643/631
f 299/575/644 298/574/643 325/643/631
f 300/576/645 299/575/644 325/643/631
f 301/577/646 300/576/645 325/643/631
f 302/578/647 301/577/646 325/643/631
f 303/579/648 302/578/647 325/643/631
f 304/580/649 303/579/648 325/643/631
f 285/561/630 304/580/649 325/643/631
s 3
f 305/641/650 306/640/651 326/644/652
f 306/640/651 307/639/653 326/644/652
f 307/639/653 308/638/654 326/644/652
f 308/638/654 309/637/655 326/644/652
f 309/637/655 310/636/656 326/644/652
f 310/636/656 311/635/657 326/644/652
f 311/635/657 312/634/658 326/644/652
f 312/634/658 313/633/659 326/644/652
f 313/633/659 314/632/660 326/644/652
f 314/632/660 315/631/661 326/644/652
f 315/631/661 316/630/662 326/644/652
f 316/630/662 317/629/663 326/644/652
f 317/629/663 318/628/664 326/644/652
f 318/628/664 319/627/665 326/644/652
f 319/627/665 320/626/666 326/644/652
f 320/626/666 321/625/667 326/644/652
f 321/625/667 322/624/668 326/644/652
f 322/624/668 323/623/669 326/644/652
f 323/623/669 324/642/670 326/644/652
f 324/642/670 305/641/650 326/644/652
g default
v 1.200330 6.419635 0.276284
v 1.197681 6.419635 0.271087
v 1.193556 6.419635 0.266962
v 1.188358 6.419635 0.264313
v 1.182597 6.419635 0.263401
v 1.176835 6.419635 0.264313
v 1.171637 6.419635 0.266962
v 1.167512 6.419635 0.271087
v 1.164864 6.419635 0.276284
v 1.163951 6.419635 0.282046
v 1.164864 6.419635 0.287808
v 1.167512 6.419635 0.293006
v 1.171637 6.419635 0.297131
v 1.176835 6.419635 0.299779
v 1.182597 6.419635 0.300692
v 1.188358 6.419635 0.299779
v 1.193556 6.419635 0.297131
v 1.197681 6.419635 0.293006
v 1.200330 6.419635 0.287808
v 1.201242 6.419635 0.282046
v 1.200330 6.612832 0.276284
v 1.197681 6.612832 0.271087
v 1.193556 6.612832 0.266962
v 1.188358 6.612832 0.264313
v 1.182597 6.612832 0.263401
v 1.176835 6.612832 0.264313
v 1.171637 6.612832 0.266962
v 1.167512 6.612832 0.271087
v 1.164864 6.612832 0.276284
v 1.163951 6.612832 0.282046
v 1.164864 6.612832 0.287808
v 1.167512 6.612832 0.293006
v 1.171637 6.612832 0.297131
v 1.176835 6.612832 0.299779
v 1.182597 6.612832 0.300692
v 1.188358 6.612832 0.299779
v 1.193556 6.612832 0.297131
v 1.197681 6.612832 0.293006
v 1.200330 6.612832 0.287808
v 1.201242 6.612832 0.282046
v 1.182597 6.419635 0.282046
v 1.182597 6.612832 0.282046
vt 0.648603 0.107966
vt 0.626409 0.064408
vt 0.591842 0.029841
vt 0.548284 0.007647
vt 0.500000 -0.000000
vt 0.451716 0.007647
vt 0.408159 0.029841
vt 0.373591 0.064409
vt 0.351397 0.107966
vt 0.343750 0.156250
vt 0.351397 0.204534
vt 0.373591 0.248091
vt 0.408159 0.282659
vt 0.451716 0.304853
vt 0.500000 0.312500
vt 0.548284 0.304853
vt 0.591841 0.282659
vt 0.626409 0.248091
vt 0.648603 0.204534
vt 0.656250 0.156250
vt 0.375000 0.312500
vt 0.387500 0.312500
vt 0.400000 0.312500
vt 0.412500 0.312500
vt 0.425000 0.312500
vt 0.437500 0.312500
vt 0.450000 0.312500
vt 0.462500 0.312500
vt 0.475000 0.312500
vt 0.487500 0.312500
vt 0.500000 0.312500
vt 0.512500 0.312500
vt 0.525000 0.312500
vt 0.537500 0.312500
vt 0.550000 0.312500
vt 0.562500 0.312500
vt 0.575000 0.312500
vt 0.587500 0.312500
vt 0.600000 0.312500
vt 0.612500 0.312500
vt 0.625000 0.312500
vt 0.375000 0.687500
vt 0.387500 0.687500
vt 0.400000 0.687500
vt 0.412500 0.687500
vt 0.425000 0.687500
vt 0.437500 0.687500
vt 0.450000 0.687500
vt 0.462500 0.687500
vt 0.475000 0.687500
vt 0.487500 0.687500
vt 0.500000 0.687500
vt 0.512500 0.687500
vt 0.525000 0.687500
vt 0.537500 0.687500
vt 0.550000 0.687500
vt 0.562500 0.687500
vt 0.575000 0.687500
vt 0.587500 0.687500
vt 0.600000 0.687500
vt 0.612500 0.687500
vt 0.625000 0.687500
vt 0.648603 0.795466
vt 0.626409 0.751908
vt 0.591842 0.717341
vt 0.548284 0.695147
vt 0.500000 0.687500
vt 0.451716 0.695147
vt 0.408159 0.717341
vt 0.373591 0.751909
vt 0.351397 0.795466
vt 0.343750 0.843750
vt 0.351397 0.892034
vt 0.373591 0.935591
vt 0.408159 0.970159
vt 0.451716 0.992353
vt 0.500000 1.000000
vt 0.548284 0.992353
vt 0.591841 0.970159
vt 0.626409 0.935591
vt 0.648603 0.892034
vt 0.656250 0.843750
vt 0.500000 0.156250
vt 0.500000 0.843750
vn 0.951057 0.000000 -0.309016
vn 0.809017 0.000000 -0.587785
vn 0.809017 0.000000 -0.587785
vn 0.951057 0.000000 -0.309016
vn 0.587785 0.000000 -0.809017
vn 0.587785 0.000000 -0.809017
vn 0.309017 0.000000 -0.951057
vn 0.309017 0.000000 -0.951057
vn -0.000000 0.000000 -1.000000
vn -0.000000 0.000000 -1.000000
vn -0.309017 0.000000 -0.951056
vn -0.309017 0.000000 -0.951056
vn -0.587785 0.000000 -0.809017
vn -0.587785 0.000000 -0.809017
vn -0.809017 0.000000 -0.587785
vn -0.809017 0.000000 -0.587785
vn -0.951057 0.000000 -0.309017
vn -0.951057 0.000000 -0.309017
vn -1.000000 0.000000 0.000000
vn -1.000000 0.000000 0.000000
vn -0.951056 0.000000 0.309017
vn -0.951056 0.000000 0.309017
vn -0.809017 0.000000 0.587785
vn -0.809017 0.000000 0.587785
vn -0.587785 0.000000 0.809017
vn -0.587785 0.000000 0.809017
vn -0.309017 0.000000 0.951057
vn -0.309017 0.000000 0.951057
vn 0.000000 0.000000 1.000000
vn 0.000000 0.000000 1.000000
vn 0.309017 0.000000 0.951056
vn 0.309017 0.000000 0.951056
vn 0.587785 0.000000 0.809017
vn 0.587785 0.000000 0.809017
vn 0.809017 0.000000 0.587785
vn 0.809017 0.000000 0.587785
vn 0.951057 0.000000 0.309017
vn 0.951057 0.000000 0.309017
vn 1.000000 0.000000 0.000001
vn 1.000000 0.000000 0.000001
vn 0.000000 -1.000000 0.000000
vn 0.000000 -1.000000 0.000000
vn 0.000000 -1.000000 0.000000
vn 0.000000 -1.000000 0.000000
vn 0.000000 -1.000000 0.000000
vn 0.000000 -1.000000 0.000000
vn 0.000000 -1.000000 0.000000
vn 0.000000 -1.000000 0.000000
vn 0.000000 -1.000000 0.000000
vn 0.000000 -1.000000 0.000000
vn 0.000000 -1.000000 0.000000
vn 0.000000 -1.000000 0.000000
vn 0.000000 -1.000000 0.000000
vn 0.000000 -1.000000 0.000000
vn 0.000000 -1.000000 0.000000
vn 0.000000 -1.000000 0.000000
vn 0.000000 -1.000000 0.000000
vn 0.000000 -1.000000 0.000000
vn 0.000000 -1.000000 0.000000
vn 0.000000 -1.000000 0.000000
vn 0.000000 -1.000000 0.000000
vn 0.000000 1.000000 0.000000
vn 0.000000 1.000000 0.000000
vn 0.000000 1.000000 0.000000
vn 0.000000 1.000000 0.000000
vn 0.000000 1.000000 0.000000
vn 0.000000 1.000000 0.000000
vn 0.000000 1.000000 0.000000
vn 0.000000 1.000000 0.000000
vn 0.000000 1.000000 0.000000
vn 0.000000 1.000000 0.000000
vn 0.000000 1.000000 0.000000
vn 0.000000 1.000000 0.000000
vn 0.000000 1.000000 0.000000
vn 0.000000 1.000000 0.000000
vn 0.000000 1.000000 0.000000
vn 0.000000 1.000000 0.000000
vn 0.000000 1.000000 0.000000
vn 0.000000 1.000000 0.000000
vn 0.000000 1.000000 0.000000
vn 0.000000 1.000000 0.000000
vn 0.000000 1.000000 0.000000
s 1
g lighthouse1 pCylinder14
usemtl initialShadingGroup
f 327/665/671 328/666/672 348/687/673 347/686/674
f 328/666/672 329/667/675 349/688/676 348/687/673
f 329/667/675 330/668/677 350/689/678 349/688/676
f 330/668/677 331/669/679 351/690/680 350/689/678
f 331/669/679 332/670/681 352/691/682 351/690/680
f 332/670/681 333/671/683 353/692/684 352/691/682
f 333/671/683 334/672/685 354/693/686 353/692/684
f 334/672/685 335/673/687 355/694/688 354/693/686
f 335/673/687 336/674/689 356/695/690 355/694/688
f 336/674/689 337/675/691 357/696/692 356/695/690
f 337/675/691 338/676/693 358/697/694 357/696/692
f 338/676/693 339/677/695 359/698/696 358/697/694
f 339/677/695 340/678/697 360/699/698 359/698/696
f 340/678/697 341/679/699 361/700/700 360/699/698
f 341/679/699 342/680/701 362/701/702 361/700/700
f 342/680/701 343/681/703 363/702/704 362/701/702
f 343/681/703 344/682/705 364/703/706 363/702/704
f 344/682/705 345/683/707 365/704/708 364/703/706
f 345/683/707 346/684/709 366/705/710 365/704/708
f 346/684/709 327/685/671 347/706/674 366/705/710
s 2
f 328/646/711 327/645/712 367/727/713
f 329/647/714 328/646/711 367/727/713
f 330/648/715 329/647/714 367/727/713
f 331/649/716 330/648/715 367/727/713
f 332/650/717 331/649/716 367/727/713
f 333/651/718 332/650/717 367/727/713
f 334/652/719 333/651/718 367/727/713
f 335/653/720 334/652/719 367/727/713
f 336/654/721 335/653/720 367/727/713
f 337/655/722 336/654/721 367/727/713
f 338/656/723 337/655/722 367/727/713
f 339/657/724 338/656/723 367/727/713
f 340/658/725 339/657/724 367/727/713
f 341/659/726 340/658/725 367/727/713
f 342/660/727 341/659/726 367/727/713
f 343/661/728 342/660/727 367/727/713
f 344/662/729 343/661/728 367/727/713
f 345/663/730 344/662/729 367/727/713
f 346/664/731 345/663/730 367/727/713
f 327/645/712 346/664/731 367/727/713
s 3
f 347/725/732 348/724/733 368/728/734
f 348/724/733 349/723/735 368/728/734
f 349/723/735 350/722/736 368/728/734
f 350/722/736 351/721/737 368/728/734
f 351/721/737 352/720/738 368/728/734
f 352/720/738 353/719/739 368/728/734
f 353/719/739 354/718/740 368/728/734
f 354/718/740 355/717/741 368/728/734
f 355/717/741 356/716/742 368/728/734
f 356/716/742 357/715/743 368/728/734
f 357/715/743 358/714/744 368/728/734
f 358/714/744 359/713/745 368/728/734
f 359/713/745 360/712/746 368/728/734
f 360/712/746 361/711/747 368/728/734
f 361/711/747 362/710/748 368/728/734
f 362/710/748 363/709/749 368/728/734
f 363/709/749 364/708/750 368/728/734
f 364/708/750 365/707/751 368/728/734
f 365/707/751 366/726/752 368/728/734
f 366/726/752 347/725/732 368/728/734
g default
v -0.833599 6.419635 0.858380
v -0.836247 6.419635 0.853183
v -0.840372 6.419635 0.849058
v -0.845570 6.419635 0.846409
v -0.851332 6.419635 0.845497
v -0.857093 6.419635 0.846409
v -0.862291 6.419635 0.849058
v -0.866416 6.419635 0.853183
v -0.869065 6.419635 0.858380
v -0.869977 6.419635 0.864142
v -0.869065 6.419635 0.869904
v -0.866416 6.419635 0.875102
v -0.862291 6.419635 0.879227
v -0.857093 6.419635 0.881875
v -0.851332 6.419635 0.882788
v -0.845570 6.419635 0.881875
v -0.840372 6.419635 0.879227
v -0.836247 6.419635 0.875102
v -0.833599 6.419635 0.869904
v -0.832686 6.419635 0.864142
v -0.833599 6.612832 0.858380
v -0.836247 6.612832 0.853183
v -0.840372 6.612832 0.849058
v -0.845570 6.612832 0.846409
v -0.851332 6.612832 0.845497
v -0.857093 6.612832 0.846409
v -0.862291 6.612832 0.849058
v -0.866416 6.612832 0.853183
v -0.869065 6.612832 0.858380
v -0.869977 6.612832 0.864142
v -0.869065 6.612832 0.869904
v -0.866416 6.612832 0.875102
v -0.862291 6.612832 0.879227
v -0.857093 6.612832 0.881875
v -0.851332 6.612832 0.882788
v -0.845570 6.612832 0.881875
v -0.840372 6.612832 0.879227
v -0.836247 6.612832 0.875102
v -0.833599 6.612832 0.869904
v -0.832686 6.612832 0.864142
v -0.851332 6.419635 0.864142
v -0.851332 6.612832 0.864142
vt 0.648603 0.107966
vt 0.626409 0.064408
vt 0.591842 0.029841
vt 0.548284 0.007647
vt 0.500000 -0.000000
vt 0.451716 0.007647
vt 0.408159 0.029841
vt 0.373591 0.064409
vt 0.351397 0.107966
vt 0.343750 0.156250
vt 0.351397 0.204534
vt 0.373591 0.248091
vt 0.408159 0.282659
vt 0.451716 0.304853
vt 0.500000 0.312500
vt 0.548284 0.304853
vt 0.591841 0.282659
vt 0.626409 0.248091
vt 0.648603 0.204534
vt 0.656250 0.156250
vt 0.375000 0.312500
vt 0.387500 0.312500
vt 0.400000 0.312500
vt 0.412500 0.312500
vt 0.425000 0.312500
vt 0.437500 0.312500
vt 0.450000 0.312500
vt 0.462500 0.312500
vt 0.475000 0.312500
vt 0.487500 0.312500
vt 0.500000 0.312500
vt 0.512500 0.312500
vt 0.525000 0.312500
vt 0.537500 0.312500
vt 0.550000 0.312500
vt 0.562500 0.312500
vt 0.575000 0.312500
vt 0.587500 0.312500
vt 0.600000 0.312500
vt 0.612500 0.312500
vt 0.625000 0.312500
vt 0.375000 0.687500
vt 0.387500 0.687500
vt 0.400000 0.687500
vt 0.412500 0.687500
vt 0.425000 0.687500
vt 0.437500 0.687500
vt 0.450000 0.687500
vt 0.462500 0.687500
vt 0.475000 0.687500
vt 0.487500 0.687500
vt 0.500000 0.687500
vt 0.512500 0.687500
vt 0.525000 0.687500
vt 0.537500 0.687500
vt 0.550000 0.687500
vt 0.562500 0.687500
vt 0.575000 0.687500
vt 0.587500 0.687500
vt 0.600000 0.687500
vt 0.612500 0.687500
vt 0.625000 0.687500
vt 0.648603 0.795466
vt 0.626409 0.751908
vt 0.591842 0.717341
vt 0.548284 0.695147
vt 0.500000 0.687500
vt 0.451716 0.695147
vt 0.408159 0.717341
vt 0.373591 0.751909
vt 0.351397 0.795466
vt 0.343750 0.843750
vt 0.351397 0.892034
vt 0.373591 0.935591
vt 0.408159 0.970159
vt 0.451716 0.992353
vt 0.500000 1.000000
vt 0.548284 0.992353
vt 0.591841 0.970159
vt 0.626409 0.935591
vt 0.648603 0.892034
vt 0.656250 0.843750
vt 0.500000 0.156250
vt 0.500000 0.843750
vn 0.951057 0.000000 -0.309016
vn 0.809017 0.000000 -0.587785
vn 0.809017 0.000000 -0.587785
vn 0.951057 0.000000 -0.309016
vn 0.587785 0.000000 -0.809017
vn 0.587785 0.000000 -0.809017
vn 0.309017 0.000000 -0.951057
vn 0.309017 0.000000 -0.951057
vn -0.000000 0.000000 -1.000000
vn -0.000000 0.000000 -1.000000
vn -0.309017 0.000000 -0.951056
vn -0.309017 0.000000 -0.951056
vn -0.587785 0.000000 -0.809017
vn -0.587785 0.000000 -0.809017
vn -0.809017 0.000000 -0.587785
vn -0.809017 0.000000 -0.587785
vn -0.951057 0.000000 -0.309017
vn -0.951057 0.000000 -0.309017
vn -1.000000 0.000000 0.000000
vn -1.000000 0.000000 0.000000
vn -0.951056 0.000000 0.309017
vn -0.951056 0.000000 0.309017
vn -0.809017 0.000000 0.587785
vn -0.809017 0.000000 0.587785
vn -0.587785 0.000000 0.809017
vn -0.587785 0.000000 0.809017
vn -0.309017 0.000000 0.951057
vn -0.309017 0.000000 0.951057
vn 0.000000 0.000000 1.000000
vn 0.000000 0.000000 1.000000
vn 0.309017 0.000000 0.951056
vn 0.309017 0.000000 0.951056
vn 0.587785 0.000000 0.809017
vn 0.587785 0.000000 0.809017
vn 0.809017 0.000000 0.587785
vn 0.809017 0.000000 0.587785
vn 0.951057 0.000000 0.309017
vn 0.951057 0.000000 0.309017
vn 1.000000 0.000000 0.000001
vn 1.000000 0.000000 0.000001
vn 0.000000 -1.000000 0.000000
vn 0.000000 -1.000000 0.000000
vn 0.000000 -1.000000 0.000000
vn 0.000000 -1.000000 0.000000
vn 0.000000 -1.000000 0.000000
vn 0.000000 -1.000000 0.000000
vn 0.000000 -1.000000 0.000000
vn 0.000000 -1.000000 0.000000
vn 0.000000 -1.000000 0.000000
vn 0.000000 -1.000000 0.000000
vn 0.000000 -1.000000 0.000000
vn 0.000000 -1.000000 0.000000
vn 0.000000 -1.000000 0.000000
vn 0.000000 -1.000000 0.000000
vn 0.000000 -1.000000 0.000000
vn 0.000000 -1.000000 0.000000
vn 0.000000 -1.000000 0.000000
vn 0.000000 -1.000000 0.000000
vn 0.000000 -1.000000 0.000000
vn 0.000000 -1.000000 0.000000
vn 0.000000 -1.000000 0.000000
vn 0.000000 1.000000 0.000000
vn 0.000000 1.000000 0.000000
vn 0.000000 1.000000 0.000000
vn 0.000000 1.000000 0.000000
vn 0.000000 1.000000 0.000000
vn 0.000000 1.000000 0.000000
vn 0.000000 1.000000 0.000000
vn 0.000000 1.000000 0.000000
vn 0.000000 1.000000 0.000000
vn 0.000000 1.000000 0.000000
vn 0.000000 1.000000 0.000000
vn 0.000000 1.000000 0.000000
vn 0.000000 1.000000 0.000000
vn 0.000000 1.000000 0.000000
vn 0.000000 1.000000 0.000000
vn 0.000000 1.000000 0.000000
vn 0.000000 1.000000 0.000000
vn 0.000000 1.000000 0.000000
vn 0.000000 1.000000 0.000000
vn 0.000000 1.000000 0.000000
vn 0.000000 1.000000 0.000000
s 1
g lighthouse1 pCylinder10
usemtl initialShadingGroup
f 369/749/753 370/750/754 390/771/755 389/770/756
f 370/750/754 371/751/757 391/772/758 390/771/755
f 371/751/757 372/752/759 392/773/760 391/772/758
f 372/752/759 373/753/761 393/774/762 392/773/760
f 373/753/761 374/754/763 394/775/764 393/774/762
f 374/754/763 375/755/765 395/776/766 394/775/764
f 375/755/765 376/756/767 396/777/768 395/776/766
f 376/756/767 377/757/769 397/778/770 396/777/768
f 377/757/769 378/758/771 398/779/772 397/778/770
f 378/758/771 379/759/773 399/780/774 398/779/772
f 379/759/773 380/760/775 400/781/776 399/780/774
f 380/760/775 381/761/777 401/782/778 400/781/776
f 381/761/777 382/762/779 402/783/780 401/782/778
f 382/762/779 383/763/781 403/784/782 402/783/780
f 383/763/781 384/764/783 404/785/784 403/784/782
f 384/764/783 385/765/785 405/786/786 404/785/784
f 385/765/785 386/766/787 406/787/788 405/786/786
f 386/766/787 387/767/789 407/788/790 406/787/788
f 387/767/789 388/768/791 408/789/792 407/788/790
f 388/768/791 369/769/753 389/790/756 408/789/792
s 2
f 370/730/793 369/729/794 409/811/795
f 371/731/796 370/730/793 409/811/795
f 372/732/797 371/731/796 409/811/795
f 373/733/798 372/732/797 409/811/795
f 374/734/799 373/733/798 409/811/795
f 375/735/800 374/734/799 409/811/795
f 376/736/801 375/735/800 409/811/795
f 377/737/802 376/736/801 409/811/795
f 378/738/803 377/737/802 409/811/795
f 379/739/804 378/738/803 409/811/795
f 380/740/805 379/739/804 409/811/795
f 381/741/806 380/740/805 409/811/795
f 382/742/807 381/741/806 409/811/795
f 383/743/808 382/742/807 409/811/795
f 384/744/809 383/743/808 409/811/795
f 385/745/810 384/744/809 409/811/795
f 386/746/811 385/745/810 409/811/795
f 387/747/812 386/746/811 409/811/795
f 388/748/813 387/747/812 409/811/795
f 369/729/794 388/748/813 409/811/795
s 3
f 389/809/814 390/808/815 410/812/816
f 390/808/815 391/807/817 410/812/816
f 391/807/817 392/806/818 410/812/816
f 392/806/818 393/805/819 410/812/816
f 393/805/819 394/804/820 410/812/816
f 394/804/820 395/803/821 410/812/816
f 395/803/821 396/802/822 410/812/816
f 396/802/822 397/801/823 410/812/816
f 397/801/823 398/800/824 410/812/816
f 398/800/824 399/799/825 410/812/816
f 399/799/825 400/798/826 410/812/816
f 400/798/826 401/797/827 410/812/816
f 401/797/827 402/796/828 410/812/816
f 402/796/828 403/795/829 410/812/816
f 403/795/829 404/794/830 410/812/816
f 404/794/830 405/793/831 410/812/816
f 405/793/831 406/792/832 410/812/816
f 406/792/832 407/791/833 410/812/816
f 407/791/833 408/810/834 410/812/816
f 408/810/834 389/809/814 410/812/816
g default
v 0.336503 6.419635 1.177777
v 0.333854 6.419635 1.172579
v 0.329729 6.419635 1.168454
v 0.324531 6.419635 1.165806
v 0.318770 6.419635 1.164893
v 0.313008 6.419635 1.165806
v 0.307810 6.419635 1.168454
v 0.303685 6.419635 1.172579
v 0.301037 6.419635 1.177777
v 0.300124 6.419635 1.183539
v 0.301037 6.419635 1.189300
v 0.303685 6.419635 1.194498
v 0.307810 6.419635 1.198623
v 0.313008 6.419635 1.201271
v 0.318770 6.419635 1.202184
v 0.324531 6.419635 1.201271
v 0.329729 6.419635 1.198623
v 0.333854 6.419635 1.194498
v 0.336503 6.419635 1.189300
v 0.337415 6.419635 1.183539
v 0.336503 6.612832 1.177777
v 0.333854 6.612832 1.172579
v 0.329729 6.612832 1.168454
v 0.324531 6.612832 1.165806
v 0.318770 6.612832 1.164893
v 0.313008 6.612832 1.165806
v 0.307810 6.612832 1.168454
v 0.303685 6.612832 1.172579
v 0.301037 6.612832 1.177777
v 0.300124 6.612832 1.183539
v 0.301037 6.612832 1.189300
v 0.303685 6.612832 1.194498
v 0.307810 6.612832 1.198623
v 0.313008 6.612832 1.201271
v 0.318770 6.612832 1.202184
v 0.324531 6.612832 1.201271
v 0.329729 6.612832 1.198623
v 0.333854 6.612832 1.194498
v 0.336503 6.612832 1.189300
v 0.337415 6.612832 1.183539
v 0.318770 6.419635 1.183539
v 0.318770 6.612832 1.183539
vt 0.648603 0.107966
vt 0.626409 0.064408
vt 0.591842 0.029841
vt 0.548284 0.007647
vt 0.500000 -0.000000
vt 0.451716 0.007647
vt 0.408159 0.029841
vt 0.373591 0.064409
vt 0.351397 0.107966
vt 0.343750 0.156250
vt 0.351397 0.204534
vt 0.373591 0.248091
vt 0.408159 0.282659
vt 0.451716 0.304853
vt 0.500000 0.312500
vt 0.548284 0.304853
vt 0.591841 0.282659
vt 0.626409 0.248091
vt 0.648603 0.204534
vt 0.656250 0.156250
vt 0.375000 0.312500
vt 0.387500 0.312500
vt 0.400000 0.312500
vt 0.412500 0.312500
vt 0.425000 0.312500
vt 0.437500 0.312500
vt 0.450000 0.312500
vt 0.462500 0.312500
vt 0.475000 0.312500
vt 0.487500 0.312500
vt 0.500000 0.312500
vt 0.512500 0.312500
vt 0.525000 0.312500
vt 0.537500 0.312500
vt 0.550000 0.312500
vt 0.562500 0.312500
vt 0.575000 0.312500
vt 0.587500 0.312500
vt 0.600000 0.312500
vt 0.612500 0.312500
vt 0.625000 0.312500
vt 0.375000 0.687500
vt 0.387500 0.687500
vt 0.400000 0.687500
vt 0.412500 0.687500
vt 0.425000 0.687500
vt 0.437500 0.687500
vt 0.450000 0.687500
vt 0.462500 0.687500
vt 0.475000 0.687500
vt 0.487500 0.687500
vt 0.500000 0.687500
vt 0.512500 0.687500
vt 0.525000 0.687500
vt 0.537500 0.687500
vt 0.550000 0.687500
vt 0.562500 0.687500
vt 0.575000 0.687500
vt 0.587500 0.687500
vt 0.600000 0.687500
vt 0.612500 0.687500
vt 0.625000 0.687500
vt 0.648603 0.795466
vt 0.626409 0.751908
vt 0.591842 0.717341
vt 0.548284 0.695147
vt 0.500000 0.687500
vt 0.451716 0.695147
vt 0.408159 0.717341
vt 0.373591 0.751909
vt 0.351397 0.795466
vt 0.343750 0.843750
vt 0.351397 0.892034
vt 0.373591 0.935591
vt 0.408159 0.970159
vt 0.451716 0.992353
vt 0.500000 1.000000
vt 0.548284 0.992353
vt 0.591841 0.970159
vt 0.626409 0.935591
vt 0.648603 0.892034
vt 0.656250 0.843750
vt 0.500000 0.156250
vt 0.500000 0.843750
vn 0.951057 0.000000 -0.309016
vn 0.809017 0.000000 -0.587785
vn 0.809017 0.000000 -0.587785
vn 0.951057 0.000000 -0.309016
vn 0.587785 0.000000 -0.809017
vn 0.587785 0.000000 -0.809017
vn 0.309017 0.000000 -0.951057
vn 0.309017 0.000000 -0.951057
vn -0.000000 0.000000 -1.000000
vn -0.000000 0.000000 -1.000000
vn -0.309017 0.000000 -0.951056
vn -0.309017 0.000000 -0.951056
vn -0.587785 0.000000 -0.809017
vn -0.587785 0.000000 -0.809017
vn -0.809017 0.000000 -0.587785
vn -0.809017 0.000000 -0.587785
vn -0.951057 0.000000 -0.309017
vn -0.951057 0.000000 -0.309017
vn -1.000000 0.000000 0.000000
vn -1.000000 0.000000 0.000000
vn -0.951056 0.000000 0.309017
vn -0.951056 0.000000 0.309017
vn -0.809017 0.000000 0.587785
vn -0.809017 0.000000 0.587785
vn -0.587785 0.000000 0.809017
vn -0.587785 0.000000 0.809017
vn -0.309017 0.000000 0.951057
vn -0.309017 0.000000 0.951057
vn 0.000000 0.000000 1.000000
vn 0.000000 0.000000 1.000000
vn 0.309017 0.000000 0.951056
vn 0.309017 0.000000 0.951056
vn 0.587785 0.000000 0.809017
vn 0.587785 0.000000 0.809017
vn 0.809017 0.000000 0.587785
vn 0.809017 0.000000 0.587785
vn 0.951057 0.000000 0.309017
vn 0.951057 0.000000 0.309017
vn 1.000000 0.000000 0.000001
vn 1.000000 0.000000 0.000001
vn 0.000000 -1.000000 0.000000
vn 0.000000 -1.000000 0.000000
vn 0.000000 -1.000000 0.000000
vn 0.000000 -1.000000 0.000000
vn 0.000000 -1.000000 0.000000
vn 0.000000 -1.000000 0.000000
vn 0.000000 -1.000000 0.000000
vn 0.000000 -1.000000 0.000000
vn 0.000000 -1.000000 0.000000
vn 0.000000 -1.000000 0.000000
vn 0.000000 -1.000000 0.000000
vn 0.000000 -1.000000 0.000000
vn 0.000000 -1.000000 0.000000
vn 0.000000 -1.000000 0.000000
vn 0.000000 -1.000000 0.000000
vn 0.000000 -1.000000 0.000000
vn 0.000000 -1.000000 0.000000
vn 0.000000 -1.000000 0.000000
vn 0.000000 -1.000000 0.000000
vn 0.000000 -1.000000 0.000000
vn 0.000000 -1.000000 0.000000
vn 0.000000 1.000000 0.000000
vn 0.000000 1.000000 0.000000
vn 0.000000 1.000000 0.000000
vn 0.000000 1.000000 0.000000
vn 0.000000 1.000000 0.000000
vn 0.000000 1.000000 0.000000
vn 0.000000 1.000000 0.000000
vn 0.000000 1.000000 0.000000
vn 0.000000 1.000000 0.000000
vn 0.000000 1.000000 0.000000
vn 0.000000 1.000000 0.000000
vn 0.000000 1.000000 0.000000
vn 0.000000 1.000000 0.000000
vn 0.000000 1.000000 0.000000
vn 0.000000 1.000000 0.000000
vn 0.000000 1.000000 0.000000
vn 0.000000 1.000000 0.000000
vn 0.000000 1.000000 0.000000
vn 0.000000 1.000000 0.000000
vn 0.000000 1.000000 0.000000
vn 0.000000 1.000000 0.000000
s 1
g lighthouse1 pCylinder12
usemtl initialShadingGroup
f 411/833/835 412/834/836 432/855/837 431/854/838
f 412/834/836 413/835/839 433/856/840 432/855/837
f 413/835/839 414/836/841 434/857/842 433/856/840
f 414/836/841 415/837/843 435/858/844 434/857/842
f 415/837/843 416/838/845 436/859/846 435/858/844
f 416/838/845 417/839/847 437/860/848 436/859/846
f 417/839/847 418/840/849 438/861/850 437/860/848
f 418/840/849 419/841/851 439/862/852 438/861/850
f 419/841/851 420/842/853 440/863/854 439/862/852
f 420/842/853 421/843/855 441/864/856 440/863/854
f 421/843/855 422/844/857 442/865/858 441/864/856
f 422/844/857 423/845/859 443/866/860 442/865/858
f 423/845/859 424/846/861 444/867/862 443/866/860
f 424/846/861 425/847/863 445/868/864 444/867/862
f 425/847/863 426/848/865 446/869/866 445/868/864
f 426/848/865 427/849/867 447/870/868 446/869/866
f 427/849/867 428/850/869 448/871/870 447/870/868
f 428/850/869 429/851/871 449/872/872 448/871/870
f 429/851/871 430/852/873 450/873/874 449/872/872
f 430/852/873 411/853/835 431/874/838 450/873/874
s 2
f 412/814/875 411/813/876 451/895/877
f 413/815/878 412/814/875 451/895/877
f 414/816/879 413/815/878 451/895/877
f 415/817/880 414/816/879 451/895/877
f 416/818/881 415/817/880 451/895/877
f 417/819/882 416/818/881 451/895/877
f 418/820/883 417/819/882 451/895/877
f 419/821/884 418/820/883 451/895/877
f 420/822/885 419/821/884 451/895/877
f 421/823/886 420/822/885 451/895/877
f 422/824/887 421/823/886 451/895/877
f 423/825/888 422/824/887 451/895/877
f 424/826/889 423/825/888 451/895/877
f 425/827/890 424/826/889 451/895/877
f 426/828/891 425/827/890 451/895/877
f 427/829/892 426/828/891 451/895/877
f 428/830/893 427/829/892 451/895/877
f 429/831/894 428/830/893 451/895/877
f 430/832/895 429/831/894 451/895/877
f 411/813/876 430/832/895 451/895/877
s 3
f 431/893/896 432/892/897 452/896/898
f 432/892/897 433/891/899 452/896/898
f 433/891/899 434/890/900 452/896/898
f 434/890/900 435/889/901 452/896/898
f 435/889/901 436/888/902 452/896/898
f 436/888/902 437/887/903 452/896/898
f 437/887/903 438/886/904 452/896/898
f 438/886/904 439/885/905 452/896/898
f 439/885/905 440/884/906 452/896/898
f 440/884/906 441/883/907 452/896/898
f 441/883/907 442/882/908 452/896/898
f 442/882/908 443/881/909 452/896/898
f 443/881/909 444/880/910 452/896/898
f 444/880/910 445/879/911 452/896/898
f 445/879/911 446/878/912 452/896/898
f 446/878/912 447/877/913 452/896/898
f 447/877/913 448/876/914 452/896/898
f 448/876/914 449/875/915 452/896/898
f 449/875/915 450/894/916 452/896/898
f 450/894/916 431/893/896 452/896/898
g default
v 0.951057 6.000063 -0.309017
v 1.000000 6.000063 0.000000
v 0.951057 6.000063 -0.309017
v 1.000000 6.000063 0.000000
vt 0.612500 0.687500
vt 0.625000 0.687500
vt 0.612500 0.687500
vt 0.625000 0.687500
vn 0.000000 0.000000 0.000000
vn 0.000000 0.000000 0.000000
vn 0.000000 0.000000 0.000000
vn 0.000000 0.000000 0.000000
s off
g lighthouse1 pCylinder1
usemtl initialShadingGroup
f 453/898/917 454/897/918 456/899/919 455/900/920
g default
v 0.017733 6.419635 -1.220276
v 0.015084 6.419635 -1.225474
v 0.010960 6.419635 -1.229599
v 0.005762 6.419635 -1.232247
v 0.000000 6.419635 -1.233160
v -0.005762 6.419635 -1.232247
v -0.010960 6.419635 -1.229599
v -0.015084 6.419635 -1.225474
v -0.017733 6.419635 -1.220276
v -0.018645 6.419635 -1.214515
v -0.017733 6.419635 -1.208753
v -0.015084 6.419635 -1.203555
v -0.010960 6.419635 -1.199430
v -0.005762 6.419635 -1.196782
v -0.000000 6.419635 -1.195869
v 0.005762 6.419635 -1.196782
v 0.010960 6.419635 -1.199430
v 0.015084 6.419635 -1.203555
v 0.017733 6.419635 -1.208753
v 0.018645 6.419635 -1.214515
v 0.017733 6.612832 -1.220276
v 0.015084 6.612832 -1.225474
v 0.010960 6.612832 -1.229599
v 0.005762 6.612832 -1.232247
v 0.000000 6.612832 -1.233160
v -0.005762 6.612832 -1.232247
v -0.010960 6.612832 -1.229599
v -0.015084 6.612832 -1.225474
v -0.017733 6.612832 -1.220276
v -0.018645 6.612832 -1.214515
v -0.017733 6.612832 -1.208753
v -0.015084 6.612832 -1.203555
v -0.010960 6.612832 -1.199430
v -0.005762 6.612832 -1.196782
v -0.000000 6.612832 -1.195869
v 0.005762 6.612832 -1.196782
v 0.010960 6.612832 -1.199430
v 0.015084 6.612832 -1.203555
v 0.017733 6.612832 -1.208753
v 0.018645 6.612832 -1.214515
v 0.000000 6.419635 -1.214515
v 0.000000 6.612832 -1.214515
vt 0.648603 0.107966
vt 0.626409 0.064408
vt 0.591842 0.029841
vt 0.548284 0.007647
vt 0.500000 -0.000000
vt 0.451716 0.007647
vt 0.408159 0.029841
vt 0.373591 0.064409
vt 0.351397 0.107966
vt 0.343750 0.156250
vt 0.351397 0.204534
vt 0.373591 0.248091
vt 0.408159 0.282659
vt 0.451716 0.304853
vt 0.500000 0.312500
vt 0.548284 0.304853
vt 0.591841 0.282659
vt 0.626409 0.248091
vt 0.648603 0.204534
vt 0.656250 0.156250
vt 0.375000 0.312500
vt 0.387500 0.312500
vt 0.400000 0.312500
vt 0.412500 0.312500
vt 0.425000 0.312500
vt 0.437500 0.312500
vt 0.450000 0.312500
vt 0.462500 0.312500
vt 0.475000 0.312500
vt 0.487500 0.312500
vt 0.500000 0.312500
vt 0.512500 0.312500
vt 0.525000 0.312500
vt 0.537500 0.312500
vt 0.550000 0.312500
vt 0.562500 0.312500
vt 0.575000 0.312500
vt 0.587500 0.312500
vt 0.600000 0.312500
vt 0.612500 0.312500
vt 0.625000 0.312500
vt 0.375000 0.687500
vt 0.387500 0.687500
vt 0.400000 0.687500
vt 0.412500 0.687500
vt 0.425000 0.687500
vt 0.437500 0.687500
vt 0.450000 0.687500
vt 0.462500 0.687500
vt 0.475000 0.687500
vt 0.487500 0.687500
vt 0.500000 0.687500
vt 0.512500 0.687500
vt 0.525000 0.687500
vt 0.537500 0.687500
vt 0.550000 0.687500
vt 0.562500 0.687500
vt 0.575000 0.687500
vt 0.587500 0.687500
vt 0.600000 0.687500
vt 0.612500 0.687500
vt 0.625000 0.687500
vt 0.648603 0.795466
vt 0.626409 0.751908
vt 0.591842 0.717341
vt 0.548284 0.695147
vt 0.500000 0.687500
vt 0.451716 0.695147
vt 0.408159 0.717341
vt 0.373591 0.751909
vt 0.351397 0.795466
vt 0.343750 0.843750
vt 0.351397 0.892034
vt 0.373591 0.935591
vt 0.408159 0.970159
vt 0.451716 0.992353
vt 0.500000 1.000000
vt 0.548284 0.992353
vt 0.591841 0.970159
vt 0.626409 0.935591
vt 0.648603 0.892034
vt 0.656250 0.843750
vt 0.500000 0.156250
vt 0.500000 0.843750
vn 0.951057 0.000000 -0.309016
vn 0.809017 0.000000 -0.587785
vn 0.809017 0.000000 -0.587785
vn 0.951057 0.000000 -0.309016
vn 0.587785 0.000000 -0.809017
vn 0.587785 0.000000 -0.809017
vn 0.309017 0.000000 -0.951057
vn 0.309017 0.000000 -0.951057
vn -0.000000 0.000000 -1.000000
vn -0.000000 0.000000 -1.000000
vn -0.309017 0.000000 -0.951056
vn -0.309017 0.000000 -0.951056
vn -0.587785 0.000000 -0.809017
vn -0.587785 0.000000 -0.809017
vn -0.809017 0.000000 -0.587785
vn -0.809017 0.000000 -0.587785
vn -0.951057 0.000000 -0.309017
vn -0.951057 0.000000 -0.309017
vn -1.000000 0.000000 0.000000
vn -1.000000 0.000000 0.000000
vn -0.951056 0.000000 0.309017
vn -0.951056 0.000000 0.309017
vn -0.809017 0.000000 0.587785
vn -0.809017 0.000000 0.587785
vn -0.587785 0.000000 0.809017
vn -0.587785 0.000000 0.809017
vn -0.309017 0.000000 0.951057
vn -0.309017 0.000000 0.951057
vn 0.000000 0.000000 1.000000
vn 0.000000 0.000000 1.000000
vn 0.309017 0.000000 0.951056
vn 0.309017 0.000000 0.951056
vn 0.587785 0.000000 0.809017
vn 0.587785 0.000000 0.809017
vn 0.809017 0.000000 0.587785
vn 0.809017 0.000000 0.587785
vn 0.951057 0.000000 0.309017
vn 0.951057 0.000000 0.309017
vn 1.000000 0.000000 0.000001
vn 1.000000 0.000000 0.000001
vn 0.000000 -1.000000 0.000000
vn 0.000000 -1.000000 0.000000
vn 0.000000 -1.000000 0.000000
vn 0.000000 -1.000000 0.000000
vn 0.000000 -1.000000 0.000000
vn 0.000000 -1.000000 0.000000
vn 0.000000 -1.000000 0.000000
vn 0.000000 -1.000000 0.000000
vn 0.000000 -1.000000 0.000000
vn 0.000000 -1.000000 0.000000
vn 0.000000 -1.000000 0.000000
vn 0.000000 -1.000000 0.000000
vn 0.000000 -1.000000 0.000000
vn 0.000000 -1.000000 0.000000
vn 0.000000 -1.000000 0.000000
vn 0.000000 -1.000000 0.000000
vn 0.000000 -1.000000 0.000000
vn 0.000000 -1.000000 0.000000
vn 0.000000 -1.000000 0.000000
vn 0.000000 -1.000000 0.000000
vn 0.000000 -1.000000 0.000000
vn 0.000000 1.000000 0.000000
vn 0.000000 1.000000 0.000000
vn 0.000000 1.000000 0.000000
vn 0.000000 1.000000 0.000000
vn 0.000000 1.000000 0.000000
vn 0.000000 1.000000 0.000000
vn 0.000000 1.000000 0.000000
vn 0.000000 1.000000 0.000000
vn 0.000000 1.000000 0.000000
vn 0.000000 1.000000 0.000000
vn 0.000000 1.000000 0.000000
vn 0.000000 1.000000 0.000000
vn 0.000000 1.000000 0.000000
vn 0.000000 1.000000 0.000000
vn 0.000000 1.000000 0.000000
vn 0.000000 1.000000 0.000000
vn 0.000000 1.000000 0.000000
vn 0.000000 1.000000 0.000000
vn 0.000000 1.000000 0.000000
vn 0.000000 1.000000 0.000000
vn 0.000000 1.000000 0.000000
s 1
g lighthouse1 pCylinder5
usemtl initialShadingGroup
f 457/921/921 458/922/922 478/943/923 477/942/924
f 458/922/922 459/923/925 479/944/926 478/943/923
f 459/923/925 460/924/927 480/945/928 479/944/926
f 460/924/927 461/925/929 481/946/930 480/945/928
f 461/925/929 462/926/931 482/947/932 481/946/930
f 462/926/931 463/927/933 483/948/934 482/947/932
f 463/927/933 464/928/935 484/949/936 483/948/934
f 464/928/935 465/929/937 485/950/938 484/949/936
f 465/929/937 466/930/939 486/951/940 485/950/938
f 466/930/939 467/931/941 487/952/942 486/951/940
f 467/931/941 468/932/943 488/953/944 487/952/942
f 468/932/943 469/933/945 489/954/946 488/953/944
f 469/933/945 470/934/947 490/955/948 489/954/946
f 470/934/947 471/935/949 491/956/950 490/955/948
f 471/935/949 472/936/951 492/957/952 491/956/950
f 472/936/951 473/937/953 493/958/954 492/957/952
f 473/937/953 474/938/955 494/959/956 493/958/954
f 474/938/955 475/939/957 495/960/958 494/959/956
f 475/939/957 476/940/959 496/961/960 495/960/958
f 476/940/959 457/941/921 477/962/924 496/961/960
s 2
f 458/902/961 457/901/962 497/983/963
f 459/903/964 458/902/961 497/983/963
f 460/904/965 459/903/964 497/983/963
f 461/905/966 460/904/965 497/983/963
f 462/906/967 461/905/966 497/983/963
f 463/907/968 462/906/967 497/983/963
f 464/908/969 463/907/968 497/983/963
f 465/909/970 464/908/969 497/983/963
f 466/910/971 465/909/970 497/983/963
f 467/911/972 466/910/971 497/983/963
f 468/912/973 467/911/972 497/983/963
f 469/913/974 468/912/973 497/983/963
f 470/914/975 469/913/974 497/983/963
f 471/915/976 470/914/975 497/983/963
f 472/916/977 471/915/976 497/983/963
f 473/917/978 472/916/977 497/983/963
f 474/918/979 473/917/978 497/983/963
f 475/919/980 474/918/979 497/983/963
f 476/920/981 475/919/980 497/983/963
f 457/901/962 476/920/981 497/983/963
s 3
f 477/981/982 478/980/983 498/984/984
f 478/980/983 479/979/985 498/984/984
f 479/979/985 480/978/986 498/984/984
f 480/978/986 481/977/987 498/984/984
f 481/977/987 482/976/988 498/984/984
f 482/976/988 483/975/989 498/984/984
f 483/975/989 484/974/990 498/984/984
f 484/974/990 485/973/991 498/984/984
f 485/973/991 486/972/992 498/984/984
f 486/972/992 487/971/993 498/984/984
f 487/971/993 488/970/994 498/984/984
f 488/970/994 489/969/995 498/984/984
f 489/969/995 490/968/996 498/984/984
f 490/968/996 491/967/997 498/984/984
f 491/967/997 492/966/998 498/984/984
f 492/966/998 493/965/999 498/984/984
f 493/965/999 494/964/1000 498/984/984
f 494/964/1000 495/963/1001 498/984/984
f 495/963/1001 496/982/1002 498/984/984
f 496/982/1002 477/981/982 498/984/984
g default
v 1.190463 7.225647 -0.386805
v 1.012668 7.225647 -0.735747
v 0.735747 7.225647 -1.012668
v 0.386805 7.225647 -1.190463
v 0.000000 7.225647 -1.251727
v -0.386805 7.225647 -1.190463
v -0.735747 7.225647 -1.012668
v -1.012668 7.225647 -0.735746
v -1.190463 7.225647 -0.386805
v -1.251727 7.225647 0.000000
v -1.190463 7.225647 0.386805
v -1.012668 7.225647 0.735746
v -0.735746 7.225647 1.012668
v -0.386805 7.225647 1.190463
v -0.000000 7.225647 1.251726
v 0.386805 7.225647 1.190463
v 0.735746 7.225647 1.012668
v 1.012668 7.225647 0.735746
v 1.190462 7.225647 0.386805
v 1.251726 7.225647 0.000000
v 0.000000 8.005894 0.000000
vt 0.737764 0.172746
vt 0.702254 0.103054
vt 0.646946 0.047746
vt 0.577254 0.012236
vt 0.500000 -0.000000
vt 0.422746 0.012236
vt 0.353054 0.047746
vt 0.297746 0.103054
vt 0.262236 0.172746
vt 0.250000 0.250000
vt 0.262236 0.327254
vt 0.297746 0.396946
vt 0.353054 0.452254
vt 0.422746 0.487764
vt 0.500000 0.500000
vt 0.577254 0.487764
vt 0.646946 0.452254
vt 0.702254 0.396946
vt 0.737764 0.327254
vt 0.750000 0.250000
vt 0.250000 0.500000
vt 0.275000 0.500000
vt 0.300000 0.500000
vt 0.325000 0.500000
vt 0.350000 0.500000
vt 0.375000 0.500000
vt 0.400000 0.500000
vt 0.425000 0.500000
vt 0.450000 0.500000
vt 0.475000 0.500000
vt 0.500000 0.500000
vt 0.525000 0.500000
vt 0.550000 0.500000
vt 0.575000 0.500000
vt 0.600000 0.500000
vt 0.625000 0.500000
vt 0.650000 0.500000
vt 0.675000 0.500000
vt 0.700000 0.500000
vt 0.725000 0.500000
vt 0.750000 0.500000
vt 0.500000 1.000000
vn 0.000000 -1.000000 -0.000000
vn 0.000000 -1.000000 -0.000000
vn 0.000000 -1.000000 -0.000000
vn 0.000000 -1.000000 -0.000000
vn 0.000000 -1.000000 -0.000000
vn 0.000000 -1.000000 -0.000000
vn 0.000000 -1.000000 -0.000000
vn 0.000000 -1.000000 -0.000000
vn 0.000000 -1.000000 -0.000000
vn 0.000000 -1.000000 -0.000000
vn 0.000000 -1.000000 -0.000000
vn 0.000000 -1.000000 -0.000000
vn 0.000000 -1.000000 -0.000000
vn 0.000000 -1.000000 -0.000000
vn 0.000000 -1.000000 -0.000000
vn 0.000000 -1.000000 -0.000000
vn 0.000000 -1.000000 -0.000000
vn 0.000000 -1.000000 -0.000000
vn 0.000000 -1.000000 -0.000000
vn 0.000000 -1.000000 -0.000000
vn 0.503093 0.848632 -0.163464
vn 0.427957 0.848632 -0.310929
vn -0.000000 1.000000 -0.000000
vn 0.310929 0.848632 -0.427957
vn 0.163465 0.848632 -0.503093
vn -0.000000 0.848632 -0.528984
vn -0.163465 0.848632 -0.503093
vn -0.310929 0.848632 -0.427957
vn -0.427957 0.848632 -0.310929
vn -0.503093 0.848632 -0.163465
vn -0.528984 0.848632 0.000000
vn -0.503093 0.848632 0.163465
vn -0.427957 0.848632 0.310929
vn -0.310929 0.848632 0.427957
vn -0.163465 0.848632 0.503093
vn 0.000000 0.848632 0.528984
vn 0.163465 0.848632 0.503093
vn 0.310929 0.848632 0.427957
vn 0.427957 0.848632 0.310929
vn 0.503094 0.848632 0.163465
vn 0.528984 0.848632 0.000000
s off
g lighthouse1 pCone1
usemtl initialShadingGroup
f 499/985/1003 518/1004/1004 517/1003/1005 516/1002/1006 515/1001/1007 514/1000/1008 513/999/1009 512/998/1010 511/997/1011 510/996/1012 509/995/1013 508/994/1014 507/993/1015 506/992/1016 505/991/1017 504/990/1018 503/989/1019 502/988/1020 501/987/1021 500/986/1022
s 1
f 499/1005/1023 500/1006/1024 519/1026/1025
f 500/1006/1024 501/1007/1026 519/1026/1025
f 501/1007/1026 502/1008/1027 519/1026/1025
f 502/1008/1027 503/1009/1028 519/1026/1025
f 503/1009/1028 504/1010/1029 519/1026/1025
f 504/1010/1029 505/1011/1030 519/1026/1025
f 505/1011/1030 506/1012/1031 519/1026/1025
f 506/1012/1031 507/1013/1032 519/1026/1025
f 507/1013/1032 508/1014/1033 519/1026/1025
f 508/1014/1033 509/1015/1034 519/1026/1025
f 509/1015/1034 510/1016/1035 519/1026/1025
f 510/1016/1035 511/1017/1036 519/1026/1025
f 511/1017/1036 512/1018/1037 519/1026/1025
f 512/1018/1037 513/1019/1038 519/1026/1025
f 513/1019/1038 514/1020/1039 519/1026/1025
f 514/1020/1039 515/1021/1040 519/1026/1025
f 515/1021/1040 516/1022/1041 519/1026/1025
f 516/1022/1041 517/1023/1042 519/1026/1025
f 517/1023/1042 518/1024/1043 519/1026/1025
f 518/1024/1043 499/1025/1023 519/1026/1025
g default
v 1.100231 6.617703 -0.355551
v 0.935465 6.617703 -0.678922
v 0.678836 6.617703 -0.935551
v 0.355464 6.617703 -1.100317
v -0.002996 6.617703 -1.157091
v -0.361456 6.617703 -1.100317
v -0.684827 6.617703 -0.935551
v -0.941456 6.617703 -0.678922
v -1.106222 6.617703 -0.355551
v -1.162996 6.617703 0.002909
v -1.106222 6.617703 0.361369
v -0.941456 6.617703 0.684740
v -0.684827 6.617703 0.941369
v -0.361455 6.617703 1.106135
v -0.002996 6.617703 1.162910
v 0.355464 6.617703 1.106135
v 0.678835 6.617703 0.941369
v 0.935464 6.617703 0.684740
v 1.100230 6.617703 0.361369
v 1.157004 6.617703 0.002909
v 1.102807 6.619631 -0.356388
v 0.937657 6.619631 -0.680515
v 0.680428 6.619631 -0.937743
v 0.356301 6.619631 -1.102894
v -0.002996 6.619631 -1.159801
v -0.362293 6.619631 -1.102893
v -0.686419 6.619631 -0.937743
v -0.943647 6.619631 -0.680514
v -1.108798 6.619631 -0.356388
v -1.165705 6.619631 0.002909
v -1.108798 6.619631 0.362206
v -0.943647 6.619631 0.686333
v -0.686419 6.619631 0.943561
v -0.362293 6.619631 1.108712
v -0.002996 6.619631 1.165619
v 0.356301 6.619631 1.108711
v 0.680428 6.619631 0.943561
v 0.937656 6.619631 0.686333
v 1.102807 6.619631 0.362206
v 1.159714 6.619631 0.002909
v 1.110258 6.621349 -0.358809
v 0.943994 6.621349 -0.685119
v 0.685033 6.621349 -0.944080
v 0.358722 6.621349 -1.110344
v -0.002996 6.621349 -1.167634
v -0.364713 6.621349 -1.110344
v -0.691024 6.621349 -0.944080
v -0.949985 6.621349 -0.685119
v -1.116248 6.621349 -0.358808
v -1.173539 6.621349 0.002909
v -1.116248 6.621349 0.364627
v -0.949985 6.621349 0.690937
v -0.691024 6.621349 0.949898
v -0.364713 6.621349 1.116162
v -0.002996 6.621349 1.173452
v 0.358722 6.621349 1.116162
v 0.685032 6.621349 0.949898
v 0.943993 6.621349 0.690937
v 1.110257 6.621349 0.364627
v 1.167547 6.621349 0.002909
v 1.121775 6.622673 -0.362551
v 0.953791 6.622673 -0.692237
v 0.692151 6.622673 -0.953877
v 0.362464 6.622673 -1.121861
v -0.002996 6.622673 -1.179744
v -0.368456 6.622673 -1.121861
v -0.698142 6.622673 -0.953877
v -0.959782 6.622673 -0.692237
v -1.127765 6.622673 -0.362551
v -1.185648 6.622673 0.002909
v -1.127765 6.622673 0.368369
v -0.959782 6.622673 0.698055
v -0.698142 6.622673 0.959695
v -0.368455 6.622673 1.127679
v -0.002996 6.622673 1.185562
v 0.362464 6.622673 1.127679
v 0.692150 6.622673 0.959695
v 0.953790 6.622673 0.698055
v 1.121774 6.622673 0.368369
v 1.179657 6.622673 0.002909
v 1.136110 6.623458 -0.367209
v 0.965986 6.623458 -0.701097
v 0.701010 6.623458 -0.966072
v 0.367122 6.623458 -1.136196
v -0.002996 6.623458 -1.194817
v -0.373113 6.623458 -1.136196
v -0.707001 6.623458 -0.966072
v -0.971976 6.623458 -0.701097
v -1.142101 6.623458 -0.367208
v -1.200722 6.623458 0.002909
v -1.142101 6.623458 0.373027
v -0.971976 6.623458 0.706915
v -0.707001 6.623458 0.971890
v -0.373113 6.623458 1.142014
v -0.002996 6.623458 1.200635
v 0.367122 6.623458 1.142014
v 0.701010 6.623458 0.971890
v 0.965985 6.623458 0.706915
v 1.136109 6.623458 0.373027
v 1.194730 6.623458 0.002909
v 1.151710 6.623619 -0.372277
v 0.979256 6.623619 -0.710738
v 0.710652 6.623619 -0.979342
v 0.372191 6.623619 -1.151797
v -0.002996 6.623619 -1.211220
v -0.378182 6.623619 -1.151797
v -0.716643 6.623619 -0.979342
v -0.985247 6.623619 -0.710738
v -1.157701 6.623619 -0.372277
v -1.217125 6.623619 0.002909
v -1.157701 6.623619 0.378096
v -0.985247 6.623619 0.716557
v -0.716643 6.623619 0.985160
v -0.378182 6.623619 1.157615
v -0.002996 6.623619 1.217038
v 0.372191 6.623619 1.157615
v 0.710651 6.623619 0.985160
v 0.979255 6.623619 0.716556
v 1.151710 6.623619 0.378096
v 1.211133 6.623619 0.002909
v 1.166885 6.623139 -0.377208
v 0.992165 6.623139 -0.720117
v 0.720030 6.623139 -0.992251
v 0.377122 6.623139 -1.166972
v -0.002996 6.623139 -1.227176
v -0.383113 6.623139 -1.166971
v -0.726022 6.623139 -0.992251
v -0.998155 6.623139 -0.720117
v -1.172876 6.623139 -0.377208
v -1.233081 6.623139 0.002909
v -1.172876 6.623139 0.383026
v -0.998155 6.623139 0.725935
v -0.726021 6.623139 0.998069
v -0.383113 6.623139 1.172790
v -0.002996 6.623139 1.232994
v 0.377121 6.623139 1.172790
v 0.720030 6.623139 0.998069
v 0.992164 6.623139 0.725935
v 1.166885 6.623139 0.383026
v 1.227089 6.623139 0.002909
v 1.179990 6.622071 -0.381466
v 1.003312 6.622071 -0.728216
v 0.728130 6.622071 -1.003398
v 0.381380 6.622071 -1.180076
v -0.002996 6.622071 -1.240955
v -0.387371 6.622071 -1.180076
v -0.734121 6.622071 -1.003398
v -1.009303 6.622071 -0.728216
v -1.185981 6.622071 -0.381466
v -1.246860 6.622071 0.002909
v -1.185981 6.622071 0.387284
v -1.009303 6.622071 0.734034
v -0.734121 6.622071 1.009217
v -0.387371 6.622071 1.185894
v -0.002996 6.622071 1.246773
v 0.381379 6.622071 1.185894
v 0.728129 6.622071 1.009217
v 1.003312 6.622071 0.734034
v 1.179989 6.622071 0.387284
v 1.240868 6.622071 0.002909
v 1.189605 6.620529 -0.384590
v 1.011491 6.620529 -0.734158
v 0.734072 6.620529 -1.011577
v 0.384504 6.620529 -1.189691
v -0.002996 6.620529 -1.251065
v -0.390495 6.620529 -1.189691
v -0.740063 6.620529 -1.011577
v -1.017482 6.620529 -0.734158
v -1.195596 6.620529 -0.384590
v -1.256970 6.620529 0.002909
v -1.195596 6.620529 0.390409
v -1.017482 6.620529 0.739977
v -0.740063 6.620529 1.017395
v -0.390495 6.620529 1.195509
v -0.002996 6.620529 1.256883
v 0.384504 6.620529 1.195509
v 0.734072 6.620529 1.017395
v 1.011490 6.620529 0.739977
v 1.189604 6.620529 0.390408
v 1.250978 6.620529 0.002909
v 1.194688 6.618680 -0.386242
v 1.015815 6.618680 -0.737300
v 0.737213 6.618680 -1.015901
v 0.386155 6.618680 -1.194774
v -0.002996 6.618680 -1.256409
v -0.392147 6.618680 -1.194774
v -0.743205 6.618680 -1.015901
v -1.021806 6.618680 -0.737300
v -1.200679 6.618680 -0.386242
v -1.262314 6.618680 0.002909
v -1.200679 6.618680 0.392060
v -1.021806 6.618680 0.743118
v -0.743204 6.618680 1.021719
v -0.392146 6.618680 1.200592
v -0.002996 6.618680 1.262228
v 0.386155 6.618680 1.200592
v 0.737213 6.618680 1.021719
v 1.015814 6.618680 0.743118
v 1.194687 6.618680 0.392060
v 1.256323 6.618680 0.002909
v 1.194688 6.616726 -0.386242
v 1.015815 6.616726 -0.737300
v 0.737213 6.616726 -1.015901
v 0.386155 6.616726 -1.194774
v -0.002996 6.616726 -1.256409
v -0.392147 6.616726 -1.194774
v -0.743205 6.616726 -1.015901
v -1.021806 6.616726 -0.737300
v -1.200679 6.616726 -0.386242
v -1.262314 6.616726 0.002909
v -1.200679 6.616726 0.392060
v -1.021806 6.616726 0.743118
v -0.743204 6.616726 1.021719
v -0.392146 6.616726 1.200592
v -0.002996 6.616726 1.262228
v 0.386155 6.616726 1.200592
v 0.737213 6.616726 1.021719
v 1.015814 6.616726 0.743118
v 1.194687 6.616726 0.392060
v 1.256323 6.616726 0.002909
v 1.189605 6.614878 -0.384590
v 1.011491 6.614878 -0.734158
v 0.734072 6.614878 -1.011577
v 0.384504 6.614878 -1.189691
v -0.002996 6.614878 -1.251065
v -0.390495 6.614878 -1.189691
v -0.740063 6.614878 -1.011577
v -1.017482 6.614878 -0.734158
v -1.195596 6.614878 -0.384590
v -1.256970 6.614878 0.002909
v -1.195596 6.614878 0.390409
v -1.017482 6.614878 0.739977
v -0.740063 6.614878 1.017395
v -0.390495 6.614878 1.195509
v -0.002996 6.614878 1.256883
v 0.384504 6.614878 1.195509
v 0.734072 6.614878 1.017395
v 1.011490 6.614878 0.739977
v 1.189604 6.614878 0.390408
v 1.250978 6.614878 0.002909
v 1.179990 6.613336 -0.381466
v 1.003312 6.613336 -0.728216
v 0.728130 6.613336 -1.003398
v 0.381380 6.613336 -1.180076
v -0.002996 6.613336 -1.240955
v -0.387371 6.613336 -1.180076
v -0.734121 6.613336 -1.003398
v -1.009303 6.613336 -0.728216
v -1.185981 6.613336 -0.381466
v -1.246860 6.613336 0.002909
v -1.185981 6.613336 0.387284
v -1.009303 6.613336 0.734034
v -0.734121 6.613336 1.009217
v -0.387371 6.613336 1.185894
v -0.002996 6.613336 1.246773
v 0.381379 6.613336 1.185894
v 0.728129 6.613336 1.009217
v 1.003312 6.613336 0.734034
v 1.179989 6.613336 0.387284
v 1.240868 6.613336 0.002909
v 1.166885 6.612268 -0.377208
v 0.992165 6.612268 -0.720117
v 0.720030 6.612268 -0.992251
v 0.377122 6.612268 -1.166972
v -0.002996 6.612268 -1.227176
v -0.383113 6.612268 -1.166971
v -0.726022 6.612268 -0.992251
v -0.998155 6.612268 -0.720117
v -1.172876 6.612268 -0.377208
v -1.233081 6.612268 0.002909
v -1.172876 6.612268 0.383026
v -0.998155 6.612268 0.725935
v -0.726021 6.612268 0.998069
v -0.383113 6.612268 1.172790
v -0.002996 6.612268 1.232994
v 0.377121 6.612268 1.172790
v 0.720030 6.612268 0.998069
v 0.992164 6.612268 0.725935
v 1.166885 6.612268 0.383026
v 1.227089 6.612268 0.002909
v 1.151710 6.611788 -0.372277
v 0.979256 6.611788 -0.710738
v 0.710652 6.611788 -0.979342
v 0.372191 6.611788 -1.151797
v -0.002996 6.611788 -1.211220
v -0.378182 6.611788 -1.151797
v -0.716643 6.611788 -0.979342
v -0.985247 6.611788 -0.710738
v -1.157701 6.611788 -0.372277
v -1.217125 6.611788 0.002909
v -1.157701 6.611788 0.378096
v -0.985247 6.611788 0.716557
v -0.716643 6.611788 0.985160
v -0.378182 6.611788 1.157615
v -0.002996 6.611788 1.217038
v 0.372191 6.611788 1.157615
v 0.710651 6.611788 0.985160
v 0.979255 6.611788 0.716556
v 1.151710 6.611788 0.378096
v 1.211133 6.611788 0.002909
v 1.136110 6.611949 -0.367209
v 0.965986 6.611949 -0.701097
v 0.701010 6.611949 -0.966072
v 0.367122 6.611949 -1.136196
v -0.002996 6.611949 -1.194817
v -0.373113 6.611949 -1.136196
v -0.707001 6.611949 -0.966072
v -0.971976 6.611949 -0.701097
v -1.142101 6.611949 -0.367208
v -1.200722 6.611949 0.002909
v -1.142101 6.611949 0.373027
v -0.971976 6.611949 0.706915
v -0.707001 6.611949 0.971890
v -0.373113 6.611949 1.142014
v -0.002996 6.611949 1.200635
v 0.367122 6.611949 1.142014
v 0.701010 6.611949 0.971890
v 0.965985 6.611949 0.706915
v 1.136109 6.611949 0.373027
v 1.194730 6.611949 0.002909
v 1.121775 6.612734 -0.362551
v 0.953791 6.612734 -0.692237
v 0.692151 6.612734 -0.953877
v 0.362464 6.612734 -1.121861
v -0.002996 6.612734 -1.179744
v -0.368456 6.612734 -1.121861
v -0.698142 6.612734 -0.953877
v -0.959782 6.612734 -0.692237
v -1.127765 6.612734 -0.362551
v -1.185649 6.612734 0.002909
v -1.127765 6.612734 0.368369
v -0.959782 6.612734 0.698055
v -0.698142 6.612734 0.959695
v -0.368455 6.612734 1.127679
v -0.002996 6.612734 1.185562
v 0.362464 6.612734 1.127679
v 0.692150 6.612734 0.959695
v 0.953790 6.612734 0.698055
v 1.121774 6.612734 0.368369
v 1.179657 6.612734 0.002909
v 1.110258 6.614058 -0.358809
v 0.943994 6.614058 -0.685119
v 0.685033 6.614058 -0.944081
v 0.358722 6.614058 -1.110344
v -0.002996 6.614058 -1.167634
v -0.364714 6.614058 -1.110344
v -0.691024 6.614058 -0.944080
v -0.949985 6.614058 -0.685119
v -1.116248 6.614058 -0.358809
v -1.173539 6.614058 0.002909
v -1.116248 6.614058 0.364627
v -0.949985 6.614058 0.690937
v -0.691024 6.614058 0.949899
v -0.364713 6.614058 1.116162
v -0.002996 6.614058 1.173452
v 0.358722 6.614058 1.116162
v 0.685032 6.614058 0.949898
v 0.943994 6.614058 0.690937
v 1.110257 6.614058 0.364627
v 1.167547 6.614058 0.002909
v 1.102807 6.615776 -0.356388
v 0.937657 6.615776 -0.680515
v 0.680428 6.615776 -0.937743
v 0.356301 6.615776 -1.102894
v -0.002996 6.615776 -1.159801
v -0.362293 6.615776 -1.102893
v -0.686419 6.615776 -0.937743
v -0.943647 6.615776 -0.680514
v -1.108798 6.615776 -0.356388
v -1.165705 6.615776 0.002909
v -1.108798 6.615776 0.362206
v -0.943647 6.615776 0.686333
v -0.686419 6.615776 0.943561
v -0.362293 6.615776 1.108712
v -0.002996 6.615776 1.165619
v 0.356301 6.615776 1.108711
v 0.680428 6.615776 0.943561
v 0.937656 6.615776 0.686333
v 1.102806 6.615776 0.362206
v 1.159714 6.615776 0.002909
vt 0.000000 1.000000
vt 0.050000 1.000000
vt 0.100000 1.000000
vt 0.150000 1.000000
vt 0.200000 1.000000
vt 0.250000 1.000000
vt 0.300000 1.000000
vt 0.350000 1.000000
vt 0.400000 1.000000
vt 0.450000 1.000000
vt 0.500000 1.000000
vt 0.550000 1.000000
vt 0.600000 1.000000
vt 0.650000 1.000000
vt 0.700000 1.000000
vt 0.750000 1.000000
vt 0.800000 1.000000
vt 0.850000 1.000000
vt 0.900000 1.000000
vt 0.950000 1.000000
vt 1.000000 1.000000
vt 0.000000 0.947368
vt 0.050000 0.947368
vt 0.100000 0.947368
vt 0.150000 0.947368
vt 0.200000 0.947368
vt 0.250000 0.947368
vt 0.300000 0.947368
vt 0.350000 0.947368
vt 0.400000 0.947368
vt 0.450000 0.947368
vt 0.500000 0.947368
vt 0.550000 0.947368
vt 0.600000 0.947368
vt 0.650000 0.947368
vt 0.700000 0.947368
vt 0.750000 0.947368
vt 0.800000 0.947368
vt 0.850000 0.947368
vt 0.900000 0.947368
vt 0.950000 0.947368
vt 1.000000 0.947368
vt 0.000000 0.894737
vt 0.050000 0.894737
vt 0.100000 0.894737
vt 0.150000 0.894737
vt 0.200000 0.894737
vt 0.250000 0.894737
vt 0.300000 0.894737
vt 0.350000 0.894737
vt 0.400000 0.894737
vt 0.450000 0.894737
vt 0.500000 0.894737
vt 0.550000 0.894737
vt 0.600000 0.894737
vt 0.650000 0.894737
vt 0.700000 0.894737
vt 0.750000 0.894737
vt 0.800000 0.894737
vt 0.850000 0.894737
vt 0.900000 0.894737
vt 0.950000 0.894737
vt 1.000000 0.894737
vt 0.000000 0.842105
vt 0.050000 0.842105
vt 0.100000 0.842105
vt 0.150000 0.842105
vt 0.200000 0.842105
vt 0.250000 0.842105
vt 0.300000 0.842105
vt 0.350000 0.842105
vt 0.400000 0.842105
vt 0.450000 0.842105
vt 0.500000 0.842105
vt 0.550000 0.842105
vt 0.600000 0.842105
vt 0.650000 0.842105
vt 0.700000 0.842105
vt 0.750000 0.842105
vt 0.800000 0.842105
vt 0.850000 0.842105
vt 0.900000 0.842105
vt 0.950000 0.842105
vt 1.000000 0.842105
vt 0.000000 0.789474
vt 0.050000 0.789474
vt 0.100000 0.789474
vt 0.150000 0.789474
vt 0.200000 0.789474
vt 0.250000 0.789474
vt 0.300000 0.789474
vt 0.350000 0.789474
vt 0.400000 0.789474
vt 0.450000 0.789474
vt 0.500000 0.789474
vt 0.550000 0.789474
vt 0.600000 0.789474
vt 0.650000 0.789474
vt 0.700000 0.789474
vt 0.750000 0.789474
vt 0.800000 0.789474
vt 0.850000 0.789474
vt 0.900000 0.789474
vt 0.950000 0.789474
vt 1.000000 0.789474
vt 0.000000 0.736842
vt 0.050000 0.736842
vt 0.100000 0.736842
vt 0.150000 0.736842
vt 0.200000 0.736842
vt 0.250000 0.736842
vt 0.300000 0.736842
vt 0.350000 0.736842
vt 0.400000 0.736842
vt 0.450000 0.736842
vt 0.500000 0.736842
vt 0.550000 0.736842
vt 0.600000 0.736842
vt 0.650000 0.736842
vt 0.700000 0.736842
vt 0.750000 0.736842
vt 0.800000 0.736842
vt 0.850000 0.736842
vt 0.900000 0.736842
vt 0.950000 0.736842
vt 1.000000 0.736842
vt 0.000000 0.684211
vt 0.050000 0.684211
vt 0.100000 0.684211
vt 0.150000 0.684211
vt 0.200000 0.684211
vt 0.250000 0.684211
vt 0.300000 0.684211
vt 0.350000 0.684211
vt 0.400000 0.684211
vt 0.450000 0.684211
vt 0.500000 0.684211
vt 0.550000 0.684211
vt 0.600000 0.684211
vt 0.650000 0.684211
vt 0.700000 0.684211
vt 0.750000 0.684211
vt 0.800000 0.684211
vt 0.850000 0.684211
vt 0.900000 0.684211
vt 0.950000 0.684211
vt 1.000000 0.684211
vt 0.000000 0.631579
vt 0.050000 0.631579
vt 0.100000 0.631579
vt 0.150000 0.631579
vt 0.200000 0.631579
vt 0.250000 0.631579
vt 0.300000 0.631579
vt 0.350000 0.631579
vt 0.400000 0.631579
vt 0.450000 0.631579
vt 0.500000 0.631579
vt 0.550000 0.631579
vt 0.600000 0.631579
vt 0.650000 0.631579
vt 0.700000 0.631579
vt 0.750000 0.631579
vt 0.800000 0.631579
vt 0.850000 0.631579
vt 0.900000 0.631579
vt 0.950000 0.631579
vt 1.000000 0.631579
vt 0.000000 0.578948
vt 0.050000 0.578948
vt 0.100000 0.578948
vt 0.150000 0.578948
vt 0.200000 0.578948
vt 0.250000 0.578948
vt 0.300000 0.578948
vt 0.350000 0.578948
vt 0.400000 0.578948
vt 0.450000 0.578948
vt 0.500000 0.578948
vt 0.550000 0.578948
vt 0.600000 0.578948
vt 0.650000 0.578948
vt 0.700000 0.578948
vt 0.750000 0.578948
vt 0.800000 0.578948
vt 0.850000 0.578948
vt 0.900000 0.578948
vt 0.950000 0.578948
vt 1.000000 0.578948
vt 0.000000 0.526316
vt 0.050000 0.526316
vt 0.100000 0.526316
vt 0.150000 0.526316
vt 0.200000 0.526316
vt 0.250000 0.526316
vt 0.300000 0.526316
vt 0.350000 0.526316
vt 0.400000 0.526316
vt 0.450000 0.526316
vt 0.500000 0.526316
vt 0.550000 0.526316
vt 0.600000 0.526316
vt 0.650000 0.526316
vt 0.700000 0.526316
vt 0.750000 0.526316
vt 0.800000 0.526316
vt 0.850000 0.526316
vt 0.900000 0.526316
vt 0.950000 0.526316
vt 1.000000 0.526316
vt 0.000000 0.473684
vt 0.050000 0.473684
vt 0.100000 0.473684
vt 0.150000 0.473684
vt 0.200000 0.473684
vt 0.250000 0.473684
vt 0.300000 0.473684
vt 0.350000 0.473684
vt 0.400000 0.473684
vt 0.450000 0.473684
vt 0.500000 0.473684
vt 0.550000 0.473684
vt 0.600000 0.473684
vt 0.650000 0.473684
vt 0.700000 0.473684
vt 0.750000 0.473684
vt 0.800000 0.473684
vt 0.850000 0.473684
vt 0.900000 0.473684
vt 0.950000 0.473684
vt 1.000000 0.473684
vt 0.000000 0.421053
vt 0.050000 0.421053
vt 0.100000 0.421053
vt 0.150000 0.421053
vt 0.200000 0.421053
vt 0.250000 0.421053
vt 0.300000 0.421053
vt 0.350000 0.421053
vt 0.400000 0.421053
vt 0.450000 0.421053
vt 0.500000 0.421053
vt 0.550000 0.421053
vt 0.600000 0.421053
vt 0.650000 0.421053
vt 0.700000 0.421053
vt 0.750000 0.421053
vt 0.800000 0.421053
vt 0.850000 0.421053
vt 0.900000 0.421053
vt 0.950000 0.421053
vt 1.000000 0.421053
vt 0.000000 0.368421
vt 0.050000 0.368421
vt 0.100000 0.368421
vt 0.150000 0.368421
vt 0.200000 0.368421
vt 0.250000 0.368421
vt 0.300000 0.368421
vt 0.350000 0.368421
vt 0.400000 0.368421
vt 0.450000 0.368421
vt 0.500000 0.368421
vt 0.550000 0.368421
vt 0.600000 0.368421
vt 0.650000 0.368421
vt 0.700000 0.368421
vt 0.750000 0.368421
vt 0.800000 0.368421
vt 0.850000 0.368421
vt 0.900000 0.368421
vt 0.950000 0.368421
vt 1.000000 0.368421
vt 0.000000 0.315790
vt 0.050000 0.315790
vt 0.100000 0.315790
vt 0.150000 0.315790
vt 0.200000 0.315790
vt 0.250000 0.315790
vt 0.300000 0.315790
vt 0.350000 0.315790
vt 0.400000 0.315790
vt 0.450000 0.315790
vt 0.500000 0.315790
vt 0.550000 0.315790
vt 0.600000 0.315790
vt 0.650000 0.315790
vt 0.700000 0.315790
vt 0.750000 0.315790
vt 0.800000 0.315790
vt 0.850000 0.315790
vt 0.900000 0.315790
vt 0.950000 0.315790
vt 1.000000 0.315790
vt 0.000000 0.263158
vt 0.050000 0.263158
vt 0.100000 0.263158
vt 0.150000 0.263158
vt 0.200000 0.263158
vt 0.250000 0.263158
vt 0.300000 0.263158
vt 0.350000 0.263158
vt 0.400000 0.263158
vt 0.450000 0.263158
vt 0.500000 0.263158
vt 0.550000 0.263158
vt 0.600000 0.263158
vt 0.650000 0.263158
vt 0.700000 0.263158
vt 0.750000 0.263158
vt 0.800000 0.263158
vt 0.850000 0.263158
vt 0.900000 0.263158
vt 0.950000 0.263158
vt 1.000000 0.263158
vt 0.000000 0.210526
vt 0.050000 0.210526
vt 0.100000 0.210526
vt 0.150000 0.210526
vt 0.200000 0.210526
vt 0.250000 0.210526
vt 0.300000 0.210526
vt 0.350000 0.210526
vt 0.400000 0.210526
vt 0.450000 0.210526
vt 0.500000 0.210526
vt 0.550000 0.210526
vt 0.600000 0.210526
vt 0.650000 0.210526
vt 0.700000 0.210526
vt 0.750000 0.210526
vt 0.800000 0.210526
vt 0.850000 0.210526
vt 0.900000 0.210526
vt 0.950000 0.210526
vt 1.000000 0.210526
vt 0.000000 0.157895
vt 0.050000 0.157895
vt 0.100000 0.157895
vt 0.150000 0.157895
vt 0.200000 0.157895
vt 0.250000 0.157895
vt 0.300000 0.157895
vt 0.350000 0.157895
vt 0.400000 0.157895
vt 0.450000 0.157895
vt 0.500000 0.157895
vt 0.550000 0.157895
vt 0.600000 0.157895
vt 0.650000 0.157895
vt 0.700000 0.157895
vt 0.750000 0.157895
vt 0.800000 0.157895
vt 0.850000 0.157895
vt 0.900000 0.157895
vt 0.950000 0.157895
vt 1.000000 0.157895
vt 0.000000 0.105263
vt 0.050000 0.105263
vt 0.100000 0.105263
vt 0.150000 0.105263
vt 0.200000 0.105263
vt 0.250000 0.105263
vt 0.300000 0.105263
vt 0.350000 0.105263
vt 0.400000 0.105263
vt 0.450000 0.105263
vt 0.500000 0.105263
vt 0.550000 0.105263
vt 0.600000 0.105263
vt 0.650000 0.105263
vt 0.700000 0.105263
vt 0.750000 0.105263
vt 0.800000 0.105263
vt 0.850000 0.105263
vt 0.900000 0.105263
vt 0.950000 0.105263
vt 1.000000 0.105263
vt 0.000000 0.052632
vt 0.050000 0.052632
vt 0.100000 0.052632
vt 0.150000 0.052632
vt 0.200000 0.052632
vt 0.250000 0.052632
vt 0.300000 0.052632
vt 0.350000 0.052632
vt 0.400000 0.052632
vt 0.450000 0.052632
vt 0.500000 0.052632
vt 0.550000 0.052632
vt 0.600000 0.052632
vt 0.650000 0.052632
vt 0.700000 0.052632
vt 0.750000 0.052632
vt 0.800000 0.052632
vt 0.850000 0.052632
vt 0.900000 0.052632
vt 0.950000 0.052632
vt 1.000000 0.052632
vt 0.000000 0.000000
vt 0.050000 0.000000
vt 0.100000 0.000000
vt 0.150000 0.000000
vt 0.200000 0.000000
vt 0.250000 0.000000
vt 0.300000 0.000000
vt 0.350000 0.000000
vt 0.400000 0.000000
vt 0.450000 0.000000
vt 0.500000 0.000000
vt 0.550000 0.000000
vt 0.600000 0.000000
vt 0.650000 0.000000
vt 0.700000 0.000000
vt 0.750000 0.000000
vt 0.800000 0.000000
vt 0.850000 0.000000
vt 0.900000 0.000000
vt 0.950000 0.000000
vt 1.000000 0.000000
vn -0.809017 0.000004 0.587786
vn -0.951057 0.000000 0.309016
vn -0.305810 0.946893 0.099364
vn -0.260138 0.946893 0.189002
vn -0.587786 0.000003 0.809017
vn -0.189002 0.946893 0.260139
vn -0.309018 -0.000001 0.951056
vn -0.099364 0.946893 0.305811
vn 0.000000 0.000001 1.000000
vn 0.000000 0.946893 0.321548
vn 0.309017 0.000002 0.951056
vn 0.099365 0.946893 0.305811
vn 0.587785 0.000013 0.809017
vn 0.189003 0.946892 0.260140
vn 0.809017 0.000012 0.587785
vn 0.260140 0.946892 0.189003
vn 0.951056 0.000022 0.309018
vn 0.305811 0.946893 0.099364
vn 1.000000 0.000043 0.000000
vn 0.321546 0.946894 0.000000
vn 0.951056 0.000021 -0.309018
vn 0.305811 0.946893 -0.099364
vn 0.809016 -0.000000 -0.587787
vn 0.260140 0.946892 -0.189004
vn 0.587785 -0.000001 -0.809017
vn 0.189003 0.946892 -0.260141
vn 0.309017 -0.000000 -0.951057
vn 0.099365 0.946892 -0.305814
vn -0.000000 -0.000001 -1.000000
vn -0.000000 0.946893 -0.321550
vn -0.309017 -0.000004 -0.951057
vn -0.099364 0.946893 -0.305810
vn -0.587785 -0.000003 -0.809017
vn -0.189001 0.946893 -0.260138
vn -0.809017 0.000012 -0.587785
vn -0.260139 0.946893 -0.189002
vn -0.951057 0.000016 -0.309016
vn -0.305813 0.946892 -0.099365
vn -1.000000 0.000006 -0.000001
vn -0.321550 0.946893 -0.000000
vn -0.140360 0.989050 0.045605
vn -0.119397 0.989050 0.086747
vn -0.086747 0.989050 0.119397
vn -0.045606 0.989050 0.140360
vn 0.000000 0.989050 0.147583
vn 0.045606 0.989050 0.140360
vn 0.086748 0.989050 0.119398
vn 0.119397 0.989050 0.086747
vn 0.140359 0.989050 0.045605
vn 0.147583 0.989050 -0.000000
vn 0.140360 0.989050 -0.045606
vn 0.119397 0.989050 -0.086747
vn 0.086747 0.989050 -0.119397
vn 0.045606 0.989049 -0.140361
vn -0.000000 0.989049 -0.147584
vn -0.045606 0.989050 -0.140360
vn -0.086747 0.989050 -0.119397
vn -0.119398 0.989050 -0.086748
vn -0.140360 0.989050 -0.045606
vn -0.147583 0.989050 -0.000000
vn -0.071236 0.997191 0.023146
vn -0.060597 0.997191 0.044026
vn -0.044026 0.997191 0.060597
vn -0.023146 0.997191 0.071236
vn 0.000000 0.997191 0.074902
vn 0.023146 0.997191 0.071236
vn 0.044026 0.997191 0.060597
vn 0.060597 0.997191 0.044026
vn 0.071236 0.997191 0.023146
vn 0.074902 0.997191 -0.000000
vn 0.071236 0.997191 -0.023146
vn 0.060597 0.997191 -0.044026
vn 0.044026 0.997191 -0.060597
vn 0.023146 0.997191 -0.071236
vn -0.000000 0.997191 -0.074902
vn -0.023146 0.997191 -0.071236
vn -0.044026 0.997191 -0.060597
vn -0.060597 0.997191 -0.044026
vn -0.071236 0.997191 -0.023146
vn -0.074902 0.997191 -0.000000
vn -0.026551 0.999610 0.008627
vn -0.022586 0.999610 0.016410
vn -0.016409 0.999610 0.022586
vn -0.008627 0.999610 0.026551
vn 0.000000 0.999610 0.027918
vn 0.008627 0.999610 0.026551
vn 0.016410 0.999610 0.022586
vn 0.022586 0.999610 0.016410
vn 0.026551 0.999610 0.008627
vn 0.027917 0.999610 -0.000000
vn 0.026551 0.999610 -0.008627
vn 0.022586 0.999610 -0.016410
vn 0.016409 0.999610 -0.022586
vn 0.008627 0.999610 -0.026551
vn -0.000000 0.999610 -0.027917
vn -0.008627 0.999610 -0.026551
vn -0.016409 0.999610 -0.022586
vn -0.022586 0.999610 -0.016409
vn -0.026551 0.999610 -0.008627
vn -0.027917 0.999610 0.000000
vn 0.011350 0.999929 -0.003688
vn 0.009655 0.999929 -0.007015
vn 0.007015 0.999929 -0.009655
vn 0.003688 0.999929 -0.011350
vn -0.000000 0.999929 -0.011934
vn -0.003688 0.999929 -0.011350
vn -0.007015 0.999929 -0.009655
vn -0.009655 0.999929 -0.007015
vn -0.011350 0.999929 -0.003688
vn -0.011934 0.999929 0.000000
vn -0.011350 0.999929 0.003688
vn -0.009655 0.999929 0.007015
vn -0.007015 0.999929 0.009655
vn -0.003688 0.999929 0.011350
vn -0.000000 0.999929 0.011934
vn 0.003688 0.999929 0.011350
vn 0.007015 0.999929 0.009655
vn 0.009655 0.999929 0.007015
vn 0.011350 0.999929 0.003688
vn 0.011934 0.999929 0.000000
vn 0.051641 0.998525 -0.016779
vn 0.043928 0.998525 -0.031916
vn 0.031916 0.998525 -0.043928
vn 0.016779 0.998525 -0.051641
vn -0.000000 0.998525 -0.054298
vn -0.016779 0.998525 -0.051641
vn -0.031916 0.998525 -0.043928
vn -0.043928 0.998525 -0.031916
vn -0.051640 0.998525 -0.016779
vn -0.054298 0.998525 0.000000
vn -0.051641 0.998525 0.016779
vn -0.043928 0.998525 0.031916
vn -0.031916 0.998525 0.043928
vn -0.016779 0.998525 0.051640
vn 0.000000 0.998525 0.054298
vn 0.016779 0.998525 0.051641
vn 0.031916 0.998525 0.043928
vn 0.043928 0.998525 0.031916
vn 0.051640 0.998525 0.016779
vn 0.054298 0.998525 0.000000
vn 0.106021 0.993767 -0.034448
vn 0.090187 0.993767 -0.065524
vn 0.065524 0.993767 -0.090187
vn 0.034448 0.993767 -0.106022
vn -0.000000 0.993767 -0.111477
vn -0.034448 0.993767 -0.106021
vn -0.065524 0.993767 -0.090187
vn -0.090187 0.993767 -0.065525
vn -0.106021 0.993767 -0.034448
vn -0.111476 0.993767 0.000000
vn -0.106021 0.993767 0.034448
vn -0.090187 0.993767 0.065525
vn -0.065524 0.993767 0.090187
vn -0.034448 0.993767 0.106021
vn 0.000000 0.993767 0.111477
vn 0.034448 0.993767 0.106021
vn 0.065525 0.993767 0.090187
vn 0.090187 0.993767 0.065524
vn 0.106021 0.993767 0.034448
vn 0.111477 0.993767 0.000000
vn 0.207762 0.975847 -0.067506
vn 0.176732 0.975847 -0.128404
vn 0.128404 0.975847 -0.176733
vn 0.067506 0.975847 -0.207762
vn 0.000000 0.975847 -0.218454
vn -0.067506 0.975847 -0.207762
vn -0.128404 0.975847 -0.176733
vn -0.176733 0.975847 -0.128404
vn -0.207761 0.975847 -0.067506
vn -0.218453 0.975848 0.000000
vn -0.207761 0.975848 0.067506
vn -0.176731 0.975848 0.128403
vn -0.128403 0.975847 0.176732
vn -0.067506 0.975847 0.207762
vn -0.000000 0.975847 0.218453
vn 0.067506 0.975848 0.207761
vn 0.128404 0.975847 0.176733
vn 0.176732 0.975847 0.128404
vn 0.207761 0.975847 0.067506
vn 0.218453 0.975847 0.000000
vn 0.557965 0.809819 -0.181294
vn 0.474634 0.809818 -0.344843
vn 0.344842 0.809819 -0.474634
vn 0.181293 0.809821 -0.557963
vn -0.000000 0.809820 -0.586678
vn -0.181294 0.809819 -0.557966
vn -0.344843 0.809817 -0.474636
vn -0.474634 0.809819 -0.344842
vn -0.557961 0.809823 -0.181293
vn -0.586676 0.809822 0.000000
vn -0.557959 0.809824 0.181292
vn -0.474628 0.809824 0.344838
vn -0.344839 0.809822 0.474631
vn -0.181293 0.809822 0.557962
vn -0.000000 0.809822 0.586675
vn 0.181295 0.809819 0.557965
vn 0.344844 0.809816 0.474637
vn 0.474634 0.809819 0.344842
vn 0.557962 0.809822 0.181293
vn 0.586677 0.809821 0.000000
vn 0.557965 -0.809819 -0.181294
vn 0.474634 -0.809818 -0.344843
vn 0.344841 -0.809819 -0.474634
vn 0.181293 -0.809822 -0.557962
vn -0.000000 -0.809820 -0.586679
vn -0.181294 -0.809819 -0.557965
vn -0.344843 -0.809817 -0.474635
vn -0.474634 -0.809819 -0.344842
vn -0.557961 -0.809823 -0.181292
vn -0.586676 -0.809822 0.000000
vn -0.557960 -0.809824 0.181292
vn -0.474628 -0.809824 0.344837
vn -0.344840 -0.809822 0.474631
vn -0.181293 -0.809821 0.557963
vn 0.000000 -0.809822 0.586676
vn 0.181294 -0.809819 0.557966
vn 0.344844 -0.809816 0.474637
vn 0.474634 -0.809819 0.344842
vn 0.557962 -0.809822 0.181293
vn 0.586677 -0.809821 0.000001
vn 0.207762 -0.975847 -0.067506
vn 0.176732 -0.975847 -0.128404
vn 0.128404 -0.975847 -0.176733
vn 0.067506 -0.975847 -0.207762
vn 0.000000 -0.975847 -0.218454
vn -0.067506 -0.975848 -0.207761
vn -0.128404 -0.975847 -0.176733
vn -0.176733 -0.975847 -0.128404
vn -0.207761 -0.975848 -0.067505
vn -0.218453 -0.975848 0.000000
vn -0.207761 -0.975848 0.067505
vn -0.176731 -0.975848 0.128403
vn -0.128403 -0.975848 0.176732
vn -0.067506 -0.975847 0.207762
vn 0.000000 -0.975847 0.218453
vn 0.067506 -0.975847 0.207761
vn 0.128404 -0.975847 0.176733
vn 0.176732 -0.975847 0.128404
vn 0.207761 -0.975847 0.067506
vn 0.218453 -0.975847 0.000000
vn 0.106021 -0.993767 -0.034448
vn 0.090187 -0.993767 -0.065524
vn 0.065524 -0.993767 -0.090187
vn 0.034448 -0.993767 -0.106021
vn -0.000000 -0.993767 -0.111477
vn -0.034448 -0.993767 -0.106021
vn -0.065524 -0.993767 -0.090187
vn -0.090187 -0.993767 -0.065525
vn -0.106021 -0.993767 -0.034448
vn -0.111476 -0.993767 0.000000
vn -0.106021 -0.993767 0.034448
vn -0.090187 -0.993767 0.065525
vn -0.065524 -0.993767 0.090186
vn -0.034448 -0.993767 0.106021
vn 0.000000 -0.993767 0.111477
vn 0.034448 -0.993767 0.106021
vn 0.065525 -0.993767 0.090187
vn 0.090187 -0.993767 0.065524
vn 0.106021 -0.993767 0.034448
vn 0.111477 -0.993767 0.000000
vn 0.051641 -0.998525 -0.016779
vn 0.043928 -0.998525 -0.031916
vn 0.031916 -0.998525 -0.043928
vn 0.016779 -0.998525 -0.051640
vn -0.000000 -0.998525 -0.054298
vn -0.016779 -0.998525 -0.051641
vn -0.031916 -0.998525 -0.043928
vn -0.043928 -0.998525 -0.031915
vn -0.051640 -0.998525 -0.016779
vn -0.054298 -0.998525 0.000000
vn -0.051641 -0.998525 0.016779
vn -0.043928 -0.998525 0.031916
vn -0.031916 -0.998525 0.043928
vn -0.016779 -0.998525 0.051641
vn 0.000000 -0.998525 0.054299
vn 0.016779 -0.998525 0.051641
vn 0.031916 -0.998525 0.043928
vn 0.043928 -0.998525 0.031916
vn 0.051640 -0.998525 0.016779
vn 0.054298 -0.998525 0.000000
vn 0.011350 -0.999929 -0.003688
vn 0.009655 -0.999929 -0.007015
vn 0.007015 -0.999929 -0.009655
vn 0.003688 -0.999929 -0.011350
vn -0.000000 -0.999929 -0.011934
vn -0.003688 -0.999929 -0.011350
vn -0.007015 -0.999929 -0.009655
vn -0.009655 -0.999929 -0.007015
vn -0.011350 -0.999929 -0.003688
vn -0.011934 -0.999929 -0.000000
vn -0.011350 -0.999929 0.003688
vn -0.009655 -0.999929 0.007015
vn -0.007015 -0.999929 0.009655
vn -0.003688 -0.999929 0.011350
vn 0.000000 -0.999929 0.011934
vn 0.003688 -0.999929 0.011350
vn 0.007015 -0.999929 0.009655
vn 0.009655 -0.999929 0.007015
vn 0.011350 -0.999929 0.003688
vn 0.011934 -0.999929 0.000000
vn -0.026551 -0.999610 0.008627
vn -0.022586 -0.999610 0.016409
vn -0.016409 -0.999610 0.022586
vn -0.008627 -0.999610 0.026551
vn 0.000000 -0.999610 0.027918
vn 0.008627 -0.999610 0.026551
vn 0.016410 -0.999610 0.022586
vn 0.022586 -0.999610 0.016410
vn 0.026551 -0.999610 0.008627
vn 0.027918 -0.999610 -0.000000
vn 0.026551 -0.999610 -0.008627
vn 0.022586 -0.999610 -0.016410
vn 0.016409 -0.999610 -0.022586
vn 0.008627 -0.999610 -0.026551
vn -0.000000 -0.999610 -0.027918
vn -0.008627 -0.999610 -0.026551
vn -0.016409 -0.999610 -0.022586
vn -0.022586 -0.999610 -0.016410
vn -0.026551 -0.999610 -0.008627
vn -0.027918 -0.999610 -0.000000
vn -0.071236 -0.997191 0.023146
vn -0.060597 -0.997191 0.044027
vn -0.044027 -0.997191 0.060597
vn -0.023146 -0.997191 0.071237
vn 0.000000 -0.997191 0.074902
vn 0.023146 -0.997191 0.071236
vn 0.044027 -0.997191 0.060597
vn 0.060597 -0.997191 0.044027
vn 0.071237 -0.997191 0.023146
vn 0.074903 -0.997191 -0.000000
vn 0.071236 -0.997191 -0.023146
vn 0.060597 -0.997191 -0.044027
vn 0.044027 -0.997191 -0.060598
vn 0.023146 -0.997191 -0.071237
vn 0.000000 -0.997191 -0.074903
vn -0.023146 -0.997191 -0.071237
vn -0.044027 -0.997191 -0.060598
vn -0.060597 -0.997191 -0.044027
vn -0.071236 -0.997191 -0.023146
vn -0.074902 -0.997191 -0.000000
vn -0.140360 -0.989050 0.045605
vn -0.119397 -0.989050 0.086747
vn -0.086747 -0.989050 0.119397
vn -0.045606 -0.989050 0.140360
vn 0.000000 -0.989050 0.147583
vn 0.045606 -0.989050 0.140360
vn 0.086747 -0.989050 0.119397
vn 0.119397 -0.989050 0.086747
vn 0.140359 -0.989050 0.045605
vn 0.147581 -0.989050 -0.000000
vn 0.140359 -0.989050 -0.045605
vn 0.119397 -0.989050 -0.086747
vn 0.086747 -0.989050 -0.119397
vn 0.045606 -0.989050 -0.140361
vn 0.000000 -0.989050 -0.147584
vn -0.045606 -0.989050 -0.140360
vn -0.086747 -0.989050 -0.119398
vn -0.119397 -0.989050 -0.086747
vn -0.140359 -0.989050 -0.045606
vn -0.147583 -0.989050 -0.000000
vn -0.305807 -0.946894 0.099362
vn -0.260135 -0.946894 0.188999
vn -0.188999 -0.946894 0.260135
vn -0.099363 -0.946894 0.305807
vn 0.000000 -0.946894 0.321545
vn 0.099363 -0.946894 0.305809
vn 0.188999 -0.946895 0.260135
vn 0.260135 -0.946894 0.188999
vn 0.305809 -0.946894 0.099363
vn 0.321546 -0.946894 0.000000
vn 0.305809 -0.946894 -0.099363
vn 0.260136 -0.946894 -0.189000
vn 0.188999 -0.946895 -0.260134
vn 0.099363 -0.946894 -0.305808
vn -0.000000 -0.946894 -0.321546
vn -0.099363 -0.946895 -0.305807
vn -0.188999 -0.946894 -0.260135
vn -0.260137 -0.946894 -0.189001
vn -0.305811 -0.946893 -0.099364
vn -0.321547 -0.946894 -0.000000
s 1
g lighthouse1 pTorus1
usemtl initialShadingGroup
f 521/1028/1044 520/1027/1045 540/1048/1046 541/1049/1047
f 522/1029/1048 521/1028/1044 541/1049/1047 542/1050/1049
f 523/1030/1050 522/1029/1048 542/1050/1049 543/1051/1051
f 524/1031/1052 523/1030/1050 543/1051/1051 544/1052/1053
f 525/1032/1054 524/1031/1052 544/1052/1053 545/1053/1055
f 526/1033/1056 525/1032/1054 545/1053/1055 546/1054/1057
f 527/1034/1058 526/1033/1056 546/1054/1057 547/1055/1059
f 528/1035/1060 527/1034/1058 547/1055/1059 548/1056/1061
f 529/1036/1062 528/1035/1060 548/1056/1061 549/1057/1063
f 530/1037/1064 529/1036/1062 549/1057/1063 550/1058/1065
f 531/1038/1066 530/1037/1064 550/1058/1065 551/1059/1067
f 532/1039/1068 531/1038/1066 551/1059/1067 552/1060/1069
f 533/1040/1070 532/1039/1068 552/1060/1069 553/1061/1071
f 534/1041/1072 533/1040/1070 553/1061/1071 554/1062/1073
f 535/1042/1074 534/1041/1072 554/1062/1073 555/1063/1075
f 536/1043/1076 535/1042/1074 555/1063/1075 556/1064/1077
f 537/1044/1078 536/1043/1076 556/1064/1077 557/1065/1079
f 538/1045/1080 537/1044/1078 557/1065/1079 558/1066/1081
f 539/1046/1082 538/1045/1080 558/1066/1081 559/1067/1083
f 520/1047/1045 539/1046/1082 559/1067/1083 540/1068/1046
f 541/1049/1047 540/1048/1046 560/1069/1084 561/1070/1085
f 542/1050/1049 541/1049/1047 561/1070/1085 562/1071/1086
f 543/1051/1051 542/1050/1049 562/1071/1086 563/1072/1087
f 544/1052/1053 543/1051/1051 563/1072/1087 564/1073/1088
f 545/1053/1055 544/1052/1053 564/1073/1088 565/1074/1089
f 546/1054/1057 545/1053/1055 565/1074/1089 566/1075/1090
f 547/1055/1059 546/1054/1057 566/1075/1090 567/1076/1091
f 548/1056/1061 547/1055/1059 567/1076/1091 568/1077/1092
f 549/1057/1063 548/1056/1061 568/1077/1092 569/1078/1093
f 550/1058/1065 549/1057/1063 569/1078/1093 570/1079/1094
f 551/1059/1067 550/1058/1065 570/1079/1094 571/1080/1095
f 552/1060/1069 551/1059/1067 571/1080/1095 572/1081/1096
f 553/1061/1071 552/1060/1069 572/1081/1096 573/1082/1097
f 554/1062/1073 553/1061/1071 573/1082/1097 574/1083/1098
f 555/1063/1075 554/1062/1073 574/1083/1098 575/1084/1099
f 556/1064/1077 555/1063/1075 575/1084/1099 576/1085/1100
f 557/1065/1079 556/1064/1077 576/1085/1100 577/1086/1101
f 558/1066/1081 557/1065/1079 577/1086/1101 578/1087/1102
f 559/1067/1083 558/1066/1081 578/1087/1102 579/1088/1103
f 540/1068/1046 559/1067/1083 579/1088/1103 560/1089/1084
f 561/1070/1085 560/1069/1084 580/1090/1104 581/1091/1105
f 562/1071/1086 561/1070/1085 581/1091/1105 582/1092/1106
f 563/1072/1087 562/1071/1086 582/1092/1106 583/1093/1107
f 564/1073/1088 563/1072/1087 583/1093/1107 584/1094/1108
f 565/1074/1089 564/1073/1088 584/1094/1108 585/1095/1109
f 566/1075/1090 565/1074/1089 585/1095/1109 586/1096/1110
f 567/1076/1091 566/1075/1090 586/1096/1110 587/1097/1111
f 568/1077/1092 567/1076/1091 587/1097/1111 588/1098/1112
f 569/1078/1093 568/1077/1092 588/1098/1112 589/1099/1113
f 570/1079/1094 569/1078/1093 589/1099/1113 590/1100/1114
f 571/1080/1095 570/1079/1094 590/1100/1114 591/1101/1115
f 572/1081/1096 571/1080/1095 591/1101/1115 592/1102/1116
f 573/1082/1097 572/1081/1096 592/1102/1116 593/1103/1117
f 574/1083/1098 573/1082/1097 593/1103/1117 594/1104/1118
f 575/1084/1099 574/1083/1098 594/1104/1118 595/1105/1119
f 576/1085/1100 575/1084/1099 595/1105/1119 596/1106/1120
f 577/1086/1101 576/1085/1100 596/1106/1120 597/1107/1121
f 578/1087/1102 577/1086/1101 597/1107/1121 598/1108/1122
f 579/1088/1103 578/1087/1102 598/1108/1122 599/1109/1123
f 560/1089/1084 579/1088/1103 599/1109/1123 580/1110/1104
f 581/1091/1105 580/1090/1104 600/1111/1124 601/1112/1125
f 582/1092/1106 581/1091/1105 601/1112/1125 602/1113/1126
f 583/1093/1107 582/1092/1106 602/1113/1126 603/1114/1127
f 584/1094/1108 583/1093/1107 603/1114/1127 604/1115/1128
f 585/1095/1109 584/1094/1108 604/1115/1128 605/1116/1129
f 586/1096/1110 585/1095/1109 605/1116/1129 606/1117/1130
f 587/1097/1111 586/1096/1110 606/1117/1130 607/1118/1131
f 588/1098/1112 587/1097/1111 607/1118/1131 608/1119/1132
f 589/1099/1113 588/1098/1112 608/1119/1132 609/1120/1133
f 590/1100/1114 589/1099/1113 609/1120/1133 610/1121/1134
f 591/1101/1115 590/1100/1114 610/1121/1134 611/1122/1135
f 592/1102/1116 591/1101/1115 611/1122/1135 612/1123/1136
f 593/1103/1117 592/1102/1116 612/1123/1136 613/1124/1137
f 594/1104/1118 593/1103/1117 613/1124/1137 614/1125/1138
f 595/1105/1119 594/1104/1118 614/1125/1138 615/1126/1139
f 596/1106/1120 595/1105/1119 615/1126/1139 616/1127/1140
f 597/1107/1121 596/1106/1120 616/1127/1140 617/1128/1141
f 598/1108/1122 597/1107/1121 617/1128/1141 618/1129/1142
f 599/1109/1123 598/1108/1122 618/1129/1142 619/1130/1143
f 580/1110/1104 599/1109/1123 619/1130/1143 600/1131/1124
f 601/1112/1125 600/1111/1124 620/1132/1144 621/1133/1145
f 602/1113/1126 601/1112/1125 621/1133/1145 622/1134/1146
f 603/1114/1127 602/1113/1126 622/1134/1146 623/1135/1147
f 604/1115/1128 603/1114/1127 623/1135/1147 624/1136/1148
f 605/1116/1129 604/1115/1128 624/1136/1148 625/1137/1149
f 606/1117/1130 605/1116/1129 625/1137/1149 626/1138/1150
f 607/1118/1131 606/1117/1130 626/1138/1150 627/1139/1151
f 608/1119/1132 607/1118/1131 627/1139/1151 628/1140/1152
f 609/1120/1133 608/1119/1132 628/1140/1152 629/1141/1153
f 610/1121/1134 609/1120/1133 629/1141/1153 630/1142/1154
f 611/1122/1135 610/1121/1134 630/1142/1154 631/1143/1155
f 612/1123/1136 611/1122/1135 631/1143/1155 632/1144/1156
f 613/1124/1137 612/1123/1136 632/1144/1156 633/1145/1157
f 614/1125/1138 613/1124/1137 633/1145/1157 634/1146/1158
f 615/1126/1139 614/1125/1138 634/1146/1158 635/1147/1159
f 616/1127/1140 615/1126/1139 635/1147/1159 636/1148/1160
f 617/1128/1141 616/1127/1140 636/1148/1160 637/1149/1161
f 618/1129/1142 617/1128/1141 637/1149/1161 638/1150/1162
f 619/1130/1143 618/1129/1142 638/1150/1162 639/1151/1163
f 600/1131/1124 619/1130/1143 639/1151/1163 620/1152/1144
f 621/1133/1145 620/1132/1144 640/1153/1164 641/1154/1165
f 622/1134/1146 621/1133/1145 641/1154/1165 642/1155/1166
f 623/1135/1147 622/1134/1146 642/1155/1166 643/1156/1167
f 624/1136/1148 623/1135/1147 643/1156/1167 644/1157/1168
f 625/1137/1149 624/1136/1148 644/1157/1168 645/1158/1169
f 626/1138/1150 625/1137/1149 645/1158/1169 646/1159/1170
f 627/1139/1151 626/1138/1150 646/1159/1170 647/1160/1171
f 628/1140/1152 627/1139/1151 647/1160/1171 648/1161/1172
f 629/1141/1153 628/1140/1152 648/1161/1172 649/1162/1173
f 630/1142/1154 629/1141/1153 649/1162/1173 650/1163/1174
f 631/1143/1155 630/1142/1154 650/1163/1174 651/1164/1175
f 632/1144/1156 631/1143/1155 651/1164/1175 652/1165/1176
f 633/1145/1157 632/1144/1156 652/1165/1176 653/1166/1177
f 634/1146/1158 633/1145/1157 653/1166/1177 654/1167/1178
f 635/1147/1159 634/1146/1158 654/1167/1178 655/1168/1179
f 636/1148/1160 635/1147/1159 655/1168/1179 656/1169/1180
f 637/1149/1161 636/1148/1160 656/1169/1180 657/1170/1181
f 638/1150/1162 637/1149/1161 657/1170/1181 658/1171/1182
f 639/1151/1163 638/1150/1162 658/1171/1182 659/1172/1183
f 620/1152/1144 639/1151/1163 659/1172/1183 640/1173/1164
f 641/1154/1165 640/1153/1164 660/1174/1184 661/1175/1185
f 642/1155/1166 641/1154/1165 661/1175/1185 662/1176/1186
f 643/1156/1167 642/1155/1166 662/1176/1186 663/1177/1187
f 644/1157/1168 643/1156/1167 663/1177/1187 664/1178/1188
f 645/1158/1169 644/1157/1168 664/1178/1188 665/1179/1189
f 646/1159/1170 645/1158/1169 665/1179/1189 666/1180/1190
f 647/1160/1171 646/1159/1170 666/1180/1190 667/1181/1191
f 648/1161/1172 647/1160/1171 667/1181/1191 668/1182/1192
f 649/1162/1173 648/1161/1172 668/1182/1192 669/1183/1193
f 650/1163/1174 649/1162/1173 669/1183/1193 670/1184/1194
f 651/1164/1175 650/1163/1174 670/1184/1194 671/1185/1195
f 652/1165/1176 651/1164/1175 671/1185/1195 672/1186/1196
f 653/1166/1177 652/1165/1176 672/1186/1196 673/1187/1197
f 654/1167/1178 653/1166/1177 673/1187/1197 674/1188/1198
f 655/1168/1179 654/1167/1178 674/1188/1198 675/1189/1199
f 656/1169/1180 655/1168/1179 675/1189/1199 676/1190/1200
f 657/1170/1181 656/1169/1180 676/1190/1200 677/1191/1201
f 658/1171/1182 657/1170/1181 677/1191/1201 678/1192/1202
f 659/1172/1183 658/1171/1182 678/1192/1202 679/1193/1203
f 640/1173/1164 659/1172/1183 679/1193/1203 660/1194/1184
f 661/1175/1185 660/1174/1184 680/1195/1204 681/1196/1205
f 662/1176/1186 661/1175/1185 681/1196/1205 682/1197/1206
f 663/1177/1187 662/1176/1186 682/1197/1206 683/1198/1207
f 664/1178/1188 663/1177/1187 683/1198/1207 684/1199/1208
f 665/1179/1189 664/1178/1188 684/1199/1208 685/1200/1209
f 666/1180/1190 665/1179/1189 685/1200/1209 686/1201/1210
f 667/1181/1191 666/1180/1190 686/1201/1210 687/1202/1211
f 668/1182/1192 667/1181/1191 687/1202/1211 688/1203/1212
f 669/1183/1193 668/1182/1192 688/1203/1212 689/1204/1213
f 670/1184/1194 669/1183/1193 689/1204/1213 690/1205/1214
f 671/1185/1195 670/1184/1194 690/1205/1214 691/1206/1215
f 672/1186/1196 671/1185/1195 691/1206/1215 692/1207/1216
f 673/1187/1197 672/1186/1196 692/1207/1216 693/1208/1217
f 674/1188/1198 673/1187/1197 693/1208/1217 694/1209/1218
f 675/1189/1199 674/1188/1198 694/1209/1218 695/1210/1219
f 676/1190/1200 675/1189/1199 695/1210/1219 696/1211/1220
f 677/1191/1201 676/1190/1200 696/1211/1220 697/1212/1221
f 678/1192/1202 677/1191/1201 697/1212/1221 698/1213/1222
f 679/1193/1203 678/1192/1202 698/1213/1222 699/1214/1223
f 660/1194/1184 679/1193/1203 699/1214/1223 680/1215/1204
f 681/1196/1205 680/1195/1204 700/1216/1224 701/1217/1225
f 682/1197/1206 681/1196/1205 701/1217/1225 702/1218/1226
f 683/1198/1207 682/1197/1206 702/1218/1226 703/1219/1227
f 684/1199/1208 683/1198/1207 703/1219/1227 704/1220/1228
f 685/1200/1209 684/1199/1208 704/1220/1228 705/1221/1229
f 686/1201/1210 685/1200/1209 705/1221/1229 706/1222/1230
f 687/1202/1211 686/1201/1210 706/1222/1230 707/1223/1231
f 688/1203/1212 687/1202/1211 707/1223/1231 708/1224/1232
f 689/1204/1213 688/1203/1212 708/1224/1232 709/1225/1233
f 690/1205/1214 689/1204/1213 709/1225/1233 710/1226/1234
f 691/1206/1215 690/1205/1214 710/1226/1234 711/1227/1235
f 692/1207/1216 691/1206/1215 711/1227/1235 712/1228/1236
f 693/1208/1217 692/1207/1216 712/1228/1236 713/1229/1237
f 694/1209/1218 693/1208/1217 713/1229/1237 714/1230/1238
f 695/1210/1219 694/1209/1218 714/1230/1238 715/1231/1239
f 696/1211/1220 695/1210/1219 715/1231/1239 716/1232/1240
f 697/1212/1221 696/1211/1220 716/1232/1240 717/1233/1241
f 698/1213/1222 697/1212/1221 717/1233/1241 718/1234/1242
f 699/1214/1223 698/1213/1222 718/1234/1242 719/1235/1243
f 680/1215/1204 699/1214/1223 719/1235/1243 700/1236/1224
f 701/1217/1225 700/1216/1224 720/1237/1244 721/1238/1245
f 702/1218/1226 701/1217/1225 721/1238/1245 722/1239/1246
f 703/1219/1227 702/1218/1226 722/1239/1246 723/1240/1247
f 704/1220/1228 703/1219/1227 723/1240/1247 724/1241/1248
f 705/1221/1229 704/1220/1228 724/1241/1248 725/1242/1249
f 706/1222/1230 705/1221/1229 725/1242/1249 726/1243/1250
f 707/1223/1231 706/1222/1230 726/1243/1250 727/1244/1251
f 708/1224/1232 707/1223/1231 727/1244/1251 728/1245/1252
f 709/1225/1233 708/1224/1232 728/1245/1252 729/1246/1253
f 710/1226/1234 709/1225/1233 729/1246/1253 730/1247/1254
f 711/1227/1235 710/1226/1234 730/1247/1254 731/1248/1255
f 712/1228/1236 711/1227/1235 731/1248/1255 732/1249/1256
f 713/1229/1237 712/1228/1236 732/1249/1256 733/1250/1257
f 714/1230/1238 713/1229/1237 733/1250/1257 734/1251/1258
f 715/1231/1239 714/1230/1238 734/1251/1258 735/1252/1259
f 716/1232/1240 715/1231/1239 735/1252/1259 736/1253/1260
f 717/1233/1241 716/1232/1240 736/1253/1260 737/1254/1261
f 718/1234/1242 717/1233/1241 737/1254/1261 738/1255/1262
f 719/1235/1243 718/1234/1242 738/1255/1262 739/1256/1263
f 700/1236/1224 719/1235/1243 739/1256/1263 720/1257/1244
f 721/1238/1245 720/1237/1244 740/1258/1264 741/1259/1265
f 722/1239/1246 721/1238/1245 741/1259/1265 742/1260/1266
f 723/1240/1247 722/1239/1246 742/1260/1266 743/1261/1267
f 724/1241/1248 723/1240/1247 743/1261/1267 744/1262/1268
f 725/1242/1249 724/1241/1248 744/1262/1268 745/1263/1269
f 726/1243/1250 725/1242/1249 745/1263/1269 746/1264/1270
f 727/1244/1251 726/1243/1250 746/1264/1270 747/1265/1271
f 728/1245/1252 727/1244/1251 747/1265/1271 748/1266/1272
f 729/1246/1253 728/1245/1252 748/1266/1272 749/1267/1273
f 730/1247/1254 729/1246/1253 749/1267/1273 750/1268/1274
f 731/1248/1255 730/1247/1254 750/1268/1274 751/1269/1275
f 732/1249/1256 731/1248/1255 751/1269/1275 752/1270/1276
f 733/1250/1257 732/1249/1256 752/1270/1276 753/1271/1277
f 734/1251/1258 733/1250/1257 753/1271/1277 754/1272/1278
f 735/1252/1259 734/1251/1258 754/1272/1278 755/1273/1279
f 736/1253/1260 735/1252/1259 755/1273/1279 756/1274/1280
f 737/1254/1261 736/1253/1260 756/1274/1280 757/1275/1281
f 738/1255/1262 737/1254/1261 757/1275/1281 758/1276/1282
f 739/1256/1263 738/1255/1262 758/1276/1282 759/1277/1283
f 720/1257/1244 739/1256/1263 759/1277/1283 740/1278/1264
f 741/1259/1265 740/1258/1264 760/1279/1284 761/1280/1285
f 742/1260/1266 741/1259/1265 761/1280/1285 762/1281/1286
f 743/1261/1267 742/1260/1266 762/1281/1286 763/1282/1287
f 744/1262/1268 743/1261/1267 763/1282/1287 764/1283/1288
f 745/1263/1269 744/1262/1268 764/1283/1288 765/1284/1289
f 746/1264/1270 745/1263/1269 765/1284/1289 766/1285/1290
f 747/1265/1271 746/1264/1270 766/1285/1290 767/1286/1291
f 748/1266/1272 747/1265/1271 767/1286/1291 768/1287/1292
f 749/1267/1273 748/1266/1272 768/1287/1292 769/1288/1293
f 750/1268/1274 749/1267/1273 769/1288/1293 770/1289/1294
f 751/1269/1275 750/1268/1274 770/1289/1294 771/1290/1295
f 752/1270/1276 751/1269/1275 771/1290/1295 772/1291/1296
f 753/1271/1277 752/1270/1276 772/1291/1296 773/1292/1297
f 754/1272/1278 753/1271/1277 773/1292/1297 774/1293/1298
f 755/1273/1279 754/1272/1278 774/1293/1298 775/1294/1299
f 756/1274/1280 755/1273/1279 775/1294/1299 776/1295/1300
f 757/1275/1281 756/1274/1280 776/1295/1300 777/1296/1301
f 758/1276/1282 757/1275/1281 777/1296/1301 778/1297/1302
f 759/1277/1283 758/1276/1282 778/1297/1302 779/1298/1303
f 740/1278/1264 759/1277/1283 779/1298/1303 760/1299/1284
f 761/1280/1285 760/1279/1284 780/1300/1304 781/1301/1305
f 762/1281/1286 761/1280/1285 781/1301/1305 782/1302/1306
f 763/1282/1287 762/1281/1286 782/1302/1306 783/1303/1307
f 764/1283/1288 763/1282/1287 783/1303/1307 784/1304/1308
f 765/1284/1289 764/1283/1288 784/1304/1308 785/1305/1309
f 766/1285/1290 765/1284/1289 785/1305/1309 786/1306/1310
f 767/1286/1291 766/1285/1290 786/1306/1310 787/1307/1311
f 768/1287/1292 767/1286/1291 787/1307/1311 788/1308/1312
f 769/1288/1293 768/1287/1292 788/1308/1312 789/1309/1313
f 770/1289/1294 769/1288/1293 789/1309/1313 790/1310/1314
f 771/1290/1295 770/1289/1294 790/1310/1314 791/1311/1315
f 772/1291/1296 771/1290/1295 791/1311/1315 792/1312/1316
f 773/1292/1297 772/1291/1296 792/1312/1316 793/1313/1317
f 774/1293/1298 773/1292/1297 793/1313/1317 794/1314/1318
f 775/1294/1299 774/1293/1298 794/1314/1318 795/1315/1319
f 776/1295/1300 775/1294/1299 795/1315/1319 796/1316/1320
f 777/1296/1301 776/1295/1300 796/1316/1320 797/1317/1321
f 778/1297/1302 777/1296/1301 797/1317/1321 798/1318/1322
f 779/1298/1303 778/1297/1302 798/1318/1322 799/1319/1323
f 760/1299/1284 779/1298/1303 799/1319/1323 780/1320/1304
f 781/1301/1305 780/1300/1304 800/1321/1324 801/1322/1325
f 782/1302/1306 781/1301/1305 801/1322/1325 802/1323/1326
f 783/1303/1307 782/1302/1306 802/1323/1326 803/1324/1327
f 784/1304/1308 783/1303/1307 803/1324/1327 804/1325/1328
f 785/1305/1309 784/1304/1308 804/1325/1328 805/1326/1329
f 786/1306/1310 785/1305/1309 805/1326/1329 806/1327/1330
f 787/1307/1311 786/1306/1310 806/1327/1330 807/1328/1331
f 788/1308/1312 787/1307/1311 807/1328/1331 808/1329/1332
f 789/1309/1313 788/1308/1312 808/1329/1332 809/1330/1333
f 790/1310/1314 789/1309/1313 809/1330/1333 810/1331/1334
f 791/1311/1315 790/1310/1314 810/1331/1334 811/1332/1335
f 792/1312/1316 791/1311/1315 811/1332/1335 812/1333/1336
f 793/1313/1317 792/1312/1316 812/1333/1336 813/1334/1337
f 794/1314/1318 793/1313/1317 813/1334/1337 814/1335/1338
f 795/1315/1319 794/1314/1318 814/1335/1338 815/1336/1339
f 796/1316/1320 795/1315/1319 815/1336/1339 816/1337/1340
f 797/1317/1321 796/1316/1320 816/1337/1340 817/1338/1341
f 798/1318/1322 797/1317/1321 817/1338/1341 818/1339/1342
f 799/1319/1323 798/1318/1322 818/1339/1342 819/1340/1343
f 780/1320/1304 799/1319/1323 819/1340/1343 800/1341/1324
f 801/1322/1325 800/1321/1324 820/1342/1344 821/1343/1345
f 802/1323/1326 801/1322/1325 821/1343/1345 822/1344/1346
f 803/1324/1327 802/1323/1326 822/1344/1346 823/1345/1347
f 804/1325/1328 803/1324/1327 823/1345/1347 824/1346/1348
f 805/1326/1329 804/1325/1328 824/1346/1348 825/1347/1349
f 806/1327/1330 805/1326/1329 825/1347/1349 826/1348/1350
f 807/1328/1331 806/1327/1330 826/1348/1350 827/1349/1351
f 808/1329/1332 807/1328/1331 827/1349/1351 828/1350/1352
f 809/1330/1333 808/1329/1332 828/1350/1352 829/1351/1353
f 810/1331/1334 809/1330/1333 829/1351/1353 830/1352/1354
f 811/1332/1335 810/1331/1334 830/1352/1354 831/1353/1355
f 812/1333/1336 811/1332/1335 831/1353/1355 832/1354/1356
f 813/1334/1337 812/1333/1336 832/1354/1356 833/1355/1357
f 814/1335/1338 813/1334/1337 833/1355/1357 834/1356/1358
f 815/1336/1339 814/1335/1338 834/1356/1358 835/1357/1359
f 816/1337/1340 815/1336/1339 835/1357/1359 836/1358/1360
f 817/1338/1341 816/1337/1340 836/1358/1360 837/1359/1361
f 818/1339/1342 817/1338/1341 837/1359/1361 838/1360/1362
f 819/1340/1343 818/1339/1342 838/1360/1362 839/1361/1363
f 800/1341/1324 819/1340/1343 839/1361/1363 820/1362/1344
f 821/1343/1345 820/1342/1344 840/1363/1364 841/1364/1365
f 822/1344/1346 821/1343/1345 841/1364/1365 842/1365/1366
f 823/1345/1347 822/1344/1346 842/1365/1366 843/1366/1367
f 824/1346/1348 823/1345/1347 843/1366/1367 844/1367/1368
f 825/1347/1349 824/1346/1348 844/1367/1368 845/1368/1369
f 826/1348/1350 825/1347/1349 845/1368/1369 846/1369/1370
f 827/1349/1351 826/1348/1350 846/1369/1370 847/1370/1371
f 828/1350/1352 827/1349/1351 847/1370/1371 848/1371/1372
f 829/1351/1353 828/1350/1352 848/1371/1372 849/1372/1373
f 830/1352/1354 829/1351/1353 849/1372/1373 850/1373/1374
f 831/1353/1355 830/1352/1354 850/1373/1374 851/1374/1375
f 832/1354/1356 831/1353/1355 851/1374/1375 852/1375/1376
f 833/1355/1357 832/1354/1356 852/1375/1376 853/1376/1377
f 834/1356/1358 833/1355/1357 853/1376/1377 854/1377/1378
f 835/1357/1359 834/1356/1358 854/1377/1378 855/1378/1379
f 836/1358/1360 835/1357/1359 855/1378/1379 856/1379/1380
f 837/1359/1361 836/1358/1360 856/1379/1380 857/1380/1381
f 838/1360/1362 837/1359/1361 857/1380/1381 858/1381/1382
f 839/1361/1363 838/1360/1362 858/1381/1382 859/1382/1383
f 820/1362/1344 839/1361/1363 859/1382/1383 840/1383/1364
f 841/1364/1365 840/1363/1364 860/1384/1384 861/1385/1385
f 842/1365/1366 841/1364/1365 861/1385/1385 862/1386/1386
f 843/1366/1367 842/1365/1366 862/1386/1386 863/1387/1387
f 844/1367/1368 843/1366/1367 863/1387/1387 864/1388/1388
f 845/1368/1369 844/1367/1368 864/1388/1388 865/1389/1389
f 846/1369/1370 845/1368/1369 865/1389/1389 866/1390/1390
f 847/1370/1371 846/1369/1370 866/1390/1390 867/1391/1391
f 848/1371/1372 847/1370/1371 867/1391/1391 868/1392/1392
f 849/1372/1373 848/1371/1372 868/1392/1392 869/1393/1393
f 850/1373/1374 849/1372/1373 869/1393/1393 870/1394/1394
f 851/1374/1375 850/1373/1374 870/1394/1394 871/1395/1395
f 852/1375/1376 851/1374/1375 871/1395/1395 872/1396/1396
f 853/1376/1377 852/1375/1376 872/1396/1396 873/1397/1397
f 854/1377/1378 853/1376/1377 873/1397/1397 874/1398/1398
f 855/1378/1379 854/1377/1378 874/1398/1398 875/1399/1399
f 856/1379/1380 855/1378/1379 875/1399/1399 876/1400/1400
f 857/1380/1381 856/1379/1380 876/1400/1400 877/1401/1401
f 858/1381/1382 857/1380/1381 877/1401/1401 878/1402/1402
f 859/1382/1383 858/1381/1382 878/1402/1402 879/1403/1403
f 840/1383/1364 859/1382/1383 879/1403/1403 860/1404/1384
f 861/1385/1385 860/1384/1384 880/1405/1404 881/1406/1405
f 862/1386/1386 861/1385/1385 881/1406/1405 882/1407/1406
f 863/1387/1387 862/1386/1386 882/1407/1406 883/1408/1407
f 864/1388/1388 863/1387/1387 883/1408/1407 884/1409/1408
f 865/1389/1389 864/1388/1388 884/1409/1408 885/1410/1409
f 866/1390/1390 865/1389/1389 885/1410/1409 886/1411/1410
f 867/1391/1391 866/1390/1390 886/1411/1410 887/1412/1411
f 868/1392/1392 867/1391/1391 887/1412/1411 888/1413/1412
f 869/1393/1393 868/1392/1392 888/1413/1412 889/1414/1413
f 870/1394/1394 869/1393/1393 889/1414/1413 890/1415/1414
f 871/1395/1395 870/1394/1394 890/1415/1414 891/1416/1415
f 872/1396/1396 871/1395/1395 891/1416/1415 892/1417/1416
f 873/1397/1397 872/1396/1396 892/1417/1416 893/1418/1417
f 874/1398/1398 873/1397/1397 893/1418/1417 894/1419/1418
f 875/1399/1399 874/1398/1398 894/1419/1418 895/1420/1419
f 876/1400/1400 875/1399/1399 895/1420/1419 896/1421/1420
f 877/1401/1401 876/1400/1400 896/1421/1420 897/1422/1421
f 878/1402/1402 877/1401/1401 897/1422/1421 898/1423/1422
f 879/1403/1403 878/1402/1402 898/1423/1422 899/1424/1423
f 860/1404/1384 879/1403/1403 899/1424/1423 880/1425/1404
f 881/1406/1405 880/1405/1404 520/1426/1045 521/1427/1044
f 882/1407/1406 881/1406/1405 521/1427/1044 522/1428/1048
f 883/1408/1407 882/1407/1406 522/1428/1048 523/1429/1050
f 884/1409/1408 883/1408/1407 523/1429/1050 524/1430/1052
f 885/1410/1409 884/1409/1408 524/1430/1052 525/1431/1054
f 886/1411/1410 885/1410/1409 525/1431/1054 526/1432/1056
f 887/1412/1411 886/1411/1410 526/1432/1056 527/1433/1058
f 888/1413/1412 887/1412/1411 527/1433/1058 528/1434/1060
f 889/1414/1413 888/1413/1412 528/1434/1060 529/1435/1062
f 890/1415/1414 889/1414/1413 529/1435/1062 530/1436/1064
f 891/1416/1415 890/1415/1414 530/1436/1064 531/1437/1066
f 892/1417/1416 891/1416/1415 531/1437/1066 532/1438/1068
f 893/1418/1417 892/1417/1416 532/1438/1068 533/1439/1070
f 894/1419/1418 893/1418/1417 533/1439/1070 534/1440/1072
f 895/1420/1419 894/1419/1418 534/1440/1072 535/1441/1074
f 896/1421/1420 895/1420/1419 535/1441/1074 536/1442/1076
f 897/1422/1421 896/1421/1420 536/1442/1076 537/1443/1078
f 898/1423/1422 897/1422/1421 537/1443/1078 538/1444/1080
f 899/1424/1423 898/1423/1422 538/1444/1080 539/1445/1082
f 880/1425/1404 899/1424/1423 539/1445/1082 520/1446/1045
g default
v -1.141409 6.419635 0.309296
v -1.144057 6.419635 0.304098
v -1.148182 6.419635 0.299973
v -1.153380 6.419635 0.297325
v -1.159141 6.419635 0.296412
v -1.164903 6.419635 0.297325
v -1.170101 6.419635 0.299973
v -1.174226 6.419635 0.304098
v -1.176874 6.419635 0.309296
v -1.177787 6.419635 0.315057
v -1.176874 6.419635 0.320819
v -1.174226 6.419635 0.326017
v -1.170101 6.419635 0.330142
v -1.164903 6.419635 0.332790
v -1.159141 6.419635 0.333703
v -1.153380 6.419635 0.332790
v -1.148182 6.419635 0.330142
v -1.144057 6.419635 0.326017
v -1.141409 6.419635 0.320819
v -1.140496 6.419635 0.315057
v -1.141409 6.612832 0.309296
v -1.144057 6.612832 0.304098
v -1.148182 6.612832 0.299973
v -1.153380 6.612832 0.297325
v -1.159141 6.612832 0.296412
v -1.164903 6.612832 0.297325
v -1.170101 6.612832 0.299973
v -1.174226 6.612832 0.304098
v -1.176874 6.612832 0.309296
v -1.177787 6.612832 0.315057
v -1.176874 6.612832 0.320819
v -1.174226 6.612832 0.326017
v -1.170101 6.612832 0.330142
v -1.164903 6.612832 0.332790
v -1.159141 6.612832 0.333703
v -1.153380 6.612832 0.332790
v -1.148182 6.612832 0.330142
v -1.144057 6.612832 0.326017
v -1.141409 6.612832 0.320819
v -1.140496 6.612832 0.315057
v -1.159141 6.419635 0.315057
v -1.159141 6.612832 0.315057
vt 0.648603 0.107966
vt 0.626409 0.064408
vt 0.591842 0.029841
vt 0.548284 0.007647
vt 0.500000 -0.000000
vt 0.451716 0.007647
vt 0.408159 0.029841
vt 0.373591 0.064409
vt 0.351397 0.107966
vt 0.343750 0.156250
vt 0.351397 0.204534
vt 0.373591 0.248091
vt 0.408159 0.282659
vt 0.451716 0.304853
vt 0.500000 0.312500
vt 0.548284 0.304853
vt 0.591841 0.282659
vt 0.626409 0.248091
vt 0.648603 0.204534
vt 0.656250 0.156250
vt 0.375000 0.312500
vt 0.387500 0.312500
vt 0.400000 0.312500
vt 0.412500 0.312500
vt 0.425000 0.312500
vt 0.437500 0.312500
vt 0.450000 0.312500
vt 0.462500 0.312500
vt 0.475000 0.312500
vt 0.487500 0.312500
vt 0.500000 0.312500
vt 0.512500 0.312500
vt 0.525000 0.312500
vt 0.537500 0.312500
vt 0.550000 0.312500
vt 0.562500 0.312500
vt 0.575000 0.312500
vt 0.587500 0.312500
vt 0.600000 0.312500
vt 0.612500 0.312500
vt 0.625000 0.312500
vt 0.375000 0.687500
vt 0.387500 0.687500
vt 0.400000 0.687500
vt 0.412500 0.687500
vt 0.425000 0.687500
vt 0.437500 0.687500
vt 0.450000 0.687500
vt 0.462500 0.687500
vt 0.475000 0.687500
vt 0.487500 0.687500
vt 0.500000 0.687500
vt 0.512500 0.687500
vt 0.525000 0.687500
vt 0.537500 0.687500
vt 0.550000 0.687500
vt 0.562500 0.687500
vt 0.575000 0.687500
vt 0.587500 0.687500
vt 0.600000 0.687500
vt 0.612500 0.687500
vt 0.625000 0.687500
vt 0.648603 0.795466
vt 0.626409 0.751908
vt 0.591842 0.717341
vt 0.548284 0.695147
vt 0.500000 0.687500
vt 0.451716 0.695147
vt 0.408159 0.717341
vt 0.373591 0.751909
vt 0.351397 0.795466
vt 0.343750 0.843750
vt 0.351397 0.892034
vt 0.373591 0.935591
vt 0.408159 0.970159
vt 0.451716 0.992353
vt 0.500000 1.000000
vt 0.548284 0.992353
vt 0.591841 0.970159
vt 0.626409 0.935591
vt 0.648603 0.892034
vt 0.656250 0.843750
vt 0.500000 0.156250
vt 0.500000 0.843750
vn 0.951057 0.000000 -0.309016
vn 0.809017 0.000000 -0.587785
vn 0.809017 0.000000 -0.587785
vn 0.951057 0.000000 -0.309016
vn 0.587785 0.000000 -0.809017
vn 0.587785 0.000000 -0.809017
vn 0.309017 0.000000 -0.951057
vn 0.309017 0.000000 -0.951057
vn -0.000000 0.000000 -1.000000
vn -0.000000 0.000000 -1.000000
vn -0.309017 0.000000 -0.951056
vn -0.309017 0.000000 -0.951056
vn -0.587785 0.000000 -0.809017
vn -0.587785 0.000000 -0.809017
vn -0.809017 0.000000 -0.587785
vn -0.809017 0.000000 -0.587785
vn -0.951057 0.000000 -0.309017
vn -0.951057 0.000000 -0.309017
vn -1.000000 0.000000 0.000000
vn -1.000000 0.000000 0.000000
vn -0.951056 0.000000 0.309017
vn -0.951056 0.000000 0.309017
vn -0.809017 0.000000 0.587785
vn -0.809017 0.000000 0.587785
vn -0.587785 0.000000 0.809017
vn -0.587785 0.000000 0.809017
vn -0.309017 0.000000 0.951057
vn -0.309017 0.000000 0.951057
vn 0.000000 0.000000 1.000000
vn 0.000000 0.000000 1.000000
vn 0.309017 0.000000 0.951056
vn 0.309017 0.000000 0.951056
vn 0.587785 0.000000 0.809017
vn 0.587785 0.000000 0.809017
vn 0.809017 0.000000 0.587785
vn 0.809017 0.000000 0.587785
vn 0.951057 0.000000 0.309017
vn 0.951057 0.000000 0.309017
vn 1.000000 0.000000 0.000001
vn 1.000000 0.000000 0.000001
vn 0.000000 -1.000000 0.000000
vn 0.000000 -1.000000 0.000000
vn 0.000000 -1.000000 0.000000
vn 0.000000 -1.000000 0.000000
vn 0.000000 -1.000000 0.000000
vn 0.000000 -1.000000 0.000000
vn 0.000000 -1.000000 0.000000
vn 0.000000 -1.000000 0.000000
vn 0.000000 -1.000000 0.000000
vn 0.000000 -1.000000 0.000000
vn 0.000000 -1.000000 0.000000
vn 0.000000 -1.000000 0.000000
vn 0.000000 -1.000000 0.000000
vn 0.000000 -1.000000 0.000000
vn 0.000000 -1.000000 0.000000
vn 0.000000 -1.000000 0.000000
vn 0.000000 -1.000000 0.000000
vn 0.000000 -1.000000 0.000000
vn 0.000000 -1.000000 0.000000
vn 0.000000 -1.000000 0.000000
vn 0.000000 -1.000000 0.000000
vn 0.000000 1.000000 0.000000
vn 0.000000 1.000000 0.000000
vn 0.000000 1.000000 0.000000
vn 0.000000 1.000000 0.000000
vn 0.000000 1.000000 0.000000
vn 0.000000 1.000000 0.000000
vn 0.000000 1.000000 0.000000
vn 0.000000 1.000000 0.000000
vn 0.000000 1.000000 0.000000
vn 0.000000 1.000000 0.000000
vn 0.000000 1.000000 0.000000
vn 0.000000 1.000000 0.000000
vn 0.000000 1.000000 0.000000
vn 0.000000 1.000000 0.000000
vn 0.000000 1.000000 0.000000
vn 0.000000 1.000000 0.000000
vn 0.000000 1.000000 0.000000
vn 0.000000 1.000000 0.000000
vn 0.000000 1.000000 0.000000
vn 0.000000 1.000000 0.000000
vn 0.000000 1.000000 0.000000
s 1
g lighthouse1 pCylinder9
usemtl initialShadingGroup
f 900/1467/1424 901/1468/1425 921/1489/1426 920/1488/1427
f 901/1468/1425 902/1469/1428 922/1490/1429 921/1489/1426
f 902/1469/1428 903/1470/1430 923/1491/1431 922/1490/1429
f 903/1470/1430 904/1471/1432 924/1492/1433 923/1491/1431
f 904/1471/1432 905/1472/1434 925/1493/1435 924/1492/1433
f 905/1472/1434 906/1473/1436 926/1494/1437 925/1493/1435
f 906/1473/1436 907/1474/1438 927/1495/1439 926/1494/1437
f 907/1474/1438 908/1475/1440 928/1496/1441 927/1495/1439
f 908/1475/1440 909/1476/1442 929/1497/1443 928/1496/1441
f 909/1476/1442 910/1477/1444 930/1498/1445 929/1497/1443
f 910/1477/1444 911/1478/1446 931/1499/1447 930/1498/1445
f 911/1478/1446 912/1479/1448 932/1500/1449 931/1499/1447
f 912/1479/1448 913/1480/1450 933/1501/1451 932/1500/1449
f 913/1480/1450 914/1481/1452 934/1502/1453 933/1501/1451
f 914/1481/1452 915/1482/1454 935/1503/1455 934/1502/1453
f 915/1482/1454 916/1483/1456 936/1504/1457 935/1503/1455
f 916/1483/1456 917/1484/1458 937/1505/1459 936/1504/1457
f 917/1484/1458 918/1485/1460 938/1506/1461 937/1505/1459
f 918/1485/1460 919/1486/1462 939/1507/1463 938/1506/1461
f 919/1486/1462 900/1487/1424 920/1508/1427 939/1507/1463
s 2
f 901/1448/1464 900/1447/1465 940/1529/1466
f 902/1449/1467 901/1448/1464 940/1529/1466
f 903/1450/1468 902/1449/1467 940/1529/1466
f 904/1451/1469 903/1450/1468 940/1529/1466
f 905/1452/1470 904/1451/1469 940/1529/1466
f 906/1453/1471 905/1452/1470 940/1529/1466
f 907/1454/1472 906/1453/1471 940/1529/1466
f 908/1455/1473 907/1454/1472 940/1529/1466
f 909/1456/1474 908/1455/1473 940/1529/1466
f 910/1457/1475 909/1456/1474 940/1529/1466
f 911/1458/1476 910/1457/1475 940/1529/1466
f 912/1459/1477 911/1458/1476 940/1529/1466
f 913/1460/1478 912/1459/1477 940/1529/1466
f 914/1461/1479 913/1460/1478 940/1529/1466
f 915/1462/1480 914/1461/1479 940/1529/1466
f 916/1463/1481 915/1462/1480 940/1529/1466
f 917/1464/1482 916/1463/1481 940/1529/1466
f 918/1465/1483 917/1464/1482 940/1529/1466
f 919/1466/1484 918/1465/1483 940/1529/1466
f 900/1447/1465 919/1466/1484 940/1529/1466
s 3
f 920/1527/1485 921/1526/1486 941/1530/1487
f 921/1526/1486 922/1525/1488 941/1530/1487
f 922/1525/1488 923/1524/1489 941/1530/1487
f 923/1524/1489 924/1523/1490 941/1530/1487
f 924/1523/1490 925/1522/1491 941/1530/1487
f 925/1522/1491 926/1521/1492 941/1530/1487
f 926/1521/1492 927/1520/1493 941/1530/1487
f 927/1520/1493 928/1519/1494 941/1530/1487
f 928/1519/1494 929/1518/1495 941/1530/1487
f 929/1518/1495 930/1517/1496 941/1530/1487
f 930/1517/1496 931/1516/1497 941/1530/1487
f 931/1516/1497 932/1515/1498 941/1530/1487
f 932/1515/1498 933/1514/1499 941/1530/1487
f 933/1514/1499 934/1513/1500 941/1530/1487
f 934/1513/1500 935/1512/1501 941/1530/1487
f 935/1512/1501 936/1511/1502 941/1530/1487
f 936/1511/1502 937/1510/1503 941/1530/1487
f 937/1510/1503 938/1509/1504 941/1530/1487
f 938/1509/1504 939/1528/1505 941/1530/1487
f 939/1528/1505 920/1527/1485 941/1530/1487
g default
v -0.320552 6.419635 1.158349
v -0.323201 6.419635 1.153151
v -0.327326 6.419635 1.149026
v -0.332523 6.419635 1.146377
v -0.338285 6.419635 1.145465
v -0.344047 6.419635 1.146377
v -0.349245 6.419635 1.149026
v -0.353370 6.419635 1.153151
v -0.356018 6.419635 1.158349
v -0.356930 6.419635 1.164110
v -0.356018 6.419635 1.169872
v -0.353370 6.419635 1.175070
v -0.349245 6.419635 1.179195
v -0.344047 6.419635 1.181843
v -0.338285 6.419635 1.182756
v -0.332523 6.419635 1.181843
v -0.327326 6.419635 1.179195
v -0.323201 6.419635 1.175070
v -0.320552 6.419635 1.169872
v -0.319640 6.419635 1.164110
v -0.320552 6.612832 1.158349
v -0.323201 6.612832 1.153151
v -0.327326 6.612832 1.149026
v -0.332523 6.612832 1.146377
v -0.338285 6.612832 1.145465
v -0.344047 6.612832 1.146377
v -0.349245 6.612832 1.149026
v -0.353370 6.612832 1.153151
v -0.356018 6.612832 1.158349
v -0.356930 6.612832 1.164110
v -0.356018 6.612832 1.169872
v -0.353370 6.612832 1.175070
v -0.349245 6.612832 1.179195
v -0.344047 6.612832 1.181843
v -0.338285 6.612832 1.182756
v -0.332523 6.612832 1.181843
v -0.327326 6.612832 1.179195
v -0.323201 6.612832 1.175070
v -0.320552 6.612832 1.169872
v -0.319640 6.612832 1.164110
v -0.338285 6.419635 1.164110
v -0.338285 6.612832 1.164110
vt 0.648603 0.107966
vt 0.626409 0.064408
vt 0.591842 0.029841
vt 0.548284 0.007647
vt 0.500000 -0.000000
vt 0.451716 0.007647
vt 0.408159 0.029841
vt 0.373591 0.064409
vt 0.351397 0.107966
vt 0.343750 0.156250
vt 0.351397 0.204534
vt 0.373591 0.248091
vt 0.408159 0.282659
vt 0.451716 0.304853
vt 0.500000 0.312500
vt 0.548284 0.304853
vt 0.591841 0.282659
vt 0.626409 0.248091
vt 0.648603 0.204534
vt 0.656250 0.156250
vt 0.375000 0.312500
vt 0.387500 0.312500
vt 0.400000 0.312500
vt 0.412500 0.312500
vt 0.425000 0.312500
vt 0.437500 0.312500
vt 0.450000 0.312500
vt 0.462500 0.312500
vt 0.475000 0.312500
vt 0.487500 0.312500
vt 0.500000 0.312500
vt 0.512500 0.312500
vt 0.525000 0.312500
vt 0.537500 0.312500
vt 0.550000 0.312500
vt 0.562500 0.312500
vt 0.575000 0.312500
vt 0.587500 0.312500
vt 0.600000 0.312500
vt 0.612500 0.312500
vt 0.625000 0.312500
vt 0.375000 0.687500
vt 0.387500 0.687500
vt 0.400000 0.687500
vt 0.412500 0.687500
vt 0.425000 0.687500
vt 0.437500 0.687500
vt 0.450000 0.687500
vt 0.462500 0.687500
vt 0.475000 0.687500
vt 0.487500 0.687500
vt 0.500000 0.687500
vt 0.512500 0.687500
vt 0.525000 0.687500
vt 0.537500 0.687500
vt 0.550000 0.687500
vt 0.562500 0.687500
vt 0.575000 0.687500
vt 0.587500 0.687500
vt 0.600000 0.687500
vt 0.612500 0.687500
vt 0.625000 0.687500
vt 0.648603 0.795466
vt 0.626409 0.751908
vt 0.591842 0.717341
vt 0.548284 0.695147
vt 0.500000 0.687500
vt 0.451716 0.695147
vt 0.408159 0.717341
vt 0.373591 0.751909
vt 0.351397 0.795466
vt 0.343750 0.843750
vt 0.351397 0.892034
vt 0.373591 0.935591
vt 0.408159 0.970159
vt 0.451716 0.992353
vt 0.500000 1.000000
vt 0.548284 0.992353
vt 0.591841 0.970159
vt 0.626409 0.935591
vt 0.648603 0.892034
vt 0.656250 0.843750
vt 0.500000 0.156250
vt 0.500000 0.843750
vn 0.951057 0.000000 -0.309016
vn 0.809017 0.000000 -0.587785
vn 0.809017 0.000000 -0.587785
vn 0.951057 0.000000 -0.309016
vn 0.587785 0.000000 -0.809017
vn 0.587785 0.000000 -0.809017
vn 0.309017 0.000000 -0.951057
vn 0.309017 0.000000 -0.951057
vn -0.000000 0.000000 -1.000000
vn -0.000000 0.000000 -1.000000
vn -0.309017 0.000000 -0.951056
vn -0.309017 0.000000 -0.951056
vn -0.587785 0.000000 -0.809017
vn -0.587785 0.000000 -0.809017
vn -0.809017 0.000000 -0.587785
vn -0.809017 0.000000 -0.587785
vn -0.951057 0.000000 -0.309017
vn -0.951057 0.000000 -0.309017
vn -1.000000 0.000000 0.000000
vn -1.000000 0.000000 0.000000
vn -0.951056 0.000000 0.309017
vn -0.951056 0.000000 0.309017
vn -0.809017 0.000000 0.587785
vn -0.809017 0.000000 0.587785
vn -0.587785 0.000000 0.809017
vn -0.587785 0.000000 0.809017
vn -0.309017 0.000000 0.951057
vn -0.309017 0.000000 0.951057
vn 0.000000 0.000000 1.000000
vn 0.000000 0.000000 1.000000
vn 0.309017 0.000000 0.951056
vn 0.309017 0.000000 0.951056
vn 0.587785 0.000000 0.809017
vn 0.587785 0.000000 0.809017
vn 0.809017 0.000000 0.587785
vn 0.809017 0.000000 0.587785
vn 0.951057 0.000000 0.309017
vn 0.951057 0.000000 0.309017
vn 1.000000 0.000000 0.000001
vn 1.000000 0.000000 0.000001
vn 0.000000 -1.000000 0.000000
vn 0.000000 -1.000000 0.000000
vn 0.000000 -1.000000 0.000000
vn 0.000000 -1.000000 0.000000
vn 0.000000 -1.000000 0.000000
vn 0.000000 -1.000000 0.000000
vn 0.000000 -1.000000 0.000000
vn 0.000000 -1.000000 0.000000
vn 0.000000 -1.000000 0.000000
vn 0.000000 -1.000000 0.000000
vn 0.000000 -1.000000 0.000000
vn 0.000000 -1.000000 0.000000
vn 0.000000 -1.000000 0.000000
vn 0.000000 -1.000000 0.000000
vn 0.000000 -1.000000 0.000000
vn 0.000000 -1.000000 0.000000
vn 0.000000 -1.000000 0.000000
vn 0.000000 -1.000000 0.000000
vn 0.000000 -1.000000 0.000000
vn 0.000000 -1.000000 0.000000
vn 0.000000 -1.000000 0.000000
vn 0.000000 1.000000 0.000000
vn 0.000000 1.000000 0.000000
vn 0.000000 1.000000 0.000000
vn 0.000000 1.000000 0.000000
vn 0.000000 1.000000 0.000000
vn 0.000000 1.000000 0.000000
vn 0.000000 1.000000 0.000000
vn 0.000000 1.000000 0.000000
vn 0.000000 1.000000 0.000000
vn 0.000000 1.000000 0.000000
vn 0.000000 1.000000 0.000000
vn 0.000000 1.000000 0.000000
vn 0.000000 1.000000 0.000000
vn 0.000000 1.000000 0.000000
vn 0.000000 1.000000 0.000000
vn 0.000000 1.000000 0.000000
vn 0.000000 1.000000 0.000000
vn 0.000000 1.000000 0.000000
vn 0.000000 1.000000 0.000000
vn 0.000000 1.000000 0.000000
vn 0.000000 1.000000 0.000000
s 1
g lighthouse1 pCylinder11
usemtl initialShadingGroup
f 942/1551/1506 943/1552/1507 963/1573/1508 962/1572/1509
f 943/1552/1507 944/1553/1510 964/1574/1511 963/1573/1508
f 944/1553/1510 945/1554/1512 965/1575/1513 964/1574/1511
f 945/1554/1512 946/1555/1514 966/1576/1515 965/1575/1513
f 946/1555/1514 947/1556/1516 967/1577/1517 966/1576/1515
f 947/1556/1516 948/1557/1518 968/1578/1519 967/1577/1517
f 948/1557/1518 949/1558/1520 969/1579/1521 968/1578/1519
f 949/1558/1520 950/1559/1522 970/1580/1523 969/1579/1521
f 950/1559/1522 951/1560/1524 971/1581/1525 970/1580/1523
f 951/1560/1524 952/1561/1526 972/1582/1527 971/1581/1525
f 952/1561/1526 953/1562/1528 973/1583/1529 972/1582/1527
f 953/1562/1528 954/1563/1530 974/1584/1531 973/1583/1529
f 954/1563/1530 955/1564/1532 975/1585/1533 974/1584/1531
f 955/1564/1532 956/1565/1534 976/1586/1535 975/1585/1533
f 956/1565/1534 957/1566/1536 977/1587/1537 976/1586/1535
f 957/1566/1536 958/1567/1538 978/1588/1539 977/1587/1537
f 958/1567/1538 959/1568/1540 979/1589/1541 978/1588/1539
f 959/1568/1540 960/1569/1542 980/1590/1543 979/1589/1541
f 960/1569/1542 961/1570/1544 981/1591/1545 980/1590/1543
f 961/1570/1544 942/1571/1506 962/1592/1509 981/1591/1545
s 2
f 943/1532/1546 942/1531/1547 982/1613/1548
f 944/1533/1549 943/1532/1546 982/1613/1548
f 945/1534/1550 944/1533/1549 982/1613/1548
f 946/1535/1551 945/1534/1550 982/1613/1548
f 947/1536/1552 946/1535/1551 982/1613/1548
f 948/1537/1553 947/1536/1552 982/1613/1548
f 949/1538/1554 948/1537/1553 982/1613/1548
f 950/1539/1555 949/1538/1554 982/1613/1548
f 951/1540/1556 950/1539/1555 982/1613/1548
f 952/1541/1557 951/1540/1556 982/1613/1548
f 953/1542/1558 952/1541/1557 982/1613/1548
f 954/1543/1559 953/1542/1558 982/1613/1548
f 955/1544/1560 954/1543/1559 982/1613/1548
f 956/1545/1561 955/1544/1560 982/1613/1548
f 957/1546/1562 956/1545/1561 982/1613/1548
f 958/1547/1563 957/1546/1562 982/1613/1548
f 959/1548/1564 958/1547/1563 982/1613/1548
f 960/1549/1565 959/1548/1564 982/1613/1548
f 961/1550/1566 960/1549/1565 982/1613/1548
f 942/1531/1547 961/1550/1566 982/1613/1548
s 3
f 962/1611/1567 963/1610/1568 983/1614/1569
f 963/1610/1568 964/1609/1570 983/1614/1569
f 964/1609/1570 965/1608/1571 983/1614/1569
f 965/1608/1571 966/1607/1572 983/1614/1569
f 966/1607/1572 967/1606/1573 983/1614/1569
f 967/1606/1573 968/1605/1574 983/1614/1569
f 968/1605/1574 969/1604/1575 983/1614/1569
f 969/1604/1575 970/1603/1576 983/1614/1569
f 970/1603/1576 971/1602/1577 983/1614/1569
f 971/1602/1577 972/1601/1578 983/1614/1569
f 972/1601/1578 973/1600/1579 983/1614/1569
f 973/1600/1579 974/1599/1580 983/1614/1569
f 974/1599/1580 975/1598/1581 983/1614/1569
f 975/1598/1581 976/1597/1582 983/1614/1569
f 976/1597/1582 977/1596/1583 983/1614/1569
f 977/1596/1583 978/1595/1584 983/1614/1569
f 978/1595/1584 979/1594/1585 983/1614/1569
f 979/1594/1585 980/1593/1586 983/1614/1569
f 980/1593/1586 981/1612/1587 983/1614/1569
f 981/1612/1587 962/1611/1567 983/1614/1569
g default
v 0.757922 6.419635 -0.949232
v 0.755274 6.419635 -0.954429
v 0.751149 6.419635 -0.958554
v 0.745951 6.419635 -0.961203
v 0.740189 6.419635 -0.962115
v 0.734427 6.419635 -0.961203
v 0.729230 6.419635 -0.958554
v 0.725105 6.419635 -0.954429
v 0.722456 6.419635 -0.949232
v 0.721544 6.419635 -0.943470
v 0.722456 6.419635 -0.937708
v 0.725105 6.419635 -0.932510
v 0.729230 6.419635 -0.928385
v 0.734427 6.419635 -0.925737
v 0.740189 6.419635 -0.924824
v 0.745951 6.419635 -0.925737
v 0.751149 6.419635 -0.928385
v 0.755274 6.419635 -0.932510
v 0.757922 6.419635 -0.937708
v 0.758835 6.419635 -0.943470
v 0.757922 6.612832 -0.949232
v 0.755274 6.612832 -0.954429
v 0.751149 6.612832 -0.958554
v 0.745951 6.612832 -0.961203
v 0.740189 6.612832 -0.962115
v 0.734427 6.612832 -0.961203
v 0.729230 6.612832 -0.958554
v 0.725105 6.612832 -0.954429
v 0.722456 6.612832 -0.949232
v 0.721544 6.612832 -0.943470
v 0.722456 6.612832 -0.937708
v 0.725105 6.612832 -0.932510
v 0.729230 6.612832 -0.928385
v 0.734427 6.612832 -0.925737
v 0.740189 6.612832 -0.924824
v 0.745951 6.612832 -0.925737
v 0.751149 6.612832 -0.928385
v 0.755274 6.612832 -0.932510
v 0.757922 6.612832 -0.937708
v 0.758835 6.612832 -0.943470
v 0.740189 6.419635 -0.943470
v 0.740189 6.612832 -0.943470
vt 0.648603 0.107966
vt 0.626409 0.064408
vt 0.591842 0.029841
vt 0.548284 0.007647
vt 0.500000 -0.000000
vt 0.451716 0.007647
vt 0.408159 0.029841
vt 0.373591 0.064409
vt 0.351397 0.107966
vt 0.343750 0.156250
vt 0.351397 0.204534
vt 0.373591 0.248091
vt 0.408159 0.282659
vt 0.451716 0.304853
vt 0.500000 0.312500
vt 0.548284 0.304853
vt 0.591841 0.282659
vt 0.626409 0.248091
vt 0.648603 0.204534
vt 0.656250 0.156250
vt 0.375000 0.312500
vt 0.387500 0.312500
vt 0.400000 0.312500
vt 0.412500 0.312500
vt 0.425000 0.312500
vt 0.437500 0.312500
vt 0.450000 0.312500
vt 0.462500 0.312500
vt 0.475000 0.312500
vt 0.487500 0.312500
vt 0.500000 0.312500
vt 0.512500 0.312500
vt 0.525000 0.312500
vt 0.537500 0.312500
vt 0.550000 0.312500
vt 0.562500 0.312500
vt 0.575000 0.312500
vt 0.587500 0.312500
vt 0.600000 0.312500
vt 0.612500 0.312500
vt 0.625000 0.312500
vt 0.375000 0.687500
vt 0.387500 0.687500
vt 0.400000 0.687500
vt 0.412500 0.687500
vt 0.425000 0.687500
vt 0.437500 0.687500
vt 0.450000 0.687500
vt 0.462500 0.687500
vt 0.475000 0.687500
vt 0.487500 0.687500
vt 0.500000 0.687500
vt 0.512500 0.687500
vt 0.525000 0.687500
vt 0.537500 0.687500
vt 0.550000 0.687500
vt 0.562500 0.687500
vt 0.575000 0.687500
vt 0.587500 0.687500
vt 0.600000 0.687500
vt 0.612500 0.687500
vt 0.625000 0.687500
vt 0.648603 0.795466
vt 0.626409 0.751908
vt 0.591842 0.717341
vt 0.548284 0.695147
vt 0.500000 0.687500
vt 0.451716 0.695147
vt 0.408159 0.717341
vt 0.373591 0.751909
vt 0.351397 0.795466
vt 0.343750 0.843750
vt 0.351397 0.892034
vt 0.373591 0.935591
vt 0.408159 0.970159
vt 0.451716 0.992353
vt 0.500000 1.000000
vt 0.548284 0.992353
vt 0.591841 0.970159
vt 0.626409 0.935591
vt 0.648603 0.892034
vt 0.656250 0.843750
vt 0.500000 0.156250
vt 0.500000 0.843750
vn 0.951057 0.000000 -0.309016
vn 0.809017 0.000000 -0.587785
vn 0.809017 0.000000 -0.587785
vn 0.951057 0.000000 -0.309016
vn 0.587785 0.000000 -0.809017
vn 0.587785 0.000000 -0.809017
vn 0.309017 0.000000 -0.951057
vn 0.309017 0.000000 -0.951057
vn -0.000000 0.000000 -1.000000
vn -0.000000 0.000000 -1.000000
vn -0.309017 0.000000 -0.951056
vn -0.309017 0.000000 -0.951056
vn -0.587785 0.000000 -0.809017
vn -0.587785 0.000000 -0.809017
vn -0.809017 0.000000 -0.587785
vn -0.809017 0.000000 -0.587785
vn -0.951057 0.000000 -0.309017
vn -0.951057 0.000000 -0.309017
vn -1.000000 0.000000 0.000000
vn -1.000000 0.000000 0.000000
vn -0.951056 0.000000 0.309017
vn -0.951056 0.000000 0.309017
vn -0.809017 0.000000 0.587785
vn -0.809017 0.000000 0.587785
vn -0.587785 0.000000 0.809017
vn -0.587785 0.000000 0.809017
vn -0.309017 0.000000 0.951057
vn -0.309017 0.000000 0.951057
vn 0.000000 0.000000 1.000000
vn 0.000000 0.000000 1.000000
vn 0.309017 0.000000 0.951056
vn 0.309017 0.000000 0.951056
vn 0.587785 0.000000 0.809017
vn 0.587785 0.000000 0.809017
vn 0.809017 0.000000 0.587785
vn 0.809017 0.000000 0.587785
vn 0.951057 0.000000 0.309017
vn 0.951057 0.000000 0.309017
vn 1.000000 0.000000 0.000001
vn 1.000000 0.000000 0.000001
vn 0.000000 -1.000000 0.000000
vn 0.000000 -1.000000 0.000000
vn 0.000000 -1.000000 0.000000
vn 0.000000 -1.000000 0.000000
vn 0.000000 -1.000000 0.000000
vn 0.000000 -1.000000 0.000000
vn 0.000000 -1.000000 0.000000
vn 0.000000 -1.000000 0.000000
vn 0.000000 -1.000000 0.000000
vn 0.000000 -1.000000 0.000000
vn 0.000000 -1.000000 0.000000
vn 0.000000 -1.000000 0.000000
vn 0.000000 -1.000000 0.000000
vn 0.000000 -1.000000 0.000000
vn 0.000000 -1.000000 0.000000
vn 0.000000 -1.000000 0.000000
vn 0.000000 -1.000000 0.000000
vn 0.000000 -1.000000 0.000000
vn 0.000000 -1.000000 0.000000
vn 0.000000 -1.000000 0.000000
vn 0.000000 -1.000000 0.000000
vn 0.000000 1.000000 0.000000
vn 0.000000 1.000000 0.000000
vn 0.000000 1.000000 0.000000
vn 0.000000 1.000000 0.000000
vn 0.000000 1.000000 0.000000
vn 0.000000 1.000000 0.000000
vn 0.000000 1.000000 0.000000
vn 0.000000 1.000000 0.000000
vn 0.000000 1.000000 0.000000
vn 0.000000 1.000000 0.000000
vn 0.000000 1.000000 0.000000
vn 0.000000 1.000000 0.000000
vn 0.000000 1.000000 0.000000
vn 0.000000 1.000000 0.000000
vn 0.000000 1.000000 0.000000
vn 0.000000 1.000000 0.000000
vn 0.000000 1.000000 0.000000
vn 0.000000 1.000000 0.000000
vn 0.000000 1.000000 0.000000
vn 0.000000 1.000000 0.000000
vn 0.000000 1.000000 0.000000
s 1
g lighthouse1 pCylinder16
usemtl initialShadingGroup
f 984/1635/1588 985/1636/1589 1005/1657/1590 1004/1656/1591
f 985/1636/1589 986/1637/1592 1006/1658/1593 1005/1657/1590
f 986/1637/1592 987/1638/1594 1007/1659/1595 1006/1658/1593
f 987/1638/1594 988/1639/1596 1008/1660/1597 1007/1659/1595
f 988/1639/1596 989/1640/1598 1009/1661/1599 1008/1660/1597
f 989/1640/1598 990/1641/1600 1010/1662/1601 1009/1661/1599
f 990/1641/1600 991/1642/1602 1011/1663/1603 1010/1662/1601
f 991/1642/1602 992/1643/1604 1012/1664/1605 1011/1663/1603
f 992/1643/1604 993/1644/1606 1013/1665/1607 1012/1664/1605
f 993/1644/1606 994/1645/1608 1014/1666/1609 1013/1665/1607
f 994/1645/1608 995/1646/1610 1015/1667/1611 1014/1666/1609
f 995/1646/1610 996/1647/1612 1016/1668/1613 1015/1667/1611
f 996/1647/1612 997/1648/1614 1017/1669/1615 1016/1668/1613
f 997/1648/1614 998/1649/1616 1018/1670/1617 1017/1669/1615
f 998/1649/1616 999/1650/1618 1019/1671/1619 1018/1670/1617
f 999/1650/1618 1000/1651/1620 1020/1672/1621 1019/1671/1619
f 1000/1651/1620 1001/1652/1622 1021/1673/1623 1020/1672/1621
f 1001/1652/1622 1002/1653/1624 1022/1674/1625 1021/1673/1623
f 1002/1653/1624 1003/1654/1626 1023/1675/1627 1022/1674/1625
f 1003/1654/1626 984/1655/1588 1004/1676/1591 1023/1675/1627
s 2
f 985/1616/1628 984/1615/1629 1024/1697/1630
f 986/1617/1631 985/1616/1628 1024/1697/1630
f 987/1618/1632 986/1617/1631 1024/1697/1630
f 988/1619/1633 987/1618/1632 1024/1697/1630
f 989/1620/1634 988/1619/1633 1024/1697/1630
f 990/1621/1635 989/1620/1634 1024/1697/1630
f 991/1622/1636 990/1621/1635 1024/1697/1630
f 992/1623/1637 991/1622/1636 1024/1697/1630
f 993/1624/1638 992/1623/1637 1024/1697/1630
f 994/1625/1639 993/1624/1638 1024/1697/1630
f 995/1626/1640 994/1625/1639 1024/1697/1630
f 996/1627/1641 995/1626/1640 1024/1697/1630
f 997/1628/1642 996/1627/1641 1024/1697/1630
f 998/1629/1643 997/1628/1642 1024/1697/1630
f 999/1630/1644 998/1629/1643 1024/1697/1630
f 1000/1631/1645 999/1630/1644 1024/1697/1630
f 1001/1632/1646 1000/1631/1645 1024/1697/1630
f 1002/1633/1647 1001/1632/1646 1024/1697/1630
f 1003/1634/1648 1002/1633/1647 1024/1697/1630
f 984/1615/1629 1003/1634/1648 1024/1697/1630
s 3
f 1004/1695/1649 1005/1694/1650 1025/1698/1651
f 1005/1694/1650 1006/1693/1652 1025/1698/1651
f 1006/1693/1652 1007/1692/1653 1025/1698/1651
f 1007/1692/1653 1008/1691/1654 1025/1698/1651
f 1008/1691/1654 1009/1690/1655 1025/1698/1651
f 1009/1690/1655 1010/1689/1656 1025/1698/1651
f 1010/1689/1656 1011/1688/1657 1025/1698/1651
f 1011/1688/1657 1012/1687/1658 1025/1698/1651
f 1012/1687/1658 1013/1686/1659 1025/1698/1651
f 1013/1686/1659 1014/1685/1660 1025/1698/1651
f 1014/1685/1660 1015/1684/1661 1025/1698/1651
f 1015/1684/1661 1016/1683/1662 1025/1698/1651
f 1016/1683/1662 1017/1682/1663 1025/1698/1651
f 1017/1682/1663 1018/1681/1664 1025/1698/1651
f 1018/1681/1664 1019/1680/1665 1025/1698/1651
f 1019/1680/1665 1020/1679/1666 1025/1698/1651
f 1020/1679/1666 1021/1678/1667 1025/1698/1651
f 1021/1678/1667 1022/1677/1668 1025/1698/1651
f 1022/1677/1668 1023/1696/1669 1025/1698/1651
f 1023/1696/1669 1004/1695/1649 1025/1698/1651
g default
v 1.169247 6.419635 -0.381052
v 1.166599 6.419635 -0.386250
v 1.162474 6.419635 -0.390375
v 1.157276 6.419635 -0.393023
v 1.151514 6.419635 -0.393936
v 1.145753 6.419635 -0.393023
v 1.140555 6.419635 -0.390375
v 1.136430 6.419635 -0.386250
v 1.133781 6.419635 -0.381052
v 1.132869 6.419635 -0.375291
v 1.133781 6.419635 -0.369529
v 1.136430 6.419635 -0.364331
v 1.140555 6.419635 -0.360206
v 1.145753 6.419635 -0.357558
v 1.151514 6.419635 -0.356645
v 1.157276 6.419635 -0.357558
v 1.162474 6.419635 -0.360206
v 1.166599 6.419635 -0.364331
v 1.169247 6.419635 -0.369529
v 1.170160 6.419635 -0.375291
v 1.169247 6.612832 -0.381052
v 1.166599 6.612832 -0.386250
v 1.162474 6.612832 -0.390375
v 1.157276 6.612832 -0.393023
v 1.151514 6.612832 -0.393936
v 1.145753 6.612832 -0.393023
v 1.140555 6.612832 -0.390375
v 1.136430 6.612832 -0.386250
v 1.133781 6.612832 -0.381052
v 1.132869 6.612832 -0.375291
v 1.133781 6.612832 -0.369529
v 1.136430 6.612832 -0.364331
v 1.140555 6.612832 -0.360206
v 1.145753 6.612832 -0.357558
v 1.151514 6.612832 -0.356645
v 1.157276 6.612832 -0.357558
v 1.162474 6.612832 -0.360206
v 1.166599 6.612832 -0.364331
v 1.169247 6.612832 -0.369529
v 1.170160 6.612832 -0.375291
v 1.151514 6.419635 -0.375291
v 1.151514 6.612832 -0.375291
vt 0.648603 0.107966
vt 0.626409 0.064408
vt 0.591842 0.029841
vt 0.548284 0.007647
vt 0.500000 -0.000000
vt 0.451716 0.007647
vt 0.408159 0.029841
vt 0.373591 0.064409
vt 0.351397 0.107966
vt 0.343750 0.156250
vt 0.351397 0.204534
vt 0.373591 0.248091
vt 0.408159 0.282659
vt 0.451716 0.304853
vt 0.500000 0.312500
vt 0.548284 0.304853
vt 0.591841 0.282659
vt 0.626409 0.248091
vt 0.648603 0.204534
vt 0.656250 0.156250
vt 0.375000 0.312500
vt 0.387500 0.312500
vt 0.400000 0.312500
vt 0.412500 0.312500
vt 0.425000 0.312500
vt 0.437500 0.312500
vt 0.450000 0.312500
vt 0.462500 0.312500
vt 0.475000 0.312500
vt 0.487500 0.312500
vt 0.500000 0.312500
vt 0.512500 0.312500
vt 0.525000 0.312500
vt 0.537500 0.312500
vt 0.550000 0.312500
vt 0.562500 0.312500
vt 0.575000 0.312500
vt 0.587500 0.312500
vt 0.600000 0.312500
vt 0.612500 0.312500
vt 0.625000 0.312500
vt 0.375000 0.687500
vt 0.387500 0.687500
vt 0.400000 0.687500
vt 0.412500 0.687500
vt 0.425000 0.687500
vt 0.437500 0.687500
vt 0.450000 0.687500
vt 0.462500 0.687500
vt 0.475000 0.687500
vt 0.487500 0.687500
vt 0.500000 0.687500
vt 0.512500 0.687500
vt 0.525000 0.687500
vt 0.537500 0.687500
vt 0.550000 0.687500
vt 0.562500 0.687500
vt 0.575000 0.687500
vt 0.587500 0.687500
vt 0.600000 0.687500
vt 0.612500 0.687500
vt 0.625000 0.687500
vt 0.648603 0.795466
vt 0.626409 0.751908
vt 0.591842 0.717341
vt 0.548284 0.695147
vt 0.500000 0.687500
vt 0.451716 0.695147
vt 0.408159 0.717341
vt 0.373591 0.751909
vt 0.351397 0.795466
vt 0.343750 0.843750
vt 0.351397 0.892034
vt 0.373591 0.935591
vt 0.408159 0.970159
vt 0.451716 0.992353
vt 0.500000 1.000000
vt 0.548284 0.992353
vt 0.591841 0.970159
vt 0.626409 0.935591
vt 0.648603 0.892034
vt 0.656250 0.843750
vt 0.500000 0.156250
vt 0.500000 0.843750
vn 0.951057 0.000000 -0.309016
vn 0.809017 0.000000 -0.587785
vn 0.809017 0.000000 -0.587785
vn 0.951057 0.000000 -0.309016
vn 0.587785 0.000000 -0.809017
vn 0.587785 0.000000 -0.809017
vn 0.309017 0.000000 -0.951057
vn 0.309017 0.000000 -0.951057
vn -0.000000 0.000000 -1.000000
vn -0.000000 0.000000 -1.000000
vn -0.309017 0.000000 -0.951056
vn -0.309017 0.000000 -0.951056
vn -0.587785 0.000000 -0.809017
vn -0.587785 0.000000 -0.809017
vn -0.809017 0.000000 -0.587785
vn -0.809017 0.000000 -0.587785
vn -0.951057 0.000000 -0.309017
vn -0.951057 0.000000 -0.309017
vn -1.000000 0.000000 0.000000
vn -1.000000 0.000000 0.000000
vn -0.951056 0.000000 0.309017
vn -0.951056 0.000000 0.309017
vn -0.809017 0.000000 0.587785
vn -0.809017 0.000000 0.587785
vn -0.587785 0.000000 0.809017
vn -0.587785 0.000000 0.809017
vn -0.309017 0.000000 0.951057
vn -0.309017 0.000000 0.951057
vn 0.000000 0.000000 1.000000
vn 0.000000 0.000000 1.000000
vn 0.309017 0.000000 0.951056
vn 0.309017 0.000000 0.951056
vn 0.587785 0.000000 0.809017
vn 0.587785 0.000000 0.809017
vn 0.809017 0.000000 0.587785
vn 0.809017 0.000000 0.587785
vn 0.951057 0.000000 0.309017
vn 0.951057 0.000000 0.309017
vn 1.000000 0.000000 0.000001
vn 1.000000 0.000000 0.000001
vn 0.000000 -1.000000 0.000000
vn 0.000000 -1.000000 0.000000
vn 0.000000 -1.000000 0.000000
vn 0.000000 -1.000000 0.000000
vn 0.000000 -1.000000 0.000000
vn 0.000000 -1.000000 0.000000
vn 0.000000 -1.000000 0.000000
vn 0.000000 -1.000000 0.000000
vn 0.000000 -1.000000 0.000000
vn 0.000000 -1.000000 0.000000
vn 0.000000 -1.000000 0.000000
vn 0.000000 -1.000000 0.000000
vn 0.000000 -1.000000 0.000000
vn 0.000000 -1.000000 0.000000
vn 0.000000 -1.000000 0.000000
vn 0.000000 -1.000000 0.000000
vn 0.000000 -1.000000 0.000000
vn 0.000000 -1.000000 0.000000
vn 0.000000 -1.000000 0.000000
vn 0.000000 -1.000000 0.000000
vn 0.000000 -1.000000 0.000000
vn 0.000000 1.000000 0.000000
vn 0.000000 1.000000 0.000000
vn 0.000000 1.000000 0.000000
vn 0.000000 1.000000 0.000000
vn 0.000000 1.000000 0.000000
vn 0.000000 1.000000 0.000000
vn 0.000000 1.000000 0.000000
vn 0.000000 1.000000 0.000000
vn 0.000000 1.000000 0.000000
vn 0.000000 1.000000 0.000000
vn 0.000000 1.000000 0.000000
vn 0.000000 1.000000 0.000000
vn 0.000000 1.000000 0.000000
vn 0.000000 1.000000 0.000000
vn 0.000000 1.000000 0.000000
vn 0.000000 1.000000 0.000000
vn 0.000000 1.000000 0.000000
vn 0.000000 1.000000 0.000000
vn 0.000000 1.000000 0.000000
vn 0.000000 1.000000 0.000000
vn 0.000000 1.000000 0.000000
s 1
g lighthouse1 pCylinder15
usemtl initialShadingGroup
f 1026/1719/1670 1027/1720/1671 1047/1741/1672 1046/1740/1673
f 1027/1720/1671 1028/1721/1674 1048/1742/1675 1047/1741/1672
f 1028/1721/1674 1029/1722/1676 1049/1743/1677 1048/1742/1675
f 1029/1722/1676 1030/1723/1678 1050/1744/1679 1049/1743/1677
f 1030/1723/1678 1031/1724/1680 1051/1745/1681 1050/1744/1679
f 1031/1724/1680 1032/1725/1682 1052/1746/1683 1051/1745/1681
f 1032/1725/1682 1033/1726/1684 1053/1747/1685 1052/1746/1683
f 1033/1726/1684 1034/1727/1686 1054/1748/1687 1053/1747/1685
f 1034/1727/1686 1035/1728/1688 1055/1749/1689 1054/1748/1687
f 1035/1728/1688 1036/1729/1690 1056/1750/1691 1055/1749/1689
f 1036/1729/1690 1037/1730/1692 1057/1751/1693 1056/1750/1691
f 1037/1730/1692 1038/1731/1694 1058/1752/1695 1057/1751/1693
f 1038/1731/1694 1039/1732/1696 1059/1753/1697 1058/1752/1695
f 1039/1732/1696 1040/1733/1698 1060/1754/1699 1059/1753/1697
f 1040/1733/1698 1041/1734/1700 1061/1755/1701 1060/1754/1699
f 1041/1734/1700 1042/1735/1702 1062/1756/1703 1061/1755/1701
f 1042/1735/1702 1043/1736/1704 1063/1757/1705 1062/1756/1703
f 1043/1736/1704 1044/1737/1706 1064/1758/1707 1063/1757/1705
f 1044/1737/1706 1045/1738/1708 1065/1759/1709 1064/1758/1707
f 1045/1738/1708 1026/1739/1670 1046/1760/1673 1065/1759/1709
s 2
f 1027/1700/1710 1026/1699/1711 1066/1781/1712
f 1028/1701/1713 1027/1700/1710 1066/1781/1712
f 1029/1702/1714 1028/1701/1713 1066/1781/1712
f 1030/1703/1715 1029/1702/1714 1066/1781/1712
f 1031/1704/1716 1030/1703/1715 1066/1781/1712
f 1032/1705/1717 1031/1704/1716 1066/1781/1712
f 1033/1706/1718 1032/1705/1717 1066/1781/1712
f 1034/1707/1719 1033/1706/1718 1066/1781/1712
f 1035/1708/1720 1034/1707/1719 1066/1781/1712
f 1036/1709/1721 1035/1708/1720 1066/1781/1712
f 1037/1710/1722 1036/1709/1721 1066/1781/1712
f 1038/1711/1723 1037/1710/1722 1066/1781/1712
f 1039/1712/1724 1038/1711/1723 1066/1781/1712
f 1040/1713/1725 1039/1712/1724 1066/1781/1712
f 1041/1714/1726 1040/1713/1725 1066/1781/1712
f 1042/1715/1727 1041/1714/1726 1066/1781/1712
f 1043/1716/1728 1042/1715/1727 1066/1781/1712
f 1044/1717/1729 1043/1716/1728 1066/1781/1712
f 1045/1718/1730 1044/1717/1729 1066/1781/1712
f 1026/1699/1711 1045/1718/1730 1066/1781/1712
s 3
f 1046/1779/1731 1047/1778/1732 1067/1782/1733
f 1047/1778/1732 1048/1777/1734 1067/1782/1733
f 1048/1777/1734 1049/1776/1735 1067/1782/1733
f 1049/1776/1735 1050/1775/1736 1067/1782/1733
f 1050/1775/1736 1051/1774/1737 1067/1782/1733
f 1051/1774/1737 1052/1773/1738 1067/1782/1733
f 1052/1773/1738 1053/1772/1739 1067/1782/1733
f 1053/1772/1739 1054/1771/1740 1067/1782/1733
f 1054/1771/1740 1055/1770/1741 1067/1782/1733
f 1055/1770/1741 1056/1769/1742 1067/1782/1733
f 1056/1769/1742 1057/1768/1743 1067/1782/1733
f 1057/1768/1743 1058/1767/1744 1067/1782/1733
f 1058/1767/1744 1059/1766/1745 1067/1782/1733
f 1059/1766/1745 1060/1765/1746 1067/1782/1733
f 1060/1765/1746 1061/1764/1747 1067/1782/1733
f 1061/1764/1747 1062/1763/1748 1067/1782/1733
f 1062/1763/1748 1063/1762/1749 1067/1782/1733
f 1063/1762/1749 1064/1761/1750 1067/1782/1733
f 1064/1761/1750 1065/1780/1751 1067/1782/1733
f 1065/1780/1751 1046/1779/1731 1067/1782/1733
